video_id,title,channel,published_at,published_year,published_month,keyword,category,dimension
V8PcxW6_kA8,HUT ke-81 Mahkamah Agung | Sambutan dan Pesan YM Ketua MA,Humas Mahkamah Agung RI,2026-08-19T02:00:52Z,2026,8,putusan Mahkamah Agung,institusional,putusan_kontroversial
tiqKhPNDOwM,Nasib Praperadilan dr Tifa &amp; Aturan Baru SEMA Mahkamah Agung | FULL INTERUPSI | 21/08,SINDOnews,2026-08-22T13:00:31Z,2026,8,putusan Mahkamah Agung,institusional,putusan_kontroversial
8tDYskVLBo4,Kasus Gratifikasi MA: Nurhadi Divonis 5 Tahun Penjara - [Top News],METRO TV ,2026-04-01T14:04:04Z,2026,4,putusan Mahkamah Agung,institusional,putusan_kontroversial
5nF7_IxsqQc,KETUA MA TEGASKAN: PUTUSAN BEBAS TAK BISA DIBANDING &amp; DIKASASI!,Media Indonesia,2026-08-21T00:36:39Z,2026,8,putusan Mahkamah Agung,institusional,putusan_kontroversial
7ACZQcnIiPg,Aturan Baru MA Stop Perlawanan Tifa | AKIM,tvOneNews ,2026-08-22T14:04:27Z,2026,8,putusan Mahkamah Agung,institusional,putusan_kontroversial
CozO2JvXQ_8,Mahkamah Agung Respons Ralat Rekomendasi Komisi Yudisial soal Dugaan Pelanggaran Etik Hakim,KOMPASTV ACEH,2026-08-06T09:30:31Z,2026,8,putusan Mahkamah Agung,institusional,putusan_kontroversial
dP2wbHrdhvI,Sejarah Baru! Sudharmawatiningsih Jadi Perempuan Pertama Panitera Mahkamah Agung - MA NEWS,KOMPASTV,2026-04-02T03:45:13Z,2026,4,putusan Mahkamah Agung,institusional,putusan_kontroversial
nMJfcVR1co0,Analisis Putusan Mahkamah Agung No. 904 K/PDT.SUS/2009 dalam Perspektif Hukum Perdata Internasional,NAUFAL DZAKI,2026-05-31T21:28:59Z,2026,5,putusan Mahkamah Agung,institusional,putusan_kontroversial
-RmtSmVkrkI,VONIS TOK! Eks Sekretaris MA Nurhadi Dihukum 5 Tahun Penjara &amp; Bayar Rp123 Miliar!,GARUDA TV,2026-04-01T23:11:13Z,2026,4,vonis MA,institusional,putusan_kontroversial
DzLcuSrJhBE,"Putusan MA, Maia ceraikan Ahmad Dhani karena selingkuh dengan Mulan",KucingPintar,2026-05-01T03:15:48Z,2026,5,vonis MA,institusional,putusan_kontroversial
Wm7sGtsS0Ec,Putusan MA Kasus Pajak:  Bukti adalah Segalanya (Tolak),Analisis Putusan,2026-07-02T04:31:39Z,2026,7,vonis MA,institusional,putusan_kontroversial
vMoF6Z5Yqb4,ANALISIS PUTUSAN DESAIN INDUSTRI: KASUS KACA HELM vs NOVELTY | Putusan MA No.50 K/Pdt.Sus-HKI/2025,Nabila Indi,2026-04-29T18:46:47Z,2026,4,vonis MA,institusional,putusan_kontroversial
XX8vdvpwax0,"RAZMAN Tak Bisa Lagi Melawan, MA Tolak Kasasi, Kini Jalani Vonis 1,5 Tahun Penjara.",realita hari ini,2026-05-20T00:58:09Z,2026,5,vonis MA,institusional,putusan_kontroversial
iOfQb7cVnik,"Putusan Sudah Inkrah! MA Sudah Putus NCD Tak Sah, Unibank Sudah Pernah Digugat",Inilahcom,2026-05-28T01:59:50Z,2026,5,vonis MA,institusional,putusan_kontroversial
qe3OdpRx8yY,"FULL PANAS! Jaksa Sebut Nota Perlawanan Dokter Tifa Cacat Logika, Putusan MA Mutlak",Lintas iNews MNCTV,2026-07-17T07:16:57Z,2026,7,vonis MA,institusional,putusan_kontroversial
FtuFCgquJEA,"MA Tolak PK Tamron dalam Kasus Korupsi Timah, Tetap Vonis 18 Tahun Penjara  #hukum #berita #korupsi",Meja Hijau,2026-08-07T05:00:02Z,2026,8,vonis MA,institusional,putusan_kontroversial
YgdF-vlY3e8,"TERKUAK! KASUS HAK CIPTA GEN HALILINTAR SUDAH PUTUSAN MA, APAKAH AKAN BAYAR GANTI RUGI? | THROW BACK",STARPRO Indonesia,2026-04-08T14:30:33Z,2026,4,vonis MA,institusional,putusan_kontroversial
YuvQzefLqfQ,Analisis Putusan MA No. 1050 K/Pid/2016: Tindak Pidana Pemalsuan Surat Ahli Waris,hasanah nur alyah,2026-06-22T13:13:59Z,2026,6,vonis MA,institusional,putusan_kontroversial
Bdf11ypODJA,"Kasasi Perkuat Vonis 1,5 Tahun Penjara, Razman Nasution: Saya Menerima Putusan MA #matalokal",Mata Lokal,2026-05-28T00:29:59Z,2026,5,vonis MA,institusional,putusan_kontroversial
D-6WODxTIn8,Analisis Yuridis Tindak Pidana Pemalsuan Surat (Studi Putusan MA No. 811 K/Pid/2015) || UAS TIPITER,Radika Mulia,2026-06-21T09:53:23Z,2026,6,vonis MA,institusional,putusan_kontroversial
5QjPy2tT1LM,"Prabowo: 96,74% Perkara MA Selesai Kurang dari 3 Bulan",ARTILERI,2026-09-02T11:04:32Z,2026,9,vonis MA,institusional,putusan_kontroversial
KvWkK7Go_Dk,Mahkamah Agung Terbitkan SEMA Nomor 2 Tahun 2026 sebagai Pedoman Kasasi Pidana | MA NEWS,KOMPASTV,2026-07-18T02:24:10Z,2026,7,kasasi MA,institusional,putusan_kontroversial
xslocxo-MnY,"Kasasi Ditolak MA, Razman Nasution Tetap Dihukum 1,5 Tahun Penjara di Kasus Hotman Paris",Official iNews,2026-05-19T13:39:33Z,2026,5,kasasi MA,institusional,putusan_kontroversial
rZgoy2o-3IE,Fitri Salhuteru Sindir Nikita Mirzani Soal Surat Terbuka Usai Kasasi Ditolak Mahkamah Agung,Tribunnews,2026-03-16T14:30:43Z,2026,3,kasasi MA,institusional,putusan_kontroversial
t-iZMbt3CPE,"Kasasi Ditolak MA, Razman Nasution Langsung Minta Maaf usai Bikin Gaduh Sidang | iNews Terkini",Official iNews,2026-05-27T13:13:11Z,2026,5,kasasi MA,institusional,putusan_kontroversial
GyDqSlr59po,"BREAKING NEWS! Kasasi Ditolak Pihak MA, Ini Reaksi Razman Arif Nasution",Cumicumi,2026-05-21T15:21:23Z,2026,5,kasasi MA,institusional,putusan_kontroversial
ojDRd7RXuQw,Mahkamah Agung Gelar Sosialisasi SEMA Nomor 2 Tahun 2026 Soal Pedoman Kasasi | MA NEWS,KOMPASTV,2026-08-23T16:49:03Z,2026,8,kasasi MA,institusional,putusan_kontroversial
UZr3SfC7Z_E,"BREAKING NEWS! Kasasi di Tolak Pihak MA, &amp; Razman Minta Maaf Kepada Ketua MA",Cumicumi,2026-05-27T10:38:13Z,2026,5,kasasi MA,institusional,putusan_kontroversial
F3Ij1MmY2_8,"Kasasi Ditolak MA, Razman Tetap Dipenjara 1,5 Tahun buntut Pencemaran Nama Baik Hotman Paris",HOTMAN PARIS Fans,2026-05-20T15:18:45Z,2026,5,kasasi MA,institusional,putusan_kontroversial
xp_DUxgVOYg,"Kasasi Ditolak MA, Roys Suryo Langsung Punya Kesempatan Menyerang Minta Razman Segera Dipenjara!!",iNews Jateng,2026-05-21T08:52:55Z,2026,5,kasasi MA,institusional,putusan_kontroversial
ygzU0NmrGp8,"5 Fakta Kasasi Razman Ditolak MA: Hotman Desak Bui, Farhat Abbas Beri Sorotan Tajam! | CUMI TOP V",Cumicumi,2026-05-23T03:30:23Z,2026,5,kasasi MA,institusional,putusan_kontroversial
EZpI938z75w,"Sempat Kecewa Kasasi Ditolak, Nikita Mirzani Kembali Optimis Bisa Bebas dari Kasus Pemerasan",Tribun Sulbar Official,2026-04-01T03:51:35Z,2026,4,kasasi MA,institusional,putusan_kontroversial
yadCh8d3jeE,KASASI RAZMAN DITOLAK MA! AGS LANGSUNG MENYERANG:  KREDIBILITAS PEMBELA JOKOWI RUNTUH?,Orasi Kritis,2026-05-19T12:40:00Z,2026,5,kasasi MA,institusional,putusan_kontroversial
WfsQe6aqVNg,🔴LIVE LANGKAH HUKUM RAZMAN SETELAH KASASI DITOLAK MAHKAMAH AGUNG | 27/05,Official iNews,2026-05-27T10:03:25Z,2026,5,kasasi MA,institusional,putusan_kontroversial
E6JobRVU0e8,"Kasasi Nikita Mirzani Ditolak MA, Manajer Singgung Upaya PK",Tribun Sorong,2026-04-16T02:45:04Z,2026,4,kasasi MA,institusional,putusan_kontroversial
a2kkvBCCn4A,"GEGER! Kasasi Ditolak MA, Razman Belum Menyerah dan Siap Ajukan Peninjauan Kembali",Trijaya FM,2026-05-27T13:53:41Z,2026,5,peninjauan kembali MA,institusional,putusan_kontroversial
l-2KJNAHT4I,Audi et Alteram Partem &amp; Hubungan KY-MA dalam Pengawasan Hakim,Binziad Kadafi,2026-03-29T00:11:18Z,2026,3,peninjauan kembali MA,institusional,putusan_kontroversial
9Sg38-mvWB4,"Nikita Mirzani Ajukan PK, Berkas Sudah Sampai MA dan Majelis Hakim Telah Ditunjuk",Pos Belitung,2026-08-29T00:00:27Z,2026,8,peninjauan kembali MA,institusional,putusan_kontroversial
x1G0fgPUCgc,Geger❗ Rieke Diah Pitaloka Minta MA Uji Ulang Kasus Nikita Mirzani❓ #reaction #nikitamirzani #viral,FKR PROJECT - Fadly Kamal Rasad,2026-09-07T02:00:15Z,2026,9,peninjauan kembali MA,institusional,putusan_kontroversial
HsI5QOBKs1o,"Rekonvensi Reza Gladys Digugurkan, Bagaimana Nasib PK Nikita Mirzani di MA?",PINKY KIKIM,2026-08-31T08:08:24Z,2026,8,peninjauan kembali MA,institusional,putusan_kontroversial
knAirFhbbZg,"Kasasi Ditolak, Artis Nikita Mirzani Tetap Dihukum 6 Tahun Penjara",kabarikaid,2026-03-14T16:06:52Z,2026,3,peninjauan kembali MA,institusional,putusan_kontroversial
0c_QIkcoaRg,Pembatasan Perkara di MA,Binziad Kadafi,2026-03-27T14:22:19Z,2026,3,peninjauan kembali MA,institusional,putusan_kontroversial
i29j3s6ujRA,KASASI DITOLAK MA! NIKITA MIRZANI DIDORONG SEGERA AJUKAN PK! ⚖️🎬,The Extra Row,2026-05-05T15:01:14Z,2026,5,peninjauan kembali MA,institusional,putusan_kontroversial
i2XZYQ1rp7Q,"Kuasa Hukum Kaget Isu Nikita Mirzani Bebas Agustus 2026, Tegaskan Masih Tunggu Putusan PK MA",TRIBUNWOW OFFICIAL,2026-07-29T01:19:04Z,2026,7,peninjauan kembali MA,institusional,putusan_kontroversial
FOqA-ImyMWQ,novum baru jadi dasar bebas murni di PK MA? #pencuriansaham,Arron Constantin,2026-09-05T10:38:29Z,2026,9,peninjauan kembali MA,institusional,putusan_kontroversial
4lsnEA--NSc,"Duga Nikita Mirzani Suap Hakim Rp4 Miliar, Reza Gladys Sambangi MA, Minta Perlindungan soal PK",Sriwijaya Post,2026-07-02T07:08:40Z,2026,7,peninjauan kembali MA,institusional,putusan_kontroversial
pRuNUdA99zU,Bongkar Mafia Peradilan? DPR RI Turun Tangan Kawal Kasus Putusan Janggal Hakim MA!,Buzzline ID,2026-06-25T11:13:48Z,2026,6,mafia peradilan,institusional,integritas_korupsi
zzCz6QkVLzc,"MAHKAMAH AGUNG DITUDING RUSAK HARAPAN BANGSA, KETERLALUAN!",MARETDUATUJUH,2026-08-23T07:51:22Z,2026,8,direktori putusan MA,institusional,layanan_digital_ux
FGBB2KTnl5w,"SPECIAL INTERVIEW: Akhirnya Mahkamah Agung Turun Tangan, Seluruh Prapid Roy &amp; Tifa Berakhir Sia-Sia",Cumicumi,2026-08-21T04:58:41Z,2026,8,direktori putusan MA,institusional,layanan_digital_ux
q_NDTCWIZj8,Tata Cara Pengunduhan Salinan Putusan/Penetapan Melalui e-Court,PA Tanjungpinang,2026-04-15T15:42:15Z,2026,4,tutorial e-court Indonesia,tutorial_website,layanan_digital_ux
RHrKKpeda80,"Panduan Lengkap Penggunaan E-Court untuk Pemula | Daftar, Bayar, &amp; Sidang Online",Pengadilan Negeri Sidoarjo Kelas 1A Khusus,2026-03-30T04:50:39Z,2026,3,tutorial e-court Indonesia,tutorial_website,layanan_digital_ux
Vhcyol20wqA,Tata Cara Pengambilan Salinan Putusan dan Penetapan Melalui e-Court,Pengadilan Agama Sengeti Official,2026-04-17T13:42:17Z,2026,4,tutorial e-court Indonesia,tutorial_website,layanan_digital_ux
dDjUkjRzugA,ALUR PENDAFTARAN PERKARA PERDATA MELALUI E-COURT (NON ADVOKAT),pengadilan negeri prabumulih,2026-04-07T04:15:36Z,2026,4,tutorial e-court Indonesia,tutorial_website,layanan_digital_ux
1sr3zwAiOUM,Alur Pengajuan Gugatan Sederhana Melalui e-Court,Pengadilan Negeri Sidoarjo Kelas 1A Khusus,2026-03-16T07:27:26Z,2026,3,tutorial e-court Indonesia,tutorial_website,layanan_digital_ux
BMdZMCEvv3U,Panduan Upload Bukti Persidangan Pada e-Court Mahkamah Agung RI | Pengadilan Negeri Jakarta Selatan,PN JAKARTA SELATAN,2026-07-31T04:00:06Z,2026,7,tutorial e-court Indonesia,tutorial_website,layanan_digital_ux
LveFyx4I6Qc,PA MTP : Video Edukasi Digital – Cara Mengunduh Putusan atau Penetapan melalui e-Court,Pengadilan Agama Martapura Kelas IA,2026-08-21T07:24:07Z,2026,8,tutorial e-court Indonesia,tutorial_website,layanan_digital_ux
qBhY1HAEQWs,Panduan Praktis Penggunaan e-Court dalam Layanan Pengadilan Negeri Malang | Micro Learning Latsar,Pengadilan Negeri Malang,2026-03-13T02:56:12Z,2026,3,tutorial e-court Indonesia,tutorial_website,layanan_digital_ux
TtkP9p4Boc0,Tutorial Penggunaan &amp; Pengaplikasian Aplikasi e-Court Mahkamah Agung RI di Pengadilan Agama Masohi,PA Masohi,2026-07-02T02:10:25Z,2026,7,tutorial e-court Indonesia,tutorial_website,layanan_digital_ux
ou9lFAAAiis,Cara bikin akun ecourt supaya bisa daftar gugatan online,Pengacara Santuy Official,2026-06-08T08:43:14Z,2026,6,tutorial e-court Indonesia,tutorial_website,layanan_digital_ux
RIW1b-jehvI,TUTORIAL PENDAFTARAN UPAYA HUKUM KASASI E-COURT,God Father,2026-05-03T00:28:04Z,2026,5,tutorial e-court Indonesia,tutorial_website,layanan_digital_ux
v8SajCYi2qI,TUTORIAL PENDAFTARAN PERKARA PERDATA PERMOHONAN MELALUI ECOURT,Pengadilan Negeri Ngawi,2026-03-25T07:31:09Z,2026,3,tutorial e-court Indonesia,tutorial_website,layanan_digital_ux
53VAh1HUu-4,PANDUAN MUDAH MENGUNDUH SALINAN PUTUSAN MELALUI E-COURT PADA PENGADILAN AGAMA SANGGAU,PA Sanggau (Official),2026-03-28T13:21:00Z,2026,3,tutorial e-court Indonesia,tutorial_website,layanan_digital_ux
Txbm_4Z5qy8,Tutorial Pendaftaran Gugatan dan Permohonan Melalui E-Court,Pengadilan Negeri Kab Kediri Kelas IA,2026-03-27T15:07:00Z,2026,3,cara daftar e-court,tutorial_website,layanan_digital_ux
twCsqxwGst0,Tutorial Alur Pendaftaran Perkara e-Court Mahkamah Agung RI,Pengadilan Agama Kota Madiun,2026-03-16T06:34:55Z,2026,3,cara daftar e-court,tutorial_website,layanan_digital_ux
I2spTnOb4U0,DOKUMEN WAJIB UNTUK PENDAFTARAN GUGATAN VIA E-COURT MAHKAMAH AGUNG,Pengadilan Tata Usaha Negara Serang,2026-06-05T02:45:05Z,2026,6,cara daftar e-court,tutorial_website,layanan_digital_ux
u6Cx-f6WPn0,E-Court Pendaftaran Perkara,Belajar Hukum,2026-08-14T13:58:29Z,2026,8,cara daftar e-court,tutorial_website,layanan_digital_ux
o5oarbeycGM,Tutorial Scan Barcode SIPP Web,Pengadilan Agama Ngawi,2026-04-10T08:58:51Z,2026,4,tutorial SIPP pengadilan,tutorial_website,layanan_digital_ux
CiFdsCJBrNs,Tutorial Update Profil Aplikasi Sipp,DIGITALBELAJARDOTCOM,2026-07-21T09:34:30Z,2026,7,cara pakai aplikasi SIPP,tutorial_website,layanan_digital_ux
-hwrJLT3fBA,Perawat Wajib Tahu! Begini Cara Mudah Ajukan SIPP di Penajam Paser Utara,DPMPTSP KAB. Penajam Paser Utara,2026-06-22T00:22:51Z,2026,6,cara pakai aplikasi SIPP,tutorial_website,layanan_digital_ux
4phBnx_97Sc,Tutorial Daftar Akun SIPP BPJS KETENAGAKERJAAN,Riza Ketenagakerjaan111,2026-06-08T10:15:10Z,2026,6,cara pakai aplikasi SIPP,tutorial_website,layanan_digital_ux
PmZyGjOEhZI,Inovasi SIPASTI (Sistem Digitalisasi Penginputan Data Saksi Terintegrasi SIPP),PA Banjarbaru TV,2026-03-17T01:14:24Z,2026,3,cara pakai aplikasi SIPP,tutorial_website,layanan_digital_ux
Op8O6JBblbE,"Hakim Mahkamah Agung Terjerat OTT KPK Kasus Dugaan Suap, Diduga Terima Uang Sebesar Rp 800 Juta",Tribunnews,2022-09-23T14:06:00Z,2022,9,suap Mahkamah Agung,institusional,integritas_korupsi
LKdND6KMoiw,KPK OTT Hakim Agung Mahkamah Agung terkait Korupsi dan Suap Pungutan Penanganan Perkara,Tribunnews,2022-09-22T14:30:05Z,2022,9,suap Mahkamah Agung,institusional,integritas_korupsi
bQk3a3Bac9w,Kronologi Kasus Dugaan Suap di Mahkamah Agung #iNewsRoom 23/09,Official iNews,2022-09-23T14:05:37Z,2022,9,suap Mahkamah Agung,institusional,integritas_korupsi
N8-M-Abxkns,"KPK OTT Hakim Agung soal Pengurusan Perkara di Mahkamah Agung: Menyedihkan, Keadilan Ditukar Uang",Tribunnews,2022-09-22T13:27:21Z,2022,9,suap Mahkamah Agung,institusional,integritas_korupsi
r2wEMHxy0N8,🔴 Brankas Unik Berisi Uang Korupsi Suap Mahkamah Agung Disita KPK,Tribun Pontianak,2022-09-23T13:51:17Z,2022,9,suap Mahkamah Agung,institusional,integritas_korupsi
Ebq0ohoqrLI,BREAKING NEWS - OTT KPK Terkait Kasus Dugaan Suap di Mahkamah Agung,KOMPASTV,2022-09-22T20:56:18Z,2022,9,suap Mahkamah Agung,institusional,integritas_korupsi
iMEQO3zDkkg,Ketua Mahkamah Agung Sedih Dua Hakimnya Terjerat Kasus Dugaan Suap - ROSI,KOMPASTV,2022-11-21T11:09:35Z,2022,11,suap Mahkamah Agung,institusional,integritas_korupsi
jAY-BDtCxo8,[FULL] Kronologi OTT KPK Kasus Suap hingga Hakim Agung MA Ditetapkan Tersangka,MerdekaDotCom,2022-09-23T07:40:43Z,2022,9,suap Mahkamah Agung,institusional,integritas_korupsi
R7h2ocVYBDI,🔴 LIVE  - 6 Orang Ditahan KPK Terkait Dugaan Suap di Mahkamah Agung,Kompas.com,2022-09-22T22:11:42Z,2022,9,suap Mahkamah Agung,institusional,integritas_korupsi
WPYdYQew87o,"KPK Ungkap 10 Nama Tersangka dalam Kasus Suap di Mahkamah Agung, Berikut Selengkapnya!",KOMPASTV BENGKULU,2022-09-23T01:39:04Z,2022,9,suap Mahkamah Agung,institusional,integritas_korupsi
0Ej_E_S94pk,KPK Tahan 6 Tersangka Suap Mahkamah Agung | Liputan6,Liputan6,2022-09-23T04:29:02Z,2022,9,suap Mahkamah Agung,institusional,integritas_korupsi
l1s6W3-HS58,KPK OTT Hakim Mahkamah Agung Terkait Dugaan Suap,Harian Kompas,2022-09-22T11:50:48Z,2022,9,suap Mahkamah Agung,institusional,integritas_korupsi
bgt76zCZIyo,"Suap Mahkamah Agung, KPK Tetapkan 10 Tersangka #SeputariNewsPagi 24/09",Seputar iNews RCTI,2022-09-24T01:47:27Z,2022,9,suap Mahkamah Agung,institusional,integritas_korupsi
djhe9K6Xuss,Sinergi MA dan KY Jadi Kunci Berantas Mafia Peradilan,METRO TV ,2022-11-18T02:35:39Z,2022,11,mafia peradilan,institusional,integritas_korupsi
B-bC8z73DCk,Bongkar Mafia Peradilan di Mahkamah Agung - Editorial View,CNN Indonesia,2022-09-26T01:30:16Z,2022,9,mafia peradilan,institusional,integritas_korupsi
Od1xrharbl0,"Korupsi MA, Mahfud Sebut Aparat Penegak Hukum Sarang Mafia",Harian Kompas,2022-09-23T07:00:12Z,2022,9,mafia peradilan,institusional,integritas_korupsi
pNuOzvfIeBs,"Mahfud MD Bicara Soal Mafia Hukum, Saat Ditanya Soal OTT KPK di Mahkamah Agung",KOMPASTV,2022-09-23T02:25:55Z,2022,9,mafia peradilan,institusional,integritas_korupsi
tMhBzWMI89s,58 Hakim Mengikuti Pelatihan Kode Etik &amp; Pedoman Perilaku Hakim Bersama Komisi Yudisial - MA NEWS,KOMPASTV,2022-07-21T04:25:15Z,2022,7,kode etik hakim agung,institusional,integritas_korupsi
J0fu4aA0o0k,Membedah Seleksi Ketat Calon Hakim Agung dan AD HOC di MA | Kominfo Newsroom 3/3,Ditjen Komunikasi Publik dan Media,2022-09-05T13:15:02Z,2022,9,kode etik hakim agung,institusional,integritas_korupsi
jKPFjUqL-4I,Kuasa Hukum Kuat Ma’ruf Sebut Hakim Langgar Kode Etik,Harian Kompas,2022-12-09T05:48:39Z,2022,12,kode etik hakim agung,institusional,integritas_korupsi
PaVDdy9YvbA,"KPK Amankan Rp2,2 miliar dalam OTT Hakim Agung MA",Bisniscom,2022-09-23T04:03:15Z,2022,9,OTT hakim agung,institusional,integritas_korupsi
iTbkvt-Ei2E,"KPK OTT Hakim Agung soal Pengurusan Perkara di Mahkamah Agung: Menyedihkan, Keadilan Ditukar Uang",Tribun Banten,2022-09-23T06:28:06Z,2022,9,OTT hakim agung,institusional,integritas_korupsi
p4aoMzijjXg,[Full] Penjelasan Lengkap KPK Tahan Hakim Agung Sudrajad Dimyati Terkait OTT di Mahkamah Agung,KOMPASTV,2022-09-23T11:50:17Z,2022,9,OTT hakim agung,institusional,integritas_korupsi
x-K9BCWmVOA,KPK OTT Hakim Terkait Perkara di MA,CNN Indonesia,2022-09-22T13:36:15Z,2022,9,OTT hakim agung,institusional,integritas_korupsi
EyjqcAfRljE,"Pertama Kalinya Hakim Agung Terjaring OTT di MA, KPK Mengaku Prihatin: Ini Sangat Menyedihkan",Tribunnews,2022-09-23T07:23:10Z,2022,9,OTT hakim agung,institusional,integritas_korupsi
KpUhee8r6dQ,KRONOLOGI KPK OTT HAKIM AGUNG SOAL PENGURUSAN PERKARA DI MAHKAMAH AGUNG,Tribun Jogja Official,2022-09-23T03:30:12Z,2022,9,OTT hakim agung,institusional,integritas_korupsi
Q1jPlBfYuXE,Direktori Putusan Mahkamah Agung Berhasil Kumpulkan 7 Juta Putusan - MA NEWS,KOMPASTV,2022-07-09T03:30:22Z,2022,7,putusan Mahkamah Agung,institusional,putusan_kontroversial
OFvKTMaI9s0,Cari Putusan melalui Direktori Putusan Mahkamah Agung RI,pratama01,2022-05-23T14:57:56Z,2022,5,putusan Mahkamah Agung,institusional,putusan_kontroversial
bm7SfHkmieY,Inilah Cara Mendapatkan Informasi Perkara di Mahkamah Agung,Humas Mahkamah Agung RI,2022-06-15T09:47:07Z,2022,6,putusan Mahkamah Agung,institusional,putusan_kontroversial
UrezU-Zx7yg,Apakah Mahkamah Agung Punya Kewenangan untuk Mengadili Hak Uji Pendapat? - MA NEWS,KOMPASTV,2022-08-05T08:14:55Z,2022,8,putusan Mahkamah Agung,institusional,putusan_kontroversial
qbbPlMeStAU,Aplikasi Direktori Putusan dan Sistem Info Perkara Mahkamah Agung,Pengadilan Negeri Tanah Grogot,2022-11-24T01:19:22Z,2022,11,putusan Mahkamah Agung,institusional,putusan_kontroversial
fHtT1ndYygE,8 Nilai Utama Mahkamah Agung RI,Pengadilan Tinggi Gorontalo - Official,2022-10-18T00:56:24Z,2022,10,putusan Mahkamah Agung,institusional,putusan_kontroversial
jD_IfRsUrE0,Tutorial Pencarian Putusan Pengadilan Agama Sambas  Di Direktori Putusan Mahkamah Agung,Pengadilan Agama Sambas,2022-08-03T19:34:25Z,2022,8,putusan Mahkamah Agung,institusional,putusan_kontroversial
xF7bAN-5Oa0,Ahli Waris Tuntut Pelindo I Melaksanakan Putusan MAHKAMAH AGUNG Atas Lahan Yang Mereka Kuasai,TKP Belawan,2022-07-12T10:02:49Z,2022,7,putusan Mahkamah Agung,institusional,putusan_kontroversial
E550-JMgF44,Mahkamah Agung Hadirkan Inovasi Direktori Putusan Versi Mobile - MA NEWS,KOMPASTV,2022-10-27T07:28:07Z,2022,10,putusan Mahkamah Agung,institusional,putusan_kontroversial
nh6QW3mf4lQ,Putusan Mahkamah Agung R.I. Nomor 67 K/Sip/1975 tanggal 13 Mei 1975,FJP Litigator Learning Center,2022-11-02T10:37:06Z,2022,11,putusan Mahkamah Agung,institusional,putusan_kontroversial
F-GgjwYQsnk,Putusan Mahkamah Agung No. 1357 K/Pid/2015,FJP Litigator Learning Center,2022-10-17T10:40:24Z,2022,10,putusan Mahkamah Agung,institusional,putusan_kontroversial
bZdqtd4J0Yo,Putusan Mahkamah Agung Pada Perkara Permohonan Suntik Mati di Lhokseumawe,Serambinews,2022-08-23T12:18:16Z,2022,8,putusan Mahkamah Agung,institusional,putusan_kontroversial
t_uT4eINO6o,"Masyarakat Indonesia Wajib Tahu! Berikut Tugas, Fungsi Hingga Peran Mahkamah Agung Bagi Negara",KOMPASTV,2022-06-18T07:51:05Z,2022,6,putusan Mahkamah Agung,institusional,putusan_kontroversial
fT6tdA6TkwI,"Vonis Hakim Kasus Binomo Lebih Rendah dari Tuntutan Jaksa, Apa Kata Ketua MA? - ROSI",KOMPASTV,2022-11-21T11:09:09Z,2022,11,vonis MA,institusional,putusan_kontroversial
hxOkZZXndf4,"Pangkas Vonis Edhy Prabowo, ICW: Putusan MA Tak Beralasan!",KOMPASTV,2022-03-11T14:31:55Z,2022,3,vonis MA,institusional,putusan_kontroversial
vLgzfbFh-Iw,MA Sunat Vonis Edhy Prabowo Jadi Lima Tahun Penjara  #iNewsPagi 11/03,Official iNews,2022-03-11T03:14:26Z,2022,3,vonis MA,institusional,putusan_kontroversial
iobp7g_kv-4,"Vonis Dipangkas, MA Nilai Edhy Prabowo Berjasa Cabut Aturan Susi Pudjiastuti",MerdekaDotCom,2022-03-10T02:57:57Z,2022,3,vonis MA,institusional,putusan_kontroversial
HuqSMEUEwiU,"Tranparansi Peradilan, Direktori Putusan MA Berhasil Kumpulkan Lebih dari 7 Juta Putusan - MA NEWS",KOMPASTV,2022-07-14T06:20:51Z,2022,7,vonis MA,institusional,putusan_kontroversial
LJ17FgqOZq8,"MA Sunat Vonis Edhy Prabowo Karena Kerja Baik, Pakar Hukum: Alasan Tak Masuk Akal #iNewsPrime 10/03",Official iNews,2022-03-10T16:37:22Z,2022,3,vonis MA,institusional,putusan_kontroversial
AwZkhr8zgW4,"Bekerja Baik Sebagai Menteri, MA Sunat Vonis Edhy Prabowo Jadi 5 Tahun Penjara #iNewsSore 10/03",Official iNews,2022-03-10T11:19:41Z,2022,3,vonis MA,institusional,putusan_kontroversial
BssDHg29M50,Lagi-lagi MA Potong Vonis Koruptor,METRO TV ,2022-04-08T16:41:04Z,2022,4,vonis MA,institusional,putusan_kontroversial
atnTxUn72i8,Vonis MA Lebih Ringan DIbanding Tuntutan JPU 12 Tahun,KOMPASTV BALIKPAPAN,2022-07-08T06:43:03Z,2022,7,vonis MA,institusional,putusan_kontroversial
wCorP2ctVn8,"MA Capai Putusan Perkara Terbanyak 99,10%",BeritaSatu,2022-02-22T12:03:29Z,2022,2,vonis MA,institusional,putusan_kontroversial
-8HFowNHEFw,Ketua MA Bakal Pidanakan Hakim Agung jika Pangkas Vonis Koruptor,Kompascom Reporter on Location,2022-11-18T10:40:30Z,2022,11,vonis MA,institusional,putusan_kontroversial
47BnRu29dww,Putusan MA Pangkas Hukuman Edhy Prabowo Tuai Kritik,Kompas.com,2022-03-11T11:07:49Z,2022,3,vonis MA,institusional,putusan_kontroversial
yIx48ZW3AJ0,MA Berikan Vonis Selebgram Alnaura 2 Tahun Penjara,Lingkaran. Id,2022-12-10T09:31:42Z,2022,12,vonis MA,institusional,putusan_kontroversial
MD7oadmXDwE,HOAKS! Putusan MA Menyatakan  Pandemi Covid-19 Telah Berakhir,Kompas.com,2022-04-28T01:15:00Z,2022,4,vonis MA,institusional,putusan_kontroversial
3ARAREgQwTY,jangka waktu penaganan perkara Kasasi dan Peninjauan Kembali,Arap Legal,2022-12-26T12:00:02Z,2022,12,kasasi MA,institusional,putusan_kontroversial
gkLU9XHvaOs,"MA Tolak Kasasi KPK, Samin Tan Bebas",Harian Kompas,2022-06-14T04:00:11Z,2022,6,kasasi MA,institusional,putusan_kontroversial
_oPyTHBwpe8,"Kasasi Ditolak MA, Garuda Indonesia Wajib Bayar Denda Rp1 Miliar",BeritaSatu,2022-03-21T12:07:28Z,2022,3,kasasi MA,institusional,putusan_kontroversial
nDUX6TNrjCw,"Banding Ditolak, Pihak Gaga Muhammad Ajukan Kasasi ke Mahkamah Agung",Kompas.com,2022-05-17T13:44:18Z,2022,5,kasasi MA,institusional,putusan_kontroversial
n5BgTyldhBs,KPK Tetapkan Lagi Hakim Agung Sebagai Tersangka Suap Kasasi di MA,Harian Kompas,2022-11-10T11:56:51Z,2022,11,kasasi MA,institusional,putusan_kontroversial
82eK458aFzk,"SLNews - 4 Terdakwa Kasus Pupuk Ilegal Divonis Bebas, Jaksa Kasasi Ke MA",SLTV Channel,2022-10-19T11:10:32Z,2022,10,kasasi MA,institusional,putusan_kontroversial
_jSsywTTpeU,Konfrensi Pers Virtual 18-09-2022 Perihal Putusan Kasasi MA (Sodikin VS PT. Esham Dima Mandiri).,Kantor Advokat IBRO & Partners,2022-09-18T01:35:03Z,2022,9,kasasi MA,institusional,putusan_kontroversial
l1FAmiJl3GU,Alur Proses Perkara Kasasi dan Peninjauan Kembali di Mahkamah Agung,Nugroho Kurnianto,2022-11-12T19:38:01Z,2022,11,kasasi MA,institusional,putusan_kontroversial
C5EyyLmyK8o,"Banding Ditolak, Ini Alasan Gaga Muhammad Ajukan Kasasi Ke Mahkamah Agung",KapanLagiDotCom,2022-05-17T06:43:14Z,2022,5,kasasi MA,institusional,putusan_kontroversial
FW7gQ-FGh3Q,INILAH JANGKA WAKTU PUTUSAN KASASI || MAHKAMAH AGUNG RI,AT Law Channel,2022-10-24T02:28:35Z,2022,10,kasasi MA,institusional,putusan_kontroversial
2TQPkTUcjsE,"Putusan Kasasi Cerai di MA Belum Keluar, Nindy Ayunda Isyaratkan Sudah Punya Kekasih Baru?",KapanLagiDotCom,2022-03-11T13:17:01Z,2022,3,kasasi MA,institusional,putusan_kontroversial
-TIlXIWCOHc,"KASASI Ditolak Mahkamah Agung, Rektor UIN Diminta Patuhi Ketetapan Hukum",POSKOTA,2022-07-19T12:30:00Z,2022,7,kasasi MA,institusional,putusan_kontroversial
drMMsia4jkE,"Mahkamah Agung RI Menolak Permohonan Kasasi Pemohon Kasasi/Penuntut Umum, Terdakwa Sujud Syukur.","DEDE SETIAWAN S.H.,M.H",2022-03-17T14:44:06Z,2022,3,kasasi MA,institusional,putusan_kontroversial
ldHr2sQPYWQ,TAHAPAN UPAYA HUKUM KASASI,Pengadilan Agama Maumere,2022-10-24T05:41:02Z,2022,10,kasasi MA,institusional,putusan_kontroversial
_ZbxAOjI_Ds,PENERIMAAN PERMOHONAN PENINJAUAN KEMBALI,Pengadilan Negeri Bulukumba,2022-11-01T01:32:33Z,2022,11,peninjauan kembali MA,institusional,putusan_kontroversial
y9u8IuccJu0,SYARAT UPAYA HUKUM PENINJAUAN KEMBALI - Kepaniteraan Perdata,Pengadilan Negeri Lubuk Sikaping,2022-04-24T02:35:18Z,2022,4,peninjauan kembali MA,institusional,putusan_kontroversial
59xZm6e4uqQ,PSHT PUSAT MADIUN Peninjauan Kembali DUA Kali Apakah Bisa ??,Chanel HRD,2022-04-19T15:02:34Z,2022,4,peninjauan kembali MA,institusional,putusan_kontroversial
vCD5EACnaFY,"PENERIMAAN PERMOHONAN PENCABUTAN UPAYA HUKUM BANDING, KASASI DAN PENINJAUAN KEMBALI PK",Pengadilan Negeri Bulukumba,2022-11-01T01:34:26Z,2022,11,peninjauan kembali MA,institusional,putusan_kontroversial
4wZSsyZBp14,Peninjauan Kembali (PK) PSHT Sudah Jelas Dan Clear ||| Hak Paten Dll Sudah Resmi,Doktor Misteri,2022-04-17T16:56:46Z,2022,4,peninjauan kembali MA,institusional,putusan_kontroversial
Jvz1hJK0Jlg,Viral Peninjauan Kembali di Kabulkan Mahkamah Agung Ternyata Alasan M Taufiq  PSHT Bersatu Nyawiji,Chanel HRD,2022-04-17T13:23:11Z,2022,4,peninjauan kembali MA,institusional,putusan_kontroversial
ceHRZbUEKzM,Solusi Sengketa Pajak - SSP MNCo. ||| Hal yang Perlu Diperhatikan Dalam Peninjauan Kembali,Sharing Pajak MNCo.,2022-12-27T02:00:07Z,2022,12,peninjauan kembali MA,institusional,putusan_kontroversial
pV2BE0pGezA,TAHAPAN UPAYA HUKUM PENINJAUAN KEMBALI,Pengadilan Agama Maumere,2022-10-24T05:45:25Z,2022,10,peninjauan kembali MA,institusional,putusan_kontroversial
RP5MoxqFSF4,Topik 23 Hukum Acara Pidana | Upaya Hukum Luar Biasa : Peninjauan Kembali (PK),Bernard Simamora | Hukum Praktis,2022-11-19T02:49:20Z,2022,11,peninjauan kembali MA,institusional,putusan_kontroversial
4Vz8Ny-D4A0,"Informasi Pelayanan Upaya Hukum Banding, Kasasi, dan PK Perkara Pidana pada PN Karawang",Pengadilan Negeri Karawang,2022-11-10T03:45:44Z,2022,11,peninjauan kembali MA,institusional,putusan_kontroversial
GnGmrg-ptH8,Peninjauan Kembali (Judicial Review) #WebinarTaxPrime2022,TaxPrime,2022-07-11T23:45:06Z,2022,7,peninjauan kembali MA,institusional,putusan_kontroversial
VQfA4usFh-4,"Syarat Ajukan &quot;Peninjauan Kembali&quot; Kasus Pidana, Apa Aja Sih??",Rumah Pancasila & Klinik Hukum,2022-10-08T12:36:31Z,2022,10,peninjauan kembali MA,institusional,putusan_kontroversial
PPc-5KWps_g,Pidana Permohonan Upaya Hukum Peninjauan Kembali (PK),Pengadilan Negeri Selayar,2022-10-18T16:45:25Z,2022,10,peninjauan kembali MA,institusional,putusan_kontroversial
j4_5VVGSdMw,tutorial mencari putusan di direktori putusan mahkamah agung melalui website pp id pa sambas,Pengadilan Agama Sambas,2022-07-25T11:26:48Z,2022,7,direktori putusan MA,institusional,layanan_digital_ux
I-zkqu1c2eE,CARA MENDAPATKAN INFORMASI PERKARA DI MA RI. #hukum #tvone #ma.ri.#polri,LITERATUR HUKUM,2022-09-28T06:02:10Z,2022,9,direktori putusan MA,institusional,layanan_digital_ux
Qo0imvJIcFM,Analisis Putusan Mahkamah Agung Nomor 3079 K/Pdt/2019 - UAS HUKUM DAGANG,Paul Alvaro De Rupertus,2022-12-29T13:47:54Z,2022,12,direktori putusan MA,institusional,layanan_digital_ux
kVvBkHHiNEM,Yurisprudensi Putusan MA No. 2490 K/Pdt/2015,Advokat Bangbem,2022-10-18T07:31:09Z,2022,10,direktori putusan MA,institusional,layanan_digital_ux
K2dSthBGHCg,Tutorial e-Registrasi Layanan e-Court Mahkamah Agung bagi Pengguna Terdaftar,PENGADILAN TINGGI DENPASAR,2022-11-16T09:00:39Z,2022,11,e-court Mahkamah Agung,institusional,layanan_digital_ux
um9_YE7cIY4,TUTORIAL PENDAFTARAN PENGGUNA BARU AKUN E-COURT MAHKAMAH AGUNG RI!!!,Edwin & Partners Law Firm,2022-02-16T10:52:28Z,2022,2,e-court Mahkamah Agung,institusional,layanan_digital_ux
OdPhpqDCyqc,E-Court Mahkamah Agung RI dan Cara Registrasi Akun Pengguna,Maschan Junaidi,2022-04-26T22:59:03Z,2022,4,e-court Mahkamah Agung,institusional,layanan_digital_ux
2Cof56iH-J8,Cara Akses / Buka e Court Mahkamah Agung dari HP / Smart Phone.,M.Y.R Channel,2022-04-17T08:28:51Z,2022,4,e-court Mahkamah Agung,institusional,layanan_digital_ux
DaCI7YKbuJA,E-Court Mahkamah Agung RI,PENGADILAN NEGERI PACITAN,2022-08-09T08:15:41Z,2022,8,e-court Mahkamah Agung,institusional,layanan_digital_ux
aZqd5L3LWXA,E-Court Mahkamah Agung RI,Pa Medan,2022-08-08T07:20:10Z,2022,8,e-court Mahkamah Agung,institusional,layanan_digital_ux
o7d158STGw8,PEDOMAN PENGGUNAAN E-COURT MAHKAMAH AGUNG RI,Masrifatul Zahroh,2022-06-22T16:48:04Z,2022,6,e-court Mahkamah Agung,institusional,layanan_digital_ux
P2b017HyMxU,E-Court Mahkamah Agung RI,PTUN Jayapura,2022-08-21T04:33:54Z,2022,8,e-court Mahkamah Agung,institusional,layanan_digital_ux
LHy9A2ou-JE,Cek Biaya PNBP Salinan Putusan e Court Mahkamah Agung dari HP,M.Y.R Channel,2022-07-27T04:39:57Z,2022,7,e-court Mahkamah Agung,institusional,layanan_digital_ux
111PvRTEl8U,BIMBINGAN TEKNIS ADMINISTRASI PERKARA EKSEKUSI PADA SIPP SE-WILAYAH HUKUM MALUKU UTARA OLEH MA-RI,Pengadilan Negeri Tobelo,2022-09-29T05:21:43Z,2022,9,SIPP pengadilan,institusional,layanan_digital_ux
HyZEumSgADg,TUTORIAL E-PELIMPAHAN APLIKASI E-BERPADU MAHKAMAH AGUNG RI PADA PENGADILAN NEGERI KOTABARU,Pengadilan Negeri Kotabaru,2022-09-21T14:14:31Z,2022,9,cara cari putusan online Mahkamah Agung,tutorial_website,layanan_digital_ux
zR0pWo3NfGM,Alur Pembuatan Akun E-Court Menggunakan Bahasa Isyarat | Pengadilan Agama Tual,Pengadilan Agama Tual Official,2022-10-21T23:20:17Z,2022,10,tutorial e-court Indonesia,tutorial_website,layanan_digital_ux
IEpBVSLBCU0,Tata Cara Penggunaan Aplikasi E-Court,Pengadilan Negeri Sukabumi,2022-11-12T13:39:19Z,2022,11,tutorial e-court Indonesia,tutorial_website,layanan_digital_ux
wlWLyn_kSbo,Layanan E-Court Mahkamah Agung Republik Indonesia,Pengadilan Negeri Andoolo,2022-08-08T02:23:25Z,2022,8,tutorial e-court Indonesia,tutorial_website,layanan_digital_ux
dOB8SyBxkas,Panduan Aplikasi E-Court Pengguna Lain (Non Advokat),Pengadilan Agama Purwakarta,2022-11-09T10:08:51Z,2022,11,tutorial e-court Indonesia,tutorial_website,layanan_digital_ux
ATu3wjUTMls,Alur Pendaftaran Berperkara Melalui e-Court (Non Advokat),Mahkamah Syar'iyah Takengon,2022-10-28T10:20:09Z,2022,10,tutorial e-court Indonesia,tutorial_website,layanan_digital_ux
XdEC2jw7RcE,Panduan Pendaftaran online Perkara Permohonan untuk Pengguna Lainnya melalui e-Court di PN Bantul,PN BANTUL,2022-11-08T07:20:59Z,2022,11,tutorial e-court Indonesia,tutorial_website,layanan_digital_ux
KZ8t9EyiUXQ,Tutorial Penggunaan Layanan E-Court Untuk Kelompok Rentan,Pengadilan Agama Ponorogo,2022-11-09T03:05:47Z,2022,11,tutorial e-court Indonesia,tutorial_website,layanan_digital_ux
KwpNcUH6j8U,Video Tutorial Penggunaan e-Court (Bahasa Indonesia dan Bahasa Isyarat),Pengadilan Negeri Praya Official,2022-10-31T08:53:54Z,2022,10,tutorial e-court Indonesia,tutorial_website,layanan_digital_ux
ccvyzxMklFw,Tatacara Pembuatan Akun dan Pendaftaran Perkara E-court,Pengadilan Tinggi Nusa Tenggara Barat,2022-06-02T05:57:45Z,2022,6,cara daftar e-court,tutorial_website,layanan_digital_ux
2_x7LjrUgtQ,Tutorial E-Court Registrasi Pengguna Lainnya ( Non Advokat ),Genu Channel,2022-01-01T05:50:31Z,2022,1,cara daftar e-court,tutorial_website,layanan_digital_ux
rJgek1RWQMA,TATA CARA PENDAFTARAN AKUN E-COURT PENGGUNA LAIN(NON ADVOKAT/PERSEORANGAN),PA Bondowoso,2022-06-09T06:56:39Z,2022,6,cara daftar e-court,tutorial_website,layanan_digital_ux
NRCKkmURW2I,Tutorial Pendaftaran Perkara E-Court Non Advokat Dilengkapi Dengan Bahasa Isyarat PA Jakarta Barat,Pengadilan Agama Jakarta Barat,2022-11-14T04:13:23Z,2022,11,cara daftar e-court,tutorial_website,layanan_digital_ux
nGFR_tmM1FI,Video Panduan Pendaftaran e-Court Pengadilan Agama Tigaraksa,PENGADILAN AGAMA TIGARAKSA,2022-08-08T13:09:50Z,2022,8,cara daftar e-court,tutorial_website,layanan_digital_ux
OqBYekRSexI,Cara Pendaftaran E-Court di Pengadilan Agama Padang,Pengadilan Agama Padang,2022-06-15T08:15:09Z,2022,6,cara daftar e-court,tutorial_website,layanan_digital_ux
3UGW8dx1TiI,Tata Cara Pendaftaran E-Court,PA Amuntai,2022-11-01T10:48:02Z,2022,11,cara daftar e-court,tutorial_website,layanan_digital_ux
iV5bXCKNUlI,Tata cara pendaftaran perkara melalui e-court || untuk pengguna lainnya (non Advokat),RahmaAprilla Za,2022-04-18T21:57:54Z,2022,4,cara daftar e-court,tutorial_website,layanan_digital_ux
w5IDTVp6Zsg,Tutorial e-Registrasi Layanan e-Court Mahkamah Agung bagi Pengguna Lain,PENGADILAN TINGGI DENPASAR,2022-11-16T09:06:30Z,2022,11,cara daftar e-court,tutorial_website,layanan_digital_ux
R25iLqr9HQU,DDTK SIPP &amp; E-court Virtual PA Magelang | Oleh Tim Pengembang Mahkamah Agung,Pengadilan Agama Magelang,2022-10-09T00:15:39Z,2022,10,tutorial SIPP pengadilan,tutorial_website,layanan_digital_ux
KFq4laflPvY,Tutorial Pengisian F01 di SIPPN,Kedeputian Pelayanan Publik,2022-07-25T03:17:18Z,2022,7,tutorial SIPP pengadilan,tutorial_website,layanan_digital_ux
ZEesJ87tmBk,ecourt | cara melihat jadwal sidang perkara perdata di HP Android,Nhyli Channel,2022-01-30T05:43:56Z,2022,1,cara cek jadwal sidang online,tutorial_website,layanan_digital_ux
tRUlJ-kQgQY,Panduan Aplikasi Pelaporan Data Perusahaan (SIPP) BPJAMSOSTEK,CHANNEL DAPODIK,2022-09-16T02:30:14Z,2022,9,cara pakai aplikasi SIPP,tutorial_website,layanan_digital_ux
I8WCTPrGyg0,PANDUAN PENGGUNA APLIKASI SIPP DAN PENGKINIAN REKENING BANTUAN SUBSIDI UPAH (BSU) 2022,Sahabat MANASUKA,2022-09-20T22:48:32Z,2022,9,cara pakai aplikasi SIPP,tutorial_website,layanan_digital_ux
v7lBAfGxy1o,CARA PENGKINIAN DATA BANTUAN SUBSIDI UPAH (BSU) PADA APLIKASI SIPP TAHUN 2025,Aiska & Arsyila Berbagi Informasi (Channel-nya Tutorial),2022-09-19T05:50:27Z,2022,9,cara pakai aplikasi SIPP,tutorial_website,layanan_digital_ux
NYhrVdiIX80,"Asistensi Aplikasi SIPP 2.0, SMK Online dan SI SDM oleh Bag Infopers RoBinkar SSDM Polri",BIRO SDM POLDA SULUT,2022-08-25T00:46:47Z,2022,8,cara pakai aplikasi SIPP,tutorial_website,layanan_digital_ux
8qOkCahLLiw,CARA LOGIN APLIKASI SIPP POLRI,SDMYONBPOR (EBD Dregd SUMBAR),2022-12-05T13:31:10Z,2022,12,cara pakai aplikasi SIPP,tutorial_website,layanan_digital_ux
5QWsbnslU-4,PANDUAN SIPP ONLINE SDKPNK SURAKARTA,SDKPNK Surakarta,2022-07-21T06:43:17Z,2022,7,cara pakai aplikasi SIPP,tutorial_website,layanan_digital_ux
ImCXi2LXHtY,#Tutorial cara mendaftarkan karyawan baru di SIPP BPJS Ketenagakerjaan,Armd Pictures,2022-02-27T14:23:35Z,2022,2,cara pakai aplikasi SIPP,tutorial_website,layanan_digital_ux
37my2Ayod5o,CARA DOWNLOAD KARTU DIGITAL BPJS KETENAGAKERJAAN DI SIPP ONLINE BAGI HRD BADAN USAHA,Jo3 Family,2022-03-21T06:45:37Z,2022,3,cara pakai aplikasi SIPP,tutorial_website,layanan_digital_ux
t4aFXpGi92M,cara dwonload bpjs ketenagakerjaan melalui Akun SIPP Online,Aiska & Arsyila Berbagi Informasi (Channel-nya Tutorial),2022-11-24T12:40:09Z,2022,11,cara pakai aplikasi SIPP,tutorial_website,layanan_digital_ux
0PfXcOFL2HM,CARA RESET PASWORD APLIKASI SIPP &quot;Menggunakan smartphone&quot;,SDMYONBPOR (EBD Dregd SUMBAR),2022-12-10T00:32:04Z,2022,12,cara pakai aplikasi SIPP,tutorial_website,layanan_digital_ux
_P_vhPTVZV0,Instalasi SIPP BONDOWOSOKAB,SONY FIFFANDY,2022-10-28T11:51:33Z,2022,10,cara pakai aplikasi SIPP,tutorial_website,layanan_digital_ux
KvHyuOcypvw,Mengenal SIPP dan Kendala &quot;Silahkan Gunakan HP Sendiri&quot; atau &quot;Perangkat anda Tidak kompatibel&quot;,SONY FIFFANDY,2022-10-31T09:38:07Z,2022,10,cara pakai aplikasi SIPP,tutorial_website,layanan_digital_ux
UndhpF2ud9E,SIPP BPJS KETENAGAKERJAAN!!¡!,Birul h,2022-09-23T05:46:20Z,2022,9,cara pakai aplikasi SIPP,tutorial_website,layanan_digital_ux
DZG987x8w7U,Sidang Perdana Kasus Suap Mantan MA dan Menantunya,KOMPASTV,2020-10-22T07:02:27Z,2020,10,suap Mahkamah Agung,institusional,integritas_korupsi
nqoon7paHQk,"Dugaan Suap Mahkamah Agung, Saksi Sidang Nurhadi - Rezky Dinilai Tidak Relevan",JawaPosTV,2020-11-11T23:30:15Z,2020,11,suap Mahkamah Agung,institusional,integritas_korupsi
Xa8UFY-0rM0,Mantan Politisi Nasdem Jalani Sidang Suap Fatwa Mahkamah Agung - iNews Sore 04/11,Official iNews,2020-11-04T12:15:01Z,2020,11,suap Mahkamah Agung,institusional,integritas_korupsi
aE5PWt6mDkE,"8 Bulan Dikejar KPK, Buron Kasus Suap Mantan Sekretaris MA Kini Berhasil Ditangkap!",KOMPASTV,2020-10-30T13:52:18Z,2020,10,suap Mahkamah Agung,institusional,integritas_korupsi
Vbif10vH1P4,"Dugaan Suap Mantan Sekretaris MA, Saksi: Ada Pertemuan Nurhadi dengan Jaksa Agung - iNews Pagi 17/12",Official iNews,2020-12-17T03:04:46Z,2020,12,suap Mahkamah Agung,institusional,integritas_korupsi
Ue8gf-mMLFA,"Sidang Kasus Suap Mantan Sekretaris MA, Belum Ada Bukti Kuat Keterlibatan Nurhadi -iNews Malam 20/11",Official iNews,2020-11-21T03:43:17Z,2020,11,suap Mahkamah Agung,institusional,integritas_korupsi
EDikhT02Zv0,Sidang Dugaan Suap Mantan Sekretaris MA Kembali Digelar PN Jakarta - iNews Pagi 05/12,Official iNews,2020-12-05T02:41:42Z,2020,12,suap Mahkamah Agung,institusional,integritas_korupsi
ss8NzljUDQ8,Sidang Dugaan Suap Mantan Sekretaris MA Nurhadi Kembali Digelar - iNews Pagi 19/12,Official iNews,2020-12-19T05:22:36Z,2020,12,suap Mahkamah Agung,institusional,integritas_korupsi
cS34rrWmesI,"Kasus Dugaan Suap, Mantan Sekertaris MA, Nurhadi dan Menantunya Ditangkap KPK  - iNews Malam 02/06",Official iNews,2020-06-03T03:11:56Z,2020,6,suap Mahkamah Agung,institusional,integritas_korupsi
vtcvB80SkIc,Suap Perkara Mahkamah Agung,Okezone Sports,2020-11-12T04:08:16Z,2020,11,suap Mahkamah Agung,institusional,integritas_korupsi
EVCmpK5P_qQ,"Sidang Nurhadi, Kasus Suap dan Gratifikasi Penanganan Perkara di MA  Digelar - iNews Pagi 19/11",Official iNews,2020-11-19T04:14:40Z,2020,11,suap Mahkamah Agung,institusional,integritas_korupsi
EQ0ePb95thQ,Andi Irfan Jaya Jalani Sidang Perdana Suap Fatwa Mahkamah Agung - iNews Malam 04/11,Official iNews,2020-11-05T01:08:15Z,2020,11,suap Mahkamah Agung,institusional,integritas_korupsi
La34o6gUEk4,Mantan Ketua PN Jakut Dihadirkan Sidang Perkara Dugaan Suap Mantan Sekretaris MA - iNews Pagi 28/11,Official iNews,2020-11-28T02:43:41Z,2020,11,suap Mahkamah Agung,institusional,integritas_korupsi
gs0sIsBWvsI,Aturan Baru MA jadi Celah Mafia Peradilan? #LayarDemokrasi,CNN Indonesia,2020-02-28T05:30:00Z,2020,2,mafia peradilan,institusional,integritas_korupsi
RL-EVCCEjbY,Himbauan Ketua MA Tentang Lembaga Peradilan,Humas Mahkamah Agung RI,2020-11-18T03:43:10Z,2020,11,mafia peradilan,institusional,integritas_korupsi
vzngpLA-Ehg,"Peraturan Baru MA, Korupsi di Atas 100 M Dipidana Seumur Hidup",BeritaSatu,2020-08-03T03:57:38Z,2020,8,mafia peradilan,institusional,integritas_korupsi
j61rJrWF1M4,Sepak Terjang Eks Sekjen MA Nurhadi Hingga Ditangkap KPK!,detikcom,2020-06-02T05:43:11Z,2020,6,mafia peradilan,institusional,integritas_korupsi
TCgbIIHPV-g,-Pemohon Uji UU MA Persoalkan Masa Jabatan Hakim Agung,Mahkamah Konstitusi RI,2020-01-17T01:40:39Z,2020,1,kode etik hakim agung,institusional,integritas_korupsi
-z60TXTcXEU,-MA: Masa Jabatan Hakim Agung Tidak Diskriminatif,Mahkamah Konstitusi RI,2020-03-09T07:30:40Z,2020,3,OTT hakim agung,institusional,integritas_korupsi
8PPft6ZCdEE,"Mahkamah Agung Kerap Pangkas Hukuman Koruptor, KPK Prihatin &amp; Jengkel, Jubir MA: Itu Wewenang Hakim",Tribunnews,2020-09-30T07:03:14Z,2020,9,OTT hakim agung,institusional,integritas_korupsi
DaWbpDcM910,Jaksa Pinangki Jalani Sidang Lanjutan Kasus Suap dan Gratifikasi Pengurusan Fatwa MA,Warta Kota Production,2020-11-18T10:54:25Z,2020,11,OTT hakim agung,institusional,integritas_korupsi
N1ilJFvbUMU,"Terkait Hukuman Koruptor, Mahkamah Agung: Vonis Mutlak Ada di Tangan Hakim",KOMPASTV,2020-08-03T14:46:36Z,2020,8,OTT hakim agung,institusional,integritas_korupsi
MjKH0NYkrP8,KPK Tangkap Hiendra Soenjoto DPO Kasus Suap dan Gratifikasi Perkara di MA,IDX CHANNEL,2020-10-29T14:06:20Z,2020,10,OTT hakim agung,institusional,integritas_korupsi
nDg6YZ9duZc,Pemerintah Harus Ikuti Putusan Mahkamah Agung,Nusantara TV,2020-03-11T07:42:14Z,2020,3,putusan Mahkamah Agung,institusional,putusan_kontroversial
V8ud219ioIw,PIHAK BENNY SUJONO MEMINTA RUBEN ONSU HORMATI HASIL PUTUSAN MAHKAMAH AGUNG,KABAR HARIAN ID,2020-06-13T08:00:43Z,2020,6,putusan Mahkamah Agung,institusional,putusan_kontroversial
pYZtwZbr8Fs,BPJS Nilai Pemerintah Telah Jalankan Putusan Mahkamah Agung,News PONTV,2020-05-20T05:54:13Z,2020,5,putusan Mahkamah Agung,institusional,putusan_kontroversial
jleBz1jgUU8,"Soal Ganti Rugi, Duta Mall Diminta Penuhi Putusan Mahkamah Agung",KOMPASTV BANJARMASIN,2020-05-20T06:51:38Z,2020,5,putusan Mahkamah Agung,institusional,putusan_kontroversial
R35gZX5IuL4,Putusan Uji Materi Mahkamah Agung Bisa Batalkan Hasil Pilpres 2019?,Perludem,2020-07-11T07:14:24Z,2020,7,putusan Mahkamah Agung,institusional,putusan_kontroversial
MbLPGl2I98c,Permohonan Peninjauan Kembali Atas putusan Kasasi Mahkamah Agung.,TORAJA TV,2020-05-10T04:50:08Z,2020,5,putusan Mahkamah Agung,institusional,putusan_kontroversial
MMhcOwS9jE4,"Terkait Usulan Pemakzulan, Pemko Pematangsiantar Tunggu Putusan Mahkamah Agung",KOMPASTV,2020-03-04T01:38:55Z,2020,3,putusan Mahkamah Agung,institusional,putusan_kontroversial
ItZGaKFojZw,TIPS  MENGGUNAKAN MESIN PENCARI DIRKETORI PUTUSAN MAHKAMAH AGUNG,Asep Nursobah MA-RI Channel,2020-10-26T08:36:20Z,2020,10,putusan Mahkamah Agung,institusional,putusan_kontroversial
gv38QGG5j84,"Vonis Anas Urbaningrum Disunat MA, Menambah Daftar Panjang Koruptor yang Dapat Keringanan",Tribunnews,2020-10-01T07:20:52Z,2020,10,vonis MA,institusional,putusan_kontroversial
R6GDsxBocHc,Aturan MA Bertujuan Hilangkan Disparitas Pengambilan Vonis,BeritaSatu,2020-08-04T13:22:37Z,2020,8,vonis MA,institusional,putusan_kontroversial
hF2PSyGaGeQ,Mahfud MD: Pemerintah Tak Bisa Gugat Putusan MA Batalkan Kenaikan Iuran BPJS,BeritaSatu,2020-03-10T04:39:15Z,2020,3,vonis MA,institusional,putusan_kontroversial
k4nAd-iNwGI,Hamdan Zoelva: Putusan MA Tidak Menganggu Eksistensi Presiden Terpilih yang Sudah Dilantik | tvOne,tvOneNews ,2020-07-08T12:10:27Z,2020,7,vonis MA,institusional,putusan_kontroversial
vIt-dgy3Mw8,"Soal Putusan MA, Pakar Hukum Tata Negara: Menang Pilpres di Jawa Bisa Jadi Presiden | tvOne",tvOneNews ,2020-07-08T11:51:28Z,2020,7,vonis MA,institusional,putusan_kontroversial
OCqSQ4pPg_M,Yang Harus Diperhatikan dari Putusan MA Soal Pilpres 2019 | Narasi Newsroom,Narasi Newsroom,2020-07-14T09:30:26Z,2020,7,vonis MA,institusional,putusan_kontroversial
yUc17Y6_NYg,Implikasi Putusan MA soal Pembatalan Kenaikan BPJS Kesehatan Lebih Besar dari Isu Corona,CNN Indonesia,2020-03-10T16:56:35Z,2020,3,vonis MA,institusional,putusan_kontroversial
yfTBMVX4gcg,"Putusan MA Pengaruhi Hasil Pilpres, Zainal: Ada Keanehan di MK &amp; Ada Kekeliruan Penafsiran dari MA",tvOneNews ,2020-07-08T11:54:17Z,2020,7,vonis MA,institusional,putusan_kontroversial
JATVyBhCBEA,Putusan MA Tak Relevan Dikaitkan dengan Hasil Pilpres 2019,BeritaSatu,2020-07-08T13:32:49Z,2020,7,vonis MA,institusional,putusan_kontroversial
5XXyru8uKio,"LAUNCHING e Court, Direktori Putusan, Anugerah MA 2020 dan Dialog Interaktif",Humas Mahkamah Agung RI,2020-08-21T09:34:54Z,2020,8,vonis MA,institusional,putusan_kontroversial
GefCJrcV3fQ,"Vonis Anas Urbaningrum Dikorting MA, Saor: Ini Extraordinary Crime, Publik Merugi! | AKIM",SELEBRITA,2020-10-03T12:56:51Z,2020,10,vonis MA,institusional,putusan_kontroversial
-Y6cfLWi4xc,KPK Belum Terima Salinan Putusan 22 Koruptor yang Disunat MA,Tribunnews,2020-09-30T15:32:15Z,2020,9,vonis MA,institusional,putusan_kontroversial
y9svfKmDewY,"&quot;Obral Diskon&quot; Vonis Koruptor, Hakim MA Lembek-lembek ? | AKIM tvOne",SELEBRITA,2020-10-03T13:10:50Z,2020,10,vonis MA,institusional,putusan_kontroversial
etI7DE-FaLk,Dampak Putusan MA Batalnya Kenaikan Iuran BPJS,SIMPANG 5 TV,2020-03-17T12:58:16Z,2020,3,vonis MA,institusional,putusan_kontroversial
CamJBUh5b1I,"Rachmawati Menang Gugatan Lawan KPU, Gerindra: Putusan MA Harus Dikaji",detikcom,2020-07-10T10:00:10Z,2020,7,vonis MA,institusional,putusan_kontroversial
5eUO-UPlqVQ,"Kasasi Ditolak MA, Komedian Senior Qomar Mendekam di Bui | tvOne",tvOneNews ,2020-08-21T02:16:48Z,2020,8,kasasi MA,institusional,putusan_kontroversial
sb_6YtDlFyM,KASASI,"Prof. Dr. Jamin Ginting, SH, MH, MKn",2020-12-07T12:24:21Z,2020,12,kasasi MA,institusional,putusan_kontroversial
vuCjZL8UoCk,"Kasasi Ditolak MA, Pelawak Nurul Qomar Dijebloskan ke Penjara",Berita Terkini TV,2020-08-20T09:30:50Z,2020,8,kasasi MA,institusional,putusan_kontroversial
qT8TyQmqmp0,"Kasasi Ditolak MA, Pelawak Qomar Dijebloskan ke Penjara",CNN Indonesia,2020-08-20T06:30:04Z,2020,8,kasasi MA,institusional,putusan_kontroversial
YcCNkb3ZgJg,"Kasasi Ditolak, Pelawak Qomar Dipenjara Dua Tahun",METRO TV ,2020-08-20T02:11:17Z,2020,8,kasasi MA,institusional,putusan_kontroversial
YrnHKR4JDkI,"Kasasi Ditolak MA, Komedian Qomar Jalani Hukuman 2 Tahun Penjara",Kompascom Reporter on Location,2020-08-20T03:45:46Z,2020,8,kasasi MA,institusional,putusan_kontroversial
TsiK6Fxncuw,Nikita Mirzani Bersyukur Mahkamah Agung Tolak Kasasi Dipo Latief dan Putuskan Pernikahan Sah,Tribun Style,2020-09-08T04:33:11Z,2020,9,kasasi MA,institusional,putusan_kontroversial
XLTcnejuY8g,"Terlibat Pemalsuan SKL S2 dan S3, Nurul Qomar Masuk Penjara seusai Kasasi Ditolak",Tribunnews,2020-08-20T01:58:32Z,2020,8,kasasi MA,institusional,putusan_kontroversial
H5tTjzuh4kY,"MA Tolak Kasasi Irwandi, KPK Segera Eksekusi",Serambinews,2020-02-14T04:33:19Z,2020,2,kasasi MA,institusional,putusan_kontroversial
45xEFuf2Awc,"Pelawak Nurul Qomar Dipenjara, Setelah Kasasi Ditolak MA",TribunJatim Official,2020-08-20T01:16:28Z,2020,8,kasasi MA,institusional,putusan_kontroversial
TJnxzb7mZks,"Kasasi Dikabulkan MA, Agung Saga Disebutkan Akan Segera Dibebaskan dari Rutan Cipinang",Tribun Style,2020-10-07T07:54:45Z,2020,10,kasasi MA,institusional,putusan_kontroversial
Rzw-cQq_tC0,"[BERITA TERKINI]~&quot;Kasasi Ditolak MA, UAS dan Mellya Juniarti Resmi Cerai&quot;",Mokondo,2020-09-03T15:31:47Z,2020,9,kasasi MA,institusional,putusan_kontroversial
jIkkFYIjGsA,Mahkamah Agung Resmi Menolak Kasasi Hasil Cerai yang Diajukan Dipo Latief Terhadap Nikita Mirzani,Warta Kota Production,2020-09-08T15:33:56Z,2020,9,kasasi MA,institusional,putusan_kontroversial
h9B6YiDfHPs,Galih Ginanjar Daftar Kasasi ke MA karena Tak Terima Putusan Pengadilan,Tribun Style,2020-07-23T11:11:15Z,2020,7,kasasi MA,institusional,putusan_kontroversial
XMlH1KaSjEk,PK PENINJAUAN KEMBALI dalam Perkara Perdata,Diskusi Hukum,2020-05-08T05:35:51Z,2020,5,peninjauan kembali MA,institusional,putusan_kontroversial
I5ww5u_Q1qY,PENINJAUAN KEMBALI (PK) DALAM PERKARA PIDANA,Diskusi Hukum,2020-08-10T01:43:55Z,2020,8,peninjauan kembali MA,institusional,putusan_kontroversial
Oq8AGI7qGRY,Hukum Pertanahan Nasional - Upaya Hukum Peninjauan Kembali,Leks&Co Lawyers,2020-12-21T11:00:22Z,2020,12,peninjauan kembali MA,institusional,putusan_kontroversial
Hv_F7sD8llI,Peninjauan Kembali Dalam Perkara Pidana,Politik Sosial Agama Hukum,2020-03-09T14:11:40Z,2020,3,peninjauan kembali MA,institusional,putusan_kontroversial
LdGM_kqVAfs,"Upaya Hukum (Perlawanan di PTUN, Banding di PTTUN, Kasasi dan Peninjauan Kembali di Mahkamah Agung)",Rumah Kuorum,2020-06-13T09:50:19Z,2020,6,peninjauan kembali MA,institusional,putusan_kontroversial
tA1rZ3uuYPM,Djoko Tjandra Akan Ajukan Peninjauan Kembali,BeritaSatu,2020-08-03T13:02:31Z,2020,8,peninjauan kembali MA,institusional,putusan_kontroversial
Ng5yt2OTYGY,Jaksa KPK Tak Punya Legal Standing Ajukan Peninjauan Kembali Terhadap Vonis Lepas SAT,Tribunnews,2020-01-09T08:34:18Z,2020,1,peninjauan kembali MA,institusional,putusan_kontroversial
vSCNRufsxwg,Sidang Peninjauan Kembali | 37 Bantuan Hukum Gratis Rumah Pancasila,Rumah Pancasila & Klinik Hukum,2020-03-18T04:34:00Z,2020,3,peninjauan kembali MA,institusional,putusan_kontroversial
kjavc3JA3vI,Pengadilan Negeri Tolak Permohonan Peninjauan Kembali Djoko Tjandra,KOMPASTV,2020-07-29T13:28:31Z,2020,7,peninjauan kembali MA,institusional,putusan_kontroversial
RSHafALG31s,13.5. Peninjauan Kembali,Abdullah Tw,2020-11-24T02:58:25Z,2020,11,peninjauan kembali MA,institusional,putusan_kontroversial
uUSJQHBn-ek,"Di PHK,  Kisah Nyata Buruh Di PHK Sepihak (Peninjauan Kembali/ PK).",Helmi Helmi,2020-10-01T13:16:53Z,2020,10,peninjauan kembali MA,institusional,putusan_kontroversial
p1Kxi7wgkZM,"Perpajakan: Keberatan, banding, dan peninjauan kembali",Anggun Tuff,2020-11-01T09:30:52Z,2020,11,peninjauan kembali MA,institusional,putusan_kontroversial
8MIZYkYpM0c,CARA CARI PUTUSAN SIDANG PENGADILAN TIPIKOR Indonesia DIREKTORI PUTUSAN KORUPSI/MAHKAMAH AGUNG,Pha Noet,2020-02-08T02:39:09Z,2020,2,direktori putusan MA,institusional,layanan_digital_ux
Ip-2B3jLwvI,#KedaiTIPeradilan #Seri12 #BersamaAsepNursobah || Membedah Direktori Putusan Mahkamah Agung,Kedai TI Peradilan,2020-10-21T15:40:28Z,2020,10,direktori putusan MA,institusional,layanan_digital_ux
EgjrHEK1h48,"Launching Direktori Putusan, Penyerahan Anugerah Mahkamah Agung 2020",Pengadilan Tinggi Makassar,2020-08-19T05:28:37Z,2020,8,direktori putusan MA,institusional,layanan_digital_ux
3s8XGl2sFtI,Putusan Mahkamah Agung batalkan hasil Pilpres ??,ELANG MAUT INDONESIA🇲🇨,2020-07-08T09:52:52Z,2020,7,direktori putusan MA,institusional,layanan_digital_ux
quqhyXJDau8,PUTUSAN MAHKAMAH AGUNG ( PERALIHAN ATAS TANAH ),"Muh. Alif Ardin, S.H.",2020-12-05T04:12:26Z,2020,12,direktori putusan MA,institusional,layanan_digital_ux
8m-MAKem-Ws,Upload Jawaban Tergugat di e Court Mahkamah Agung RI | Akun Pencari Keadilan Pengguna Lainnya |,M.Y.R Channel,2020-05-04T12:37:05Z,2020,5,e-court Mahkamah Agung,institusional,layanan_digital_ux
dMlRP7lSe_o,CARA DAFTAR GUGATAN ONLINE / ECOURT MAHKAMAH AGUNG,RAM Law Office,2020-11-07T11:54:27Z,2020,11,e-court Mahkamah Agung,institusional,layanan_digital_ux
-tGkC-c1lGo,2 Ecourt Mahkamah Agung,DILAGAYU TV,2020-06-06T04:39:36Z,2020,6,e-court Mahkamah Agung,institusional,layanan_digital_ux
TrN1oO_GoUQ,"E-Court Mahkamah Agung (MA), Cara Mendaftar sebagai Pengguna Terdaftar E-Court MA",Roni W,2020-03-20T20:54:28Z,2020,3,e-court Mahkamah Agung,institusional,layanan_digital_ux
6QAo-wqczkg,Cara | Tutorial | Mendaftarkan Perkara Gugatan Secara Online Ke e-Court Mahkamah Agung RI,M.Y.R Channel,2020-04-02T06:10:20Z,2020,4,e-court Mahkamah Agung,institusional,layanan_digital_ux
AL3pq5aEyJE,Upload Replik Penggugat di e Court Mahkamah Agung RI | Akun Pencari Keadilan Pengguna Lainnya,M.Y.R Channel,2020-05-04T12:39:54Z,2020,5,e-court Mahkamah Agung,institusional,layanan_digital_ux
Ebx3GL3RSMU,pendaftaran e Court Mahkamah Agung,Pengadilan Tinggi Agama Kendari,2020-06-27T15:05:14Z,2020,6,e-court Mahkamah Agung,institusional,layanan_digital_ux
h5pTPLFzzqI,"E-Court Mahkamah Agung, Langkah-langkah Mendaftar Sebagai Pengguna Terdaftar E-Court MA",Roni W,2020-03-20T20:47:18Z,2020,3,e-court Mahkamah Agung,institusional,layanan_digital_ux
2OUc2TEm4EE,E - court Mahkamah Agung,Belajar Hukum Milenial,2020-09-16T20:59:44Z,2020,9,e-court Mahkamah Agung,institusional,layanan_digital_ux
Hry1jhzIQ4g,Tutorial Pendaftaran Perkara Online Melalui e-Court Mahkamah Agung,LKBH IBLAM,2020-07-19T06:59:08Z,2020,7,e-court Mahkamah Agung,institusional,layanan_digital_ux
WfjPwkmL3WQ,"E-Court Mahkamah Agung (MA), Ruang Lingkup E-Court Sistem Peradilan Di Indonesia.",Roni W,2020-03-20T21:02:49Z,2020,3,tutorial e-court Indonesia,tutorial_website,layanan_digital_ux
4jmuPouRJ6w,Review Lengkap Tentang e-Court di Indonesia,Advokat Indonesia,2020-04-28T22:02:52Z,2020,4,tutorial e-court Indonesia,tutorial_website,layanan_digital_ux
Et0CvqvozP8,Pendaftaran Perkara Melalui E-Court,PENGADILAN AGAMA SAMARINDA KELAS I-A,2020-02-13T07:39:41Z,2020,2,tutorial e-court Indonesia,tutorial_website,layanan_digital_ux
Sbq3ETY1L7E,Webinar dan Diskusi Ilmiah - Memahami Praktek dan Manfaat Peradilan Elektronik (e-Court),Seputar E-Court,2020-11-07T19:43:49Z,2020,11,tutorial e-court Indonesia,tutorial_website,layanan_digital_ux
eG8oqcvf_9A,Petunjuk e-Court Mahkamah Syar&#39;iyah Aceh,Mahkamah Syar'iyah Aceh,2020-12-21T06:21:53Z,2020,12,tutorial e-court Indonesia,tutorial_website,layanan_digital_ux
eLZi-j0vTpM,Tutorial Pendaftaran e-Court Pengadilan Agama Painan,Pengadilan Agama Painan,2020-07-01T02:38:23Z,2020,7,tutorial e-court Indonesia,tutorial_website,layanan_digital_ux
_O3-bZw5izU,Tutorial Pendaftaran Perkara Secara Elektronik (e-Court) - Pengadilan Agama Padang Kelas IA,Pengadilan Agama Padang,2020-06-30T00:52:10Z,2020,6,tutorial e-court Indonesia,tutorial_website,layanan_digital_ux
XbzYvzYqbZs,Tutorial Pendaftaran Perkara Secara Elektronik (e-Court) |  Pengadilan Agama Pariaman Kelas I. B,Pengadilan Agama Pariaman,2020-07-07T13:25:21Z,2020,7,tutorial e-court Indonesia,tutorial_website,layanan_digital_ux
9wr7ui1_Hdo,Pelayanan Perkara Online melalui E-Court,PENGADILAN NEGERI BENGKAYANG,2020-09-10T02:07:18Z,2020,9,tutorial e-court Indonesia,tutorial_website,layanan_digital_ux
TLD6JUw9WLw,PENDAFTARAN ECOURT DI PENGADILAN AGAMA SOLOK,Pengadilan Agama Solok,2020-07-01T09:51:11Z,2020,7,cara daftar e-court,tutorial_website,layanan_digital_ux
jH05izfK5Fc,#1  Tutorial Cara Mendaftar Akun e-Court Bagi Pengacara/Advokat,Jas Hukum,2020-04-17T14:51:01Z,2020,4,cara daftar e-court,tutorial_website,layanan_digital_ux
tWmtPw0QRgc,Pendaftaran Gugatan Sederhana Melalui E-Court,Pengadilan Negeri Rengat Kelas II,2020-02-17T02:17:23Z,2020,2,cara daftar e-court,tutorial_website,layanan_digital_ux
oB_baov35cE,Tutorial Pendaftaran e-court di Pengadilan Agama Muara Labuh,Pengadilan Agama Muara Labuh,2020-07-01T02:47:34Z,2020,7,cara daftar e-court,tutorial_website,layanan_digital_ux
wCGoTVX9_68,Upload &amp; Verifikasi Putusan via Ecourt Mahkamah Agung RI,Abil Arqom,2020-05-29T04:47:52Z,2020,5,cara download putusan MA,tutorial_website,layanan_digital_ux
6E4wGdC2Byc,PUTUSAN Main - mAin ( MA ),Ebi Baonk,2020-07-14T05:04:01Z,2020,7,cara download putusan MA,tutorial_website,layanan_digital_ux
EbaYBPb13GE,CEKLIST PUTUSAN DI E-COURT OLEH MAJELIS HAKIM SATKER/TINGKAT PERTAMA AGAR BISA BANDING ELEKTRONIK,M.Y.R Channel,2020-10-06T06:59:55Z,2020,10,cara download putusan MA,tutorial_website,layanan_digital_ux
_aEJvIIhjZ8,Upaya Hukum BANDING Secara ELEKTRONIK (E-COURT PERKARA TINGKAT PERTAMA KE E-COURT TINGKAT BANDING),M.Y.R Channel,2020-09-07T11:37:29Z,2020,9,tutorial SIPP pengadilan,tutorial_website,layanan_digital_ux
I_iRQfoXIK0,"Pendaftaran Perkara, Panggilan dan Persidangan secara Online Via Ecourt PN Sumber",PN Sumber,2020-08-11T05:01:40Z,2020,8,cara cek jadwal sidang online,tutorial_website,layanan_digital_ux
ZJCMk95oew0,Cara Kirim Relaas Panggilan  / Pemberitahuan Putusan Via Ecourt   Panggilan Elektronik,Abil Arqom,2020-06-11T09:24:07Z,2020,6,cara cek jadwal sidang online,tutorial_website,layanan_digital_ux
gDgBRdrBR_Y,Cara Mengisi Aplikasi SIPP,Bagian Organisasi Setda Kab. Karangasem,2020-10-14T02:24:37Z,2020,10,cara pakai aplikasi SIPP,tutorial_website,layanan_digital_ux
TSXgPdARb4c,PENDAFTARAN APLIKASI SIPP BPJAMSOSTEK,Muhamad Efendi,2020-01-28T17:00:12Z,2020,1,cara pakai aplikasi SIPP,tutorial_website,layanan_digital_ux
Lvxe8UHmZD4,DAFTAR APLIKASI SIPP ONLINE BPJS KETENAGAKERJAAN 2020,Sukmayasa_ID,2020-08-10T04:23:25Z,2020,8,cara pakai aplikasi SIPP,tutorial_website,layanan_digital_ux
3lmxLLZ0nZ8,Cara Daftar SIPP Online BPJS Ketenagakerjaan,setya adi chandra,2020-09-14T15:32:03Z,2020,9,cara pakai aplikasi SIPP,tutorial_website,layanan_digital_ux
yjNgMkIOULY,PANDUAN SIPP ONLINE BPJS KETENAGAKERJAAN,Sukmayasa_ID,2020-08-31T01:31:37Z,2020,8,cara pakai aplikasi SIPP,tutorial_website,layanan_digital_ux
m779pKP8tEY,Petunjuk Menggunakan Aplikasi SIPP Disdukcapil PALI,DISDUKCAPIL PALI Official,2020-12-16T23:45:38Z,2020,12,cara pakai aplikasi SIPP,tutorial_website,layanan_digital_ux
NgZXD_an6gA,Video Tutorial Penggunaan Sistem Informasi Perangkat Pembelajaran (SIPP) di TK-- Akun Kepala Sekolah,PG PAUD UAI,2020-11-06T09:19:18Z,2020,11,cara pakai aplikasi SIPP,tutorial_website,layanan_digital_ux
jx58lcHCkGQ,TUTORIAL CARA DAFTAR DAN NON AKTIF SECARA MASSAL DI SIPP ONLINE BPJAMSOSTEK !,Subuhadi Productions,2020-05-07T05:34:29Z,2020,5,cara pakai aplikasi SIPP,tutorial_website,layanan_digital_ux
XOymnYDMm4U,Cara Login SIPP Online Bpjs Ketenagakerjaan.. llSelamat Mencoba...!!!,I I,2020-06-21T07:22:15Z,2020,6,cara pakai aplikasi SIPP,tutorial_website,layanan_digital_ux
0bvsplX48vs,Cara Membuat Akun Perizinan Online SIPP,Nursing Update,2020-06-13T15:27:03Z,2020,6,cara pakai aplikasi SIPP,tutorial_website,layanan_digital_ux
kQ6YiA4klec,[PENINDAKAN] KONFERENSI PERS PENETAPAN DAN PENAHANAN TERSANGKA PERKARA SUAP DI MAHKAMAH AGUNG,KPK RI,2021-01-10T13:45:38Z,2021,1,suap Mahkamah Agung,institusional,integritas_korupsi
Y-ki9Nwgqw0,"Terbukti Terima Suap Rp48 Miliar, Eks Sekertaris MA Divonis 6 Tahun Penjara - BIP 11/03",Buletin iNews GTV,2021-03-11T02:53:33Z,2021,3,suap Mahkamah Agung,institusional,integritas_korupsi
gcNh8wh_cgE,"Nurhadi Eks Sekretaris MA Dituntut 12 Tahun Penjara, Ternyata Sempat Jadi Buron KPK",KOMPASTV,2021-03-03T02:45:27Z,2021,3,suap Mahkamah Agung,institusional,integritas_korupsi
iaCTcgSGHQM,"Mantan Sekertaris MA, Nurhadi Divonis Enam Tahu Penjara dan Denda Rp500 Juta - iNews Malam 10/03",Official iNews,2021-03-11T01:52:59Z,2021,3,suap Mahkamah Agung,institusional,integritas_korupsi
Zvb-m06sxUE,LIVE - Sidang Vonis Eks Sekretaris MA Nurhadi Terkait Kasus Dugaan Suap dan Gratifikasi Senilai 46 M,KOMPASTV,2021-03-10T14:00:52Z,2021,3,suap Mahkamah Agung,institusional,integritas_korupsi
UDd7YI_tqSU,"Sidang Suap Fatwa MA Kembali Digelar, Jaksa Pinangki Klaim Pernah Laporkan Keberadaan Djoko Tjandra",Tribunnews,2021-01-06T13:09:01Z,2021,1,suap Mahkamah Agung,institusional,integritas_korupsi
Xgj-eyJ8nzY,Istri mantan hakim beber dugaan mafia peradilan MA,MBAH HEYI,2021-09-08T09:49:32Z,2021,9,mafia peradilan,institusional,integritas_korupsi
tHr--jcm3a0,"Ada Mafia Peradilan atas kemenangan Kasasi MA , Punjer Madiun.",PSHT SEDUNIA LOYALIS Madiun,2021-02-28T11:52:25Z,2021,2,mafia peradilan,institusional,integritas_korupsi
JDFwfmb4yok,Cara mencari Putusan tertentu di Direktori Putusan Mahkamah Agung RI,Adil Fakhru Roza,2021-08-05T04:49:52Z,2021,8,putusan Mahkamah Agung,institusional,putusan_kontroversial
XVaczRqrfW8,"Putusan Perkara 2020 Terbanyak Sepanjang Sejarah, Presiden Puji Mahkamah Agung",Vibizmedia,2021-02-17T07:52:08Z,2021,2,putusan Mahkamah Agung,institusional,putusan_kontroversial
YUSvTIErbE0,Muannas Alaiddin : Putusan Mahkamah Agung Akhiri Polemik KPK,Cahaya Informasi,2021-06-30T00:50:45Z,2021,6,putusan Mahkamah Agung,institusional,putusan_kontroversial
MJXBFI2hjgg,PUTUSAN MAHKAMAH AGUNG AKHIRI POLEMIK TWK KPK,Budaya Viral,2021-06-30T01:52:57Z,2021,6,putusan Mahkamah Agung,institusional,putusan_kontroversial
JdXVi9PK2x0,Permohonan Kasasi ditolak Mahkamah Agung,KOMPASTV DEWATA,2021-05-23T04:00:05Z,2021,5,putusan Mahkamah Agung,institusional,putusan_kontroversial
Txjn8HLeEjg,Ecourt Mahkamah Agung,PN Bangil,2021-11-26T01:23:19Z,2021,11,putusan Mahkamah Agung,institusional,putusan_kontroversial
MO-DgdLSIe4,Eksaminasi Publik Putusan Mahkamah Agung terhadap SKB 3 Menteri tentang Busana,Komnas Perempuan,2021-09-22T11:56:39Z,2021,9,putusan Mahkamah Agung,institusional,putusan_kontroversial
8U0-px3EhLA,PUTUSAN MAHKAMAH AGUNG AKHIRI POLEMIK TWK KPK,Nina Azahra,2021-06-29T00:41:31Z,2021,6,putusan Mahkamah Agung,institusional,putusan_kontroversial
-QsgH1wnmnI,MARI Berbincang Eps 2: &quot;Wajah Baru Kepaniteraan Mahkamah Agung RI&quot;,Mahkamah Agung Republik Indonesia,2021-05-03T07:48:27Z,2021,5,putusan Mahkamah Agung,institusional,putusan_kontroversial
rGeVWhdytZI,Tim Yutuber Siapkan Langkah Hukum Pasca Putusan Mahkamah Agung,Lampung Post Update,2021-02-02T07:10:35Z,2021,2,putusan Mahkamah Agung,institusional,putusan_kontroversial
8noPgQLfONk,Kenalan Lebih Dekat dengan Mahkamah Agung,Beneran Indonesia,2021-12-15T07:55:03Z,2021,12,putusan Mahkamah Agung,institusional,putusan_kontroversial
6FdqW9xmkpk,"MA Tolak Permohonan Kasasi, Aulia Kusuma Vonis Mati Kasus - iNews Malam 18/02",Official iNews,2021-02-19T02:49:48Z,2021,2,vonis MA,institusional,putusan_kontroversial
8t9pXbJxnrU,"MA Naikkan Hukuman Djoko Tjandra: 3,5 Tahun Vonis dari Pengadilan Tinggi Dianulir | Narasi Newsroom",Narasi Newsroom,2021-11-18T08:30:01Z,2021,11,vonis MA,institusional,putusan_kontroversial
8HBNhLXPiVE,MA Resmi Tolak Ajukan Kasasi Vonis Mati Aulia Kesuma  - iNews Pagi 19/02,Official iNews,2021-02-19T03:07:18Z,2021,2,vonis MA,institusional,putusan_kontroversial
QJiOD_V1qX4,PUTUSAN MA KABULKAN GUGATAN EVA   DEDI,REDAKSI SIGERTV,2021-01-28T14:24:33Z,2021,1,vonis MA,institusional,putusan_kontroversial
FNtPswKysYA,"AKHIRNYA MA Potong Vonis IBHABIB RS. MPS : Alhamdulillah, Terimakasih Pak HAKIM",MPS Mayor Purn Saleh,2021-11-15T13:27:17Z,2021,11,vonis MA,institusional,putusan_kontroversial
YkgaOskuqvQ,MA BATALKAN VONIS BEBAS TERDAKWA PEMERKOSA ANAK,KOMPASTV ACEH,2021-09-24T13:12:28Z,2021,9,vonis MA,institusional,putusan_kontroversial
vEKBFaDLTvw,Putusan MA sudah dan konstitusional,Irma waty,2021-07-01T02:25:48Z,2021,7,vonis MA,institusional,putusan_kontroversial
2Jk03kdgL24,Putusan MA Pelaksanaan TWK Sudah Sesuai UU Yang Berlaku,Gerbang Depan,2021-06-25T13:33:36Z,2021,6,vonis MA,institusional,putusan_kontroversial
QmEQCUhPLfc,Putusan MA tentang hakim pejabat negara,TESSY Kartika,2021-06-30T14:59:04Z,2021,6,vonis MA,institusional,putusan_kontroversial
ZW9XXVi_vqU,Dukung Putusan MA,Berita sulut,2021-09-05T15:48:18Z,2021,9,vonis MA,institusional,putusan_kontroversial
JggotnVDJd8,Putusan MA tentang pelaksanaan Tes TWK Pegawai KPK,Raiso Community,2021-06-25T13:01:43Z,2021,6,vonis MA,institusional,putusan_kontroversial
kqkkLM1Bqjk,Putusan MA Terkait Putusan TWK Adalah SAH,Agustinus Waropen,2021-06-27T00:07:28Z,2021,6,vonis MA,institusional,putusan_kontroversial
---YyR1yvhc,"PUTUSAN MA, SELEKSI ANGGOTA KPK DENGAN TWK SAH DAN KONSTITUSIONAL",Komunitas Anti Baper,2021-06-28T04:36:42Z,2021,6,vonis MA,institusional,putusan_kontroversial
fpSOetzceVg,"MK Sebut TWK Sah dan Konstitusional, KPK Tunggu Putusan MA",Sang Penantang,2021-09-22T05:51:24Z,2021,9,vonis MA,institusional,putusan_kontroversial
s3MlTUhOcyM,BIAR MAS AGUS PAHAM DAN BACA HASIL PUTUSAN KASASI MA 🙏🙏,Orang Dalam,2021-05-28T04:09:29Z,2021,5,kasasi MA,institusional,putusan_kontroversial
6ST1e65PbFo,"Terdakwa Sumur Bor Bebas, Jaksa Daftar Kasasi Ke MA",Tabengan TV,2021-04-27T04:53:22Z,2021,4,kasasi MA,institusional,putusan_kontroversial
m8sP0t5w6XY,Putusan Kasasi MA No 40 K/pdt.sus-HKI/2021,Budy terate,2021-05-19T14:23:24Z,2021,5,kasasi MA,institusional,putusan_kontroversial
8lsEn0nGkD8,Putusan Kasasi MA No.40 K/Pdt.Sus-HKI/2021: Menolak Seluruh Gugatan Muhammad Taufiq,SH TERATE KITA,2021-05-19T08:34:09Z,2021,5,kasasi MA,institusional,putusan_kontroversial
5Dt5ngBgl-M,Putusan Kasasi MA No.40 K/Pdt.Sus-HKI/2021: Menolak Seluruh Gugatan Muhammad Taufiq,SH TERATE KITA,2021-05-19T07:54:24Z,2021,5,kasasi MA,institusional,putusan_kontroversial
o837GNAUNNU,"Kasasi JPU Ditolak MA, Jerinx SID Dikabarkan Segera Bebas dalam Waktu Dekat",Tribunnews,2021-05-18T14:52:15Z,2021,5,kasasi MA,institusional,putusan_kontroversial
nklQDZQ2PkU,MA menolak kasasi Jaksa (@INews Tv),hamr_official,2021-04-14T08:23:46Z,2021,4,kasasi MA,institusional,putusan_kontroversial
qHnLjHTaVfU,"MA Kabulkan Kasasi, Ratusan Warga 16 Ulu Akan Pertahankan Lahan || INFO HARI INI",PALPOS CHANNEL,2021-12-13T06:00:26Z,2021,12,kasasi MA,institusional,putusan_kontroversial
KKkglqyxLNs,"Kasasi JPU Ditolak MA, Begini Reaksi Kubu Habib Rizieq",JPNN.COM,2021-10-12T09:00:16Z,2021,10,kasasi MA,institusional,putusan_kontroversial
ctb1RAOEUcI,"Kasasi Ditolak MA, Djoko Tjandra Tetap Dihukum 2,5 Tahun Penjara •|| Daily News ||•",WartaWartaTv,2021-07-09T14:34:23Z,2021,7,kasasi MA,institusional,putusan_kontroversial
DQmRbZkbWfQ,"MA Tolak Permohonan Kasasi, Jerinx SID Segera Bebas dari Penjara",Kompascom Reporter on Location,2021-05-21T12:29:23Z,2021,5,kasasi MA,institusional,putusan_kontroversial
JgchxKL3NvI,"Ajukan Kasasi Vonis Bebas Samin Tan, KPK: Hakim Tak Terapkan Hukum Sebagaimana Mestinya",Tribunnews,2021-09-10T15:01:35Z,2021,9,kasasi MA,institusional,putusan_kontroversial
eh8DtBc_9-w,Mahkamah Agung Kabulkan Peninjauan Kembali Djoko Susilo,BeritaSatu,2021-05-08T04:03:47Z,2021,5,peninjauan kembali MA,institusional,putusan_kontroversial
uC-OxfHc4as,Materi lanjutan Peninjauan Kembali,NIKEN WAHYUNING RETNO MUMPUNI,2021-06-15T07:54:17Z,2021,6,peninjauan kembali MA,institusional,putusan_kontroversial
OnyFdzH3FbY,Cara Membuat dan Mengajukan Peninjauan Kembali Agar Dikabul oleh Majelis Hakim PK,Saiful Anam & Partners,2021-06-26T16:56:49Z,2021,6,peninjauan kembali MA,institusional,putusan_kontroversial
cT6kCMg-IoM,"#SIPTALK: Peninjauan Kembali | Ikra Rhama, S.H., M.H., C.L.A",SIP Law Firm,2021-09-27T08:33:23Z,2021,9,peninjauan kembali MA,institusional,putusan_kontroversial
iqOTOUtLSik,MEMAHAMI PENINJAUAN KEMBALI (PK) UPAYA HUKUM LUAR BIASA,RSP LAW AUDITOR,2021-06-15T07:24:21Z,2021,6,peninjauan kembali MA,institusional,putusan_kontroversial
cL3ZanLnG1Y,"PERMOHONAN PK (PENINJAUAN KEMBALI) TANPA BUKTI BARU atau NOVUM , Boleh atau Tidak ???",LE Chennel,2021-04-09T07:54:45Z,2021,4,peninjauan kembali MA,institusional,putusan_kontroversial
eIHO9Kytsrs,Upaya Hukum Peninjauan Kembali dalam Ruang Lingkup PTUN HUKUM ACARA PTUN B1,ZN,2021-05-30T13:59:37Z,2021,5,peninjauan kembali MA,institusional,putusan_kontroversial
h4SwhZ-sMzQ,Peninjauan Kembali Dalam Perkara Pidana,Politik Sosial Agama Hukum,2021-03-19T15:57:54Z,2021,3,peninjauan kembali MA,institusional,putusan_kontroversial
m01beZ4mZfI,"Zumi Zola Ajukan Peninjauan Kembali atas Kasus Suap dan Gratifikasi , Ini Pesan KPK Buat MA",Tribun Style,2021-01-07T04:10:05Z,2021,1,peninjauan kembali MA,institusional,putusan_kontroversial
clg6yECcAT8,"Hukuman Dipotong Dua Tahun, Rizieq Ajukan Peninjauan Kembali ke MA #iNewsMalam 16/11",Official iNews,2021-11-17T02:31:02Z,2021,11,peninjauan kembali MA,institusional,putusan_kontroversial
cR5pewYDD2I,Analisis Yuridis Kasus Putusan MA No 557 PK/PDT/20202 (Video Presentasi Kelompok 8 Hukum Perikatan),Sacha,2021-12-15T15:21:53Z,2021,12,peninjauan kembali MA,institusional,putusan_kontroversial
HnuTDNP5Ebs,Apa itu PK &quot; Peninjauan Kembali &quot; dalam hukum ... ?!?,Hendro Kusumo Advokat / pengacara,2021-10-27T01:47:02Z,2021,10,peninjauan kembali MA,institusional,putusan_kontroversial
Ab2fmutnDYs,Inovasi dan Kolaborasi PPID Mahkamah Agung RI 2021,PPID Mahkamah Agung RI,2021-09-15T14:51:17Z,2021,9,direktori putusan MA,institusional,layanan_digital_ux
-LTe_GdRX60,PENINJAUAN KEMBALI PUTUSAN MAHKAMAH AGUNG ATAS GUGATAN IZIN LINGKUNGAN PLTU BATUBARA TELUK SEPANG,Kanopi Bertutur,2021-09-22T02:07:47Z,2021,9,direktori putusan MA,institusional,layanan_digital_ux
l8rt9eWRGZ8,Eksekusi DPO Putusan MA,Kejaksaan Negeri Sambas,2021-10-27T17:41:34Z,2021,10,direktori putusan MA,institusional,layanan_digital_ux
tJRfKR4Q8OI,Sistem Penanganan Perkara di MA,Asep Nursobah MA-RI Channel,2021-11-30T05:34:02Z,2021,11,direktori putusan MA,institusional,layanan_digital_ux
vMGh0YOcIts,Penerima Anugerah Mahkamah Agung 2021,Mahkamah Agung Republik Indonesia,2021-08-19T03:59:08Z,2021,8,direktori putusan MA,institusional,layanan_digital_ux
ytfaTUv6Q1s,Cara mengecek putusan kasasi hak merek PSHT || PN SURABAYA || Link di diskripsi,RANTING SAMBUNG MACAN PUSAT MADIUN,2021-02-05T10:02:08Z,2021,2,direktori putusan MA,institusional,layanan_digital_ux
7MCIzjFw1Xk,"Ganti Rugi Lahan Bendungan Bagong, MA Kabulkan Kasasi BPN Trenggalek, Keberatan Warga Ditolak? -bioz",Bioz TV,2021-04-07T02:28:36Z,2021,4,direktori putusan MA,institusional,layanan_digital_ux
C3FW-FJb9QI,Mencari Putusan perkara yang diputus di tingkat Kasasi,Adil Fakhru Roza,2021-08-05T05:16:30Z,2021,8,direktori putusan MA,institusional,layanan_digital_ux
RL8tLzeSIk0,Ecourt Mahkamah Agung,Pengadilan Negeri Wates,2021-06-16T04:30:09Z,2021,6,e-court Mahkamah Agung,institusional,layanan_digital_ux
HMGTGERs6pU,E-Court Mahkamah Agung RI,pengacarakampung13,2021-05-15T02:48:14Z,2021,5,e-court Mahkamah Agung,institusional,layanan_digital_ux
byKXyf86V7Y,SIDANG PENGADILAN ONLINE LOHH... KOK BISA??? INTIP e-Court MAHKAMAH AGUNG YUK.,My Perpust Hukum ,2021-09-28T08:23:49Z,2021,9,e-court Mahkamah Agung,institusional,layanan_digital_ux
YwHwn2Mg9Ck,Tata Cara Pendaftaran Perkara di E-court Mahkamah Agung Republik indonesia,Genu Channel,2021-12-31T12:42:55Z,2021,12,e-court Mahkamah Agung,institusional,layanan_digital_ux
kFU3BrAXUUI,E court Mahkamah Agung RI,PN Tanjung Selor,2021-08-02T03:36:02Z,2021,8,e-court Mahkamah Agung,institusional,layanan_digital_ux
JYDPeEwq0tY,Tata Cara E-Litigasi E-Court Mahkamah Agung,Pengadilan Negeri Jambi,2021-07-21T07:33:00Z,2021,7,e-court Mahkamah Agung,institusional,layanan_digital_ux
G7UMyaJ8_wo,"Video Tutorial Menggunakan E-court Mahkamah Agung RI oleh Ibu Febriyanti Melania Jehalu., S.H.",Pengadilan Negeri Rote Ndao,2021-06-07T07:19:25Z,2021,6,e-court Mahkamah Agung,institusional,layanan_digital_ux
68C1ktg3tHQ,ECOURT MAHKAMAH AGUNG,Raflis Channel,2021-06-30T11:23:07Z,2021,6,e-court Mahkamah Agung,institusional,layanan_digital_ux
xrYGYEWOkWw,Cara Gampang Bayar Biaya Perkara Mahkamah Agung (e-Court),Area Surabaya Kota,2021-12-28T02:00:11Z,2021,12,e-court Mahkamah Agung,institusional,layanan_digital_ux
X4quFSEgIZk,#Persidangan&amp;Pendaftaran perkara secara Elektronik melalui E-COURT MAHKAMAH AGUNG RI #vlog09,Pardo Sinaga,2021-11-30T14:50:13Z,2021,11,e-court Mahkamah Agung,institusional,layanan_digital_ux
zIQ-a3kN8IU,Tata cara penggunaan E-Court Mahkamah Agung pada Pengadilan Agama Depok,Pengadilan Agama Depok,2021-07-29T14:24:01Z,2021,7,e-court Mahkamah Agung,institusional,layanan_digital_ux
wGqJMqziVgk,SIPP Banding Mahkamah Agung Motion Graphic,Bhinneka MC,2021-08-15T12:54:56Z,2021,8,SIPP pengadilan,institusional,layanan_digital_ux
Xdv2HV-dx0k,CARA MENCARI PUTUSAN PENGADILAN,Basuki Kurniawan,2021-01-11T04:11:16Z,2021,1,cara cari putusan online Mahkamah Agung,tutorial_website,layanan_digital_ux
IaH_4mwL8Jo,Tata Cara Pendaftaran e-Court Bagi Pengguna Perorangan (non-Advokat),Pengadilan Negeri Natuna,2021-07-10T19:34:28Z,2021,7,tutorial e-court Indonesia,tutorial_website,layanan_digital_ux
yMGXsn1CNJE,e-Court Mahkamah Agung RI,PN Sarolangun,2021-06-14T09:12:54Z,2021,6,tutorial e-court Indonesia,tutorial_website,layanan_digital_ux
dORqKimnPqs,Tutorial E-court Pengadilan Negeri Kediri,Pengadilan Negeri Kediri,2021-10-07T03:10:18Z,2021,10,tutorial e-court Indonesia,tutorial_website,layanan_digital_ux
IBNnw-7MmfI,Tutorial E-Court Registrasi Pengguna Terdaftar Advokat,Genu Channel,2021-12-31T09:16:59Z,2021,12,tutorial e-court Indonesia,tutorial_website,layanan_digital_ux
zqHuwc9P-F0,Tutorial Penggunaan Aplikasi E-Court,Pengadilan Agama Bangkinang,2021-07-22T08:38:21Z,2021,7,tutorial e-court Indonesia,tutorial_website,layanan_digital_ux
7Jtk6FBlOpo,Panduan/Tutorial  Cara Berperkara E-Court Secara Mandiri ( Pengguna Insidentil) di PA Teluk Kuantan,Pengadilan Agama Teluk Kuantan,2021-06-22T07:50:15Z,2021,6,tutorial e-court Indonesia,tutorial_website,layanan_digital_ux
2oEqEGbhUtU,Tahapan Administrasi E-Court,Dedi Jaya,2021-04-13T11:55:52Z,2021,4,tutorial e-court Indonesia,tutorial_website,layanan_digital_ux
6HkTlT4B070,Tutorial Pendaftaran Perkara Secara Elektronik (e-Court),Pengadilan Agama Kuala Pembuang,2021-10-01T06:24:30Z,2021,10,cara daftar e-court,tutorial_website,layanan_digital_ux
AVCtdyIpwuw,Cara Daftar Akun e-Court bagi Pengguna Terdaftar (Advokat),rechter,2021-11-28T16:45:51Z,2021,11,cara daftar e-court,tutorial_website,layanan_digital_ux
5NUuWlmflO4,Cara Daftar Akun e-Court Bagi Pengguna Lain (Non Advokat),rechter,2021-11-28T16:38:46Z,2021,11,cara daftar e-court,tutorial_website,layanan_digital_ux
B4aP-Bm6tfk,Tutorial Pembuatan Akun e-Court bagi Non Advokat (Perorangan) melalui PTSP Online PA Tabanan,PA TABANAN,2021-10-03T12:22:30Z,2021,10,cara daftar e-court,tutorial_website,layanan_digital_ux
JaH9PUbF3Ck,Tata Cara Pendaftaran Perkara Melalui E-Court Pengadilan Negeri Kuala Simpang,PENGADILAN NEGERI KUALASIMPANG OFFICIAL,2021-07-01T09:01:57Z,2021,7,cara daftar e-court,tutorial_website,layanan_digital_ux
9ylsWXFn9fw,UPLOAD DAN PEMERIKSAAN PUTUSAN DI e COURT MAHKAMAH AGUNG RI,M.Y.R Channel,2021-11-05T01:03:42Z,2021,11,cara download putusan MA,tutorial_website,layanan_digital_ux
vF_53mBqUwE,TUTORIAL UPLOAD BERKAS ECOURT MAHKAMAH AGUNG,Techtive Nusantara,2021-12-18T11:19:39Z,2021,12,cara download putusan MA,tutorial_website,layanan_digital_ux
PKQdQM--fCc,Tutorial Penggunaan Aplikasi Sistem Informasi Pelayanan Publik (SIPP),Kementerian Perhubungan RI,2021-10-09T13:28:42Z,2021,10,tutorial SIPP pengadilan,tutorial_website,layanan_digital_ux
IQM-rnCe12o,CARA UPDATE DATA TENAGA KERJA MELALUI APLIKASI SIPP ONLINE BPJS KETENAGAKERJAAN,Bani Syadar,2021-08-09T08:32:55Z,2021,8,cara pakai aplikasi SIPP,tutorial_website,layanan_digital_ux
4dJPJe6OVUA,Panduan Lengkap SIPP Online : Cara Lapor BPJS Ketenagakerjaan,Mekari University,2021-02-18T05:27:24Z,2021,2,cara pakai aplikasi SIPP,tutorial_website,layanan_digital_ux
9Wz3tPXnljk,Aplikasi SIPP I Import anggota,Teman Taufiq,2021-11-14T23:58:42Z,2021,11,cara pakai aplikasi SIPP,tutorial_website,layanan_digital_ux
yHE12wv6DcI,MELAPORKAN ASET DAN OMSET PERUSAHAAN TANPA RIBET MELALUI SIPP HANYA BUTUH 1 MENIT,Muhamad Efendi,2021-02-18T23:51:33Z,2021,2,cara pakai aplikasi SIPP,tutorial_website,layanan_digital_ux
-GFGGlN1y5w,Cara Registrasi Akun SIPP,SIPP KAB MUNA,2021-10-14T15:29:24Z,2021,10,cara pakai aplikasi SIPP,tutorial_website,layanan_digital_ux
oDfUODLUMAk,SIPP (saluran informasi dan penangan pengaduan) dari BPJS,muhammad ridho,2021-10-12T02:51:48Z,2021,10,cara pakai aplikasi SIPP,tutorial_website,layanan_digital_ux
wwUcGjPPNfk,cara login sipp BPJS ketenagakerjaan,Spendasu FM 108 mhz,2021-08-04T12:32:49Z,2021,8,cara pakai aplikasi SIPP,tutorial_website,layanan_digital_ux
-o0hcC-MVGk,Cara Mudah Menambah Tenaga kerja Baru BPJS Ketenagakerjaan dengan SIPP_ONLINE,Nila Indahsari,2021-08-25T15:55:56Z,2021,8,cara pakai aplikasi SIPP,tutorial_website,layanan_digital_ux
qA7mUeQTqiw,Cara Login (Masuk) ke Web User SIPP,SIPP KAB MUNA,2021-10-17T06:59:50Z,2021,10,cara pakai aplikasi SIPP,tutorial_website,layanan_digital_ux
WErf1G6WeHQ,SIPP ONLINE-BAYAR IURAN BPJSTK,JOYO CHANNEL,2021-12-01T02:26:31Z,2021,12,cara pakai aplikasi SIPP,tutorial_website,layanan_digital_ux
V-j2rZ0xQCU,BREAKING NEWS - KPK Tahan Tersangka Dugaan Suap Penanganan Perkara di Mahkamah Agung,KOMPASTV,2023-06-06T14:30:18Z,2023,6,suap Mahkamah Agung,institusional,integritas_korupsi
5oB154zOrko,Kasus Dugaan Suap di Mahkamah Agung,METRO TV ,2023-07-12T12:34:59Z,2023,7,suap Mahkamah Agung,institusional,integritas_korupsi
gMDU4tzYsBs,BREAKING NEWS - KPK Tahan Tersangka Dugaan Suap Penanganan Perkara di Mahkamah Agung,KOMPASTV JEMBER,2023-06-06T14:45:43Z,2023,6,suap Mahkamah Agung,institusional,integritas_korupsi
cMt_3ZRc-yo,[PENINDAKAN] KONFERENSI PERS PENAHANAN TERSANGKA DUGAAN SUAP PENANGANAN PERKARA DI MAHKAMAH AGUNG,KPK RI,2023-06-07T02:33:21Z,2023,6,suap Mahkamah Agung,institusional,integritas_korupsi
evKhW_VOabk,Sekretaris MA Akan Kembali Diperiksa KPK Terkait Kasus Suap Mahkamah Agung,GARUDA TV,2023-05-24T10:18:55Z,2023,5,suap Mahkamah Agung,institusional,integritas_korupsi
qLLRfKJkp3U,LIVE DELAY - KPK Tahan Tersangka Dugaan Suap Penanganan Perkara di Mahkamah Agung,KOMPASTV JAWA BARAT,2023-06-07T15:36:17Z,2023,6,suap Mahkamah Agung,institusional,integritas_korupsi
HoM2u_l1jG8,"Diperiksa 7 Jam, 2 Tersangka Suap Hakim MA Belum Ditahan KPK",CNN Indonesia,2023-05-25T08:41:41Z,2023,5,suap Mahkamah Agung,institusional,integritas_korupsi
_zZPOjMwqJ8,"Diduga Terima Suap, KPK Tahan Mantan Sekretaris Mahkamah Agung  Hasbi Hasan | BREAKING NEWS",Liputan6,2023-07-13T01:49:19Z,2023,7,suap Mahkamah Agung,institusional,integritas_korupsi
TTlicvZRCak,Momen Sekretaris MA Diperiksa KPK sebagai Tersangka Suap Hakim Agung,Kompas.com,2023-05-24T05:57:51Z,2023,5,suap Mahkamah Agung,institusional,integritas_korupsi
CQOxA7OLAEM,Konpers KPK atas Penahanan Tersangka Suap Pengurusan Perkara di Mahkamah Agung,TribunbatamID,2023-07-12T22:35:01Z,2023,7,suap Mahkamah Agung,institusional,integritas_korupsi
OPgd1YnfsmE,KPK Berharap Kasus Suap di MA Tidak Bertambah Lagi,Kompas.com,2023-02-17T13:51:01Z,2023,2,suap Mahkamah Agung,institusional,integritas_korupsi
igMTZudgBcE,Hercules Datangi KPK untuk Diperiksa Sebagai Saksi Kasus Dugaan Suap di MA #iNewsPagi 20/01,Official iNews,2023-01-20T01:50:32Z,2023,1,suap Mahkamah Agung,institusional,integritas_korupsi
REvH_8VTTpw,KPK Benarkan Status Tersangka Sekretaris MA,METRO TV ,2023-05-09T02:49:02Z,2023,5,suap Mahkamah Agung,institusional,integritas_korupsi
NNfnrfHLNw4,Momen Sekretaris MA Hasbi Hasan Diperiksa KPK Sebagai Tersangka Kasus Suap Pengurusan Perkara di MA,Tribunnews,2023-05-24T07:04:18Z,2023,5,suap Mahkamah Agung,institusional,integritas_korupsi
cxQ-Fk7NU2U,KPK Tetapkan 17 Tersangka Kasus Dugaan Suap di MA,METRO TV ,2023-07-12T10:10:46Z,2023,7,suap Mahkamah Agung,institusional,integritas_korupsi
LgMZl-_l_P0,"Singgung Praktik Makelar Kasus, Jokowi Minta MA Sanksi Hakim yang Langgar Kode Etik",Kompas.com,2023-02-23T11:28:02Z,2023,2,kode etik hakim agung,institusional,integritas_korupsi
78hRsU7rHu8,Sekretaris MA Temui Jaksa KPK Usai OTT,METRO TV ,2023-06-09T06:51:04Z,2023,6,OTT hakim agung,institusional,integritas_korupsi
P4xdqlXMotY,Shout It Loud! | OTT KPK Perkara Di Mahkamah Agung | #shorts,The Urban Stream,2023-01-31T03:00:17Z,2023,1,OTT hakim agung,institusional,integritas_korupsi
fPxHxd6lVRA,🔴KPK Tahan Eks Hakim Agung Gazalba Saleh Atas Dugaan TPPU &amp; Gratifikasi di Mahkamah Agung,Tribun Jogja Official,2023-12-01T14:04:33Z,2023,12,OTT hakim agung,institusional,integritas_korupsi
lqAR0VpMim8,Cara Melihat Tayangkan Amar Putusan Mahkamah Agung Secara Live Streaming - MA NEWS,KOMPASTV JAWA BARAT,2023-10-23T04:31:09Z,2023,10,putusan Mahkamah Agung,institusional,putusan_kontroversial
Jm2rN6WTmqM,putusan cerai bisa diakses di website mahkamah agung 🤯,Rubian Ariviani,2023-03-24T14:49:44Z,2023,3,putusan Mahkamah Agung,institusional,putusan_kontroversial
WhM7BwKGMHg,Cara Melihat Tayangkan Amar Putusan Mahkamah Agung Secara Live Streaming,KOMPASTV RIAU,2023-10-23T08:13:57Z,2023,10,putusan Mahkamah Agung,institusional,putusan_kontroversial
VobyI1Cf35k,88 Persen Permohonan Kasasi Ditolak Sepanjang Tahun 2022 - MA NEWS,KOMPASTV,2023-04-12T06:49:22Z,2023,4,putusan Mahkamah Agung,institusional,putusan_kontroversial
5zjLhfYcnnE,"Jaksa Eksekusi Terpidana Andreas Atiupbesi, Pasca Putusan Mahkamah Agung RI",KL tvnews,2023-03-08T17:02:40Z,2023,3,putusan Mahkamah Agung,institusional,putusan_kontroversial
r1T_Af4Z-1o,Alasan Pengajuan Kasasi ke Mahkamah Agung | Pasal 30 (1) UU Mahkamah Agung #hukum #lawyer,Gerald.Advokat,2023-11-23T05:42:53Z,2023,11,putusan Mahkamah Agung,institusional,putusan_kontroversial
N_ogla7BaSc,Putusan Mahkamah Agung Meringankan Hukuman Ferdy Sambo dan Putri Candrawathi,KOMPASTV JEMBER,2023-08-09T03:36:55Z,2023,8,putusan Mahkamah Agung,institusional,putusan_kontroversial
vcueZvSJtNM,Direktori Putusan Mahkamah Agung,Recht Goes,2023-03-13T14:29:14Z,2023,3,putusan Mahkamah Agung,institusional,putusan_kontroversial
Y5_WiGHQHVE,"Peninjauan Kembali Perkara Perdata dan Pidana | Panitera Mahkamah Agung Dr Ridwan Mansyur, SH MH #11",Direktorat Jenderal Badan Peradilan Umum,2023-06-12T01:00:20Z,2023,6,putusan Mahkamah Agung,institusional,putusan_kontroversial
G6OLhvMN7IQ,"Masih Bingung Dengan Putusan Kasasi, Baca Ini",Bicara Hukum,2023-08-12T06:54:53Z,2023,8,putusan Mahkamah Agung,institusional,putusan_kontroversial
NZXYr_XofqQ,"Sidang Vonis Kuat Ma&#39;ruf, Hakim Bacakan Skenario Pembunuhan Yosua Part 02 #BreakingNews 14/02",Official iNews,2023-02-14T06:03:11Z,2023,2,vonis MA,institusional,putusan_kontroversial
u7u4xYxf0NA,"NGERI! MA Ringankan Vonis Mati Ferdy Sambo Cuma Jadi Penjara Seumur Hidup, Putri Dipotong 10 Tahun!",Tribun MedanTV,2023-08-08T13:00:11Z,2023,8,vonis MA,institusional,putusan_kontroversial
jG9MfxvYkCI,Sikap Tak Sopan Kuat Ma&#39;ruf yang Beratkan Vonis 15 Tahun Penjara,Kompas.com,2023-02-14T08:49:22Z,2023,2,vonis MA,institusional,putusan_kontroversial
Lsx0HVTvtr4,Ayah Brigadir Yosua Ungkap Reaksi Istrinya Dengar Putusan MA Batalkan Vonis Mati Ferdy Sambo,KOMPASTV,2023-08-09T15:27:10Z,2023,8,vonis MA,institusional,putusan_kontroversial
tmbnVScxx00,BREAKING NEWS - Putusan MA Kurangi Hukuman Kuat Maruf jadi 10 Tahun Penjara,METRO TV ,2023-08-08T13:12:33Z,2023,8,vonis MA,institusional,putusan_kontroversial
fCaOZCJtsao,[FULL] BREAKING NEWS - Sidang Vonis Kuat Ma&#39;ruf,METRO TV ,2023-02-14T07:54:20Z,2023,2,vonis MA,institusional,putusan_kontroversial
bSewb2T-NQg,Presiden Minta Hormati Keputusan MA &#39;Diskon&#39; Vonis Sambo CS,CNN Indonesia,2023-08-10T14:15:04Z,2023,8,vonis MA,institusional,putusan_kontroversial
lKASCM3gxgo,Pengabdian Sambo Jadi Pertimbangan MA Batalkan Vonis Mati,Kompas.com,2023-08-28T08:22:50Z,2023,8,vonis MA,institusional,putusan_kontroversial
oISpBinMxBk,Mahkamah Agung (MA) Perberat Vonis Dea OnlyFans Jadi 1 Tahun Penjara,Stylo Indonesia,2023-05-17T13:00:41Z,2023,5,vonis MA,institusional,putusan_kontroversial
juCD3H5FZ2Q,BREAKING NEWS - Putusan MA Anulir Hukuman Ricky Rizal Jadi 10 Tahun Penjara,METRO TV ,2023-08-08T13:06:28Z,2023,8,vonis MA,institusional,putusan_kontroversial
hXA21PUOITc,Ayah Brigadir J Kecewa MA Diskon Vonis Mati Ferdy Sambo,Tribun Jateng,2023-08-09T11:35:09Z,2023,8,vonis MA,institusional,putusan_kontroversial
DaBrPdsvPnc,Kejagung Respons soal MA Batalkan Vonis Mati Sambo: Tak Lagi Punya Wewenang!,Kompas Tv Bangka,2023-08-12T08:13:16Z,2023,8,vonis MA,institusional,putusan_kontroversial
Z-XjdKyXPQY,Alasan Hukum Mahkamah Agung dalam memutus Perkara Kasasi,ESB LAW CENTRE,2023-08-16T05:54:35Z,2023,8,kasasi MA,institusional,putusan_kontroversial
qbgi609s2U4,Ferdy Sambo Cs Ajukan Kasasi ke MA,KOMPASTV,2023-06-24T07:20:46Z,2023,6,kasasi MA,institusional,putusan_kontroversial
-s32gLCbhLs,MA Ungkap Tak Ada Intervensi Dalam Putusan Kasasi yang Diskon Hukuman Ferdy Sambo Cs,Kompas Tv Bangka,2023-08-12T07:38:37Z,2023,8,kasasi MA,institusional,putusan_kontroversial
oKfncYjq9LE,"MA Kabulkan Permohonan Kasasi Jaksa Penuntut Umum, Dua Terdakwa Polisi Batal Bebas | Liputan 6",Liputan6,2023-08-25T01:55:48Z,2023,8,kasasi MA,institusional,putusan_kontroversial
h-tlKTTh8Vc,Jaksa Penuntut Umum Dominasi Pengajuan Kasasi ke Mahkamah Agung - MA NEWS,KOMPASTV,2023-04-24T16:16:02Z,2023,4,kasasi MA,institusional,putusan_kontroversial
rCwUNIeQkIo,"Kasasi Ditolak Mahkamah Agung, Pemilik Tanah Minta BPN Batalkan Sertipikat",TOPIK ANTV,2023-06-21T03:21:48Z,2023,6,kasasi MA,institusional,putusan_kontroversial
3rwmjX0S25g,Putusan Kasasi MA Terkait Pidana Ferdy Sambo dkk Telah Sesuai dengan Keinginan Jaksa Penuntut Umum,Tribun Pekanbaru Official,2023-08-09T12:20:07Z,2023,8,kasasi MA,institusional,putusan_kontroversial
zWBTeXVfxd4,"MA Kabulkan Kasasi, Sambo Lolos Hukuman Mati",Official iNews,2023-08-09T06:20:23Z,2023,8,kasasi MA,institusional,putusan_kontroversial
T8f_pDdIHCU,"Kasasi Ditolak MA, Rezky Aditya Tetap Ayah Sah Wenny Ariani (Berita Update #34)",Negara Digital,2023-06-18T15:36:38Z,2023,6,kasasi MA,institusional,putusan_kontroversial
KI9wOqoXigU,MA Ungkap Tak Ada Intervensi Dalam Putusan Kasasi yang Diskon Hukuman Ferdy Sambo Cs #shorts,INDONESIAKU BERITA,2023-08-09T09:36:42Z,2023,8,kasasi MA,institusional,putusan_kontroversial
wiwOa8ywrhU,Hakim Agung Tidak Berhak Tolak Kasasi dengan Perbaikan? #shorts,METRO TV ,2023-08-11T14:27:54Z,2023,8,kasasi MA,institusional,putusan_kontroversial
7T4eEr4sVAY,bisa gak sih mengajukan peninjauan kembali terhadap putusan pengadilan negeri?,Rubian Ariviani,2023-05-07T13:42:34Z,2023,5,peninjauan kembali MA,institusional,putusan_kontroversial
ejv7gVQMyh0,Bolehkan Upaya Hukum Peninjauan Kembali Perdata Diajukan Lebih Dari 1 Kali? #shotrs #youtubeshorts, Nurfi Lawyer ,2023-11-27T10:00:42Z,2023,11,peninjauan kembali MA,institusional,putusan_kontroversial
xZs9e81ZELI,Siapa Yang Berhak Mengajukan Permohonan Peninjauan Kembali Perkara Perdata? #perkaraperdata #shotrs, Nurfi Lawyer ,2023-11-27T07:52:20Z,2023,11,peninjauan kembali MA,institusional,putusan_kontroversial
wuyO_A7hDJo,Ini Alasan Untuk Ajukan Peninjauan Kembali,Bicara Hukum,2023-08-12T12:33:16Z,2023,8,peninjauan kembali MA,institusional,putusan_kontroversial
gVdADl_W5y0,"Hukuman Seumur Hidup Sambo Inkrah, Kejaksaan Tidak Berwenang Ajukan Peninjauan Kembali",Official iNews,2023-08-09T11:10:54Z,2023,8,peninjauan kembali MA,institusional,putusan_kontroversial
H0Yh6shezuU,TOP NEWS OF THE DAY - JAKSA TIDAK BISA AJUKAN PENINJAUAN KEMBALI PUTUSAN MA TERKAIT SAMBO CS,IDN Times,2023-08-09T08:46:47Z,2023,8,peninjauan kembali MA,institusional,putusan_kontroversial
zpnr_2vkKVc,Mahkamah Agung Tolak Peninjauan Kembali Demokrat Kubu Moeldoko,kumparan,2023-08-10T13:00:47Z,2023,8,peninjauan kembali MA,institusional,putusan_kontroversial
wqnOV9FVxzY,BOLEHKAH! PENINJAUAN KEMBALI TIDAK DIHADIRI OLEH TERPIDANA,Kantor Hukum Noble Advocates,2023-07-11T09:45:10Z,2023,7,peninjauan kembali MA,institusional,putusan_kontroversial
8RftN933Wsg,Peninjauan Kembali Di MA Diproses Maksimal 3 Bulan,METRO TV ,2023-05-29T23:44:09Z,2023,5,peninjauan kembali MA,institusional,putusan_kontroversial
SflL0eNn2OA,Sebastiaan Pompe: MA emphasizes on using Peninjauan Kembali to correct errors #hakim #putusan #MA,Binziad Kadafi,2023-11-17T13:56:31Z,2023,11,peninjauan kembali MA,institusional,putusan_kontroversial
Z0nDQdheGaY,Saat sidang novum (alat bukti baru) perkara peninjauan kembali/PK 🙂⚖️#pengadilanagamasidoarjo,Hendro Kusumo Advokat / pengacara,2023-10-05T15:02:34Z,2023,10,peninjauan kembali MA,institusional,putusan_kontroversial
sQ5LqHQmFEc,Kecewanya Ayah Mendiang Brigadir Yosua Hutabarat Usai MA Batalkan Vonis Mati Ferdy Sambo!,KOMPASTV JAWA TIMUR,2023-08-09T13:40:00Z,2023,8,peninjauan kembali MA,institusional,putusan_kontroversial
UjIJd_yEtp0,"Analisis direktori putusan MA, HKI",Evi Nolawati,2023-12-01T14:06:19Z,2023,12,direktori putusan MA,institusional,layanan_digital_ux
EBPHeDrfKps,"Kasasi Ditolak MA, Pelaku Pemerkosa 13 Santriwati Herry Wirawan Tetap Divonis Mati",KOMPASTV JAWA TIMUR,2023-01-05T04:07:00Z,2023,1,direktori putusan MA,institusional,layanan_digital_ux
KGeuowubMf8,"Analisis direktori putusan MA ,hak kekayaan intelektual ( merek) pada tingkat kasasi",Regita A,2023-11-30T14:35:00Z,2023,11,direktori putusan MA,institusional,layanan_digital_ux
DhxGJVoAcFk,"Analisis Direktori Putusan MA, Hak Kekayaan Intelektual ( Hak Cipta) pada tingkat kasasi",Rossy Tina Kurniawati,2023-12-01T11:13:28Z,2023,12,direktori putusan MA,institusional,layanan_digital_ux
zKETvhECm7I,Kejagung Hormati Putusan MA Soal Pengurangan Hukuman Ferdy Sambo,Harian Kompas,2023-08-09T12:55:20Z,2023,8,direktori putusan MA,institusional,layanan_digital_ux
d6P9InW0Y9k,DAFTAR GUGATAN PERDATA WAJIB MELALUI E COURT MA. #ham#polri#hukum#pengacara #viral#lbh#jaksakita,LITERATUR HUKUM,2023-10-10T17:26:40Z,2023,10,e-court Mahkamah Agung,institusional,layanan_digital_ux
DHkyIzUQOrY,Panduan E-Court Mahkamah Agung RI,Pengadilan Agama Dabo Singkep,2023-06-15T08:39:10Z,2023,6,e-court Mahkamah Agung,institusional,layanan_digital_ux
zxZZYrP0npY,Aplikasi E-Court Mahkamah Agung RI,Fita Yuliasih,2023-06-14T03:50:27Z,2023,6,e-court Mahkamah Agung,institusional,layanan_digital_ux
nROMgBILhFY,Praktek daftarin gugatan online di ecourt mahkamah agung,Pengacara Santuy Official,2023-07-26T08:18:54Z,2023,7,e-court Mahkamah Agung,institusional,layanan_digital_ux
XNxtK7DjKI0,Mahkamah Agung Gelar Bimbingan Teknis Pendaftaran Perkara Online atau E-Court,KOMPASTV PEKALONGAN,2023-05-23T03:33:38Z,2023,5,e-court Mahkamah Agung,institusional,layanan_digital_ux
IJ2gmdZItZM,putusan mahkamah agung #tentanghukum #fakta#hukum,Pengacara ahmad fauzan ,2023-05-11T08:06:08Z,2023,5,cara cari putusan online Mahkamah Agung,tutorial_website,layanan_digital_ux
tk4XytnmZzA,(Aplikasi E-Court &amp; Tutorial Registrasi Kurator),EvandaVika Fitria,2023-06-24T04:52:32Z,2023,6,tutorial e-court Indonesia,tutorial_website,layanan_digital_ux
gFBYYKFtNVA,Aplikasi E-Court Mahkamah Agung,Pengadilan Negeri Subang,2023-07-25T04:26:27Z,2023,7,tutorial e-court Indonesia,tutorial_website,layanan_digital_ux
qVSOOisCt8U,Cara Daftar Ecourt Untuk Tergugat Di Pengadilan,Pengacara Santuy Official,2023-05-27T09:00:28Z,2023,5,tutorial e-court Indonesia,tutorial_website,layanan_digital_ux
xA4BIv-NRHE,Alur Pendaftaran dan Tata Cara E-Court,pa palembang,2023-10-23T11:27:16Z,2023,10,tutorial e-court Indonesia,tutorial_website,layanan_digital_ux
_Bey9tTf2DA,Persyaratan bagi Kurator/Pengurus untuk menjadi pengguna terdaftar pada layanan E-Court,AffiqahFatih TV,2023-03-27T01:41:19Z,2023,3,tutorial e-court Indonesia,tutorial_website,layanan_digital_ux
xcCsRiwXe6s,Ecourt||Cara Daftar Perkara Permohonan e-Court lewat Android,Nhyli Channel,2023-10-12T07:10:37Z,2023,10,cara daftar e-court,tutorial_website,layanan_digital_ux
LIfZV96Dtx4,Cara Membuat Akun ECOURT Untuk Sidang Online Di Pengadilan,Pengacara Santuy Official,2023-11-22T10:00:14Z,2023,11,cara daftar e-court,tutorial_website,layanan_digital_ux
tVc_uZojIec,Video Layanan e-Court,Pengadilan Agama Kota Malang,2023-08-22T02:59:28Z,2023,8,cara daftar e-court,tutorial_website,layanan_digital_ux
WsIAmAXvwXQ,Pendaftaran E-Court di Pengadilan Agama Tenggarong,Pengadilan Agama Tenggarong,2023-09-26T02:41:02Z,2023,9,cara daftar e-court,tutorial_website,layanan_digital_ux
O9lnNNvcprY,Panduan Pendaftaran Perkara Online (E-Court) di Pengadilan Agama Simalungun Kelas IB,Pengadilan Agama Simalungun,2023-01-12T02:41:57Z,2023,1,cara daftar e-court,tutorial_website,layanan_digital_ux
ameLgEjTfAQ,Cara daftar perkara permohonan ecourt||Terbaru,Nhyli Channel,2023-09-19T04:10:12Z,2023,9,cara daftar e-court,tutorial_website,layanan_digital_ux
xsfoQ03LIGk,Layanan E-Court Pengadilan Agama Jakarta Barat,Pengadilan Agama Jakarta Barat,2023-02-28T07:09:48Z,2023,2,cara daftar e-court,tutorial_website,layanan_digital_ux
CTFbwqWsLwM,"Apakah Kalian sudah mengetahui apa itu SIPP, Yuk simak penjelasan berikut !",Ihda Alfina,2023-06-14T12:29:54Z,2023,6,tutorial SIPP pengadilan,tutorial_website,layanan_digital_ux
UWrQE_LJA0Y,Sosialisasi e-Court Versi 5 0 0 dan SIPP Versi 5 2 0,M.Y.R Channel,2023-08-23T01:40:44Z,2023,8,tutorial SIPP pengadilan,tutorial_website,layanan_digital_ux
_nn4-R50Tkk,Laporan Evaluasi SIPP Bulan Agustus 2023,PENGADILAN NEGERI SIMALUNGUN,2023-09-08T02:28:52Z,2023,9,tutorial SIPP pengadilan,tutorial_website,layanan_digital_ux
gV7itcAVBkM,PELAKSANAAN TATA KELOLA PENGGUNAAN SIPP DALAM KEARSIPAN PERKARA,HES 6A,2023-06-08T18:18:25Z,2023,6,tutorial SIPP pengadilan,tutorial_website,layanan_digital_ux
np5WDczYpR8,Kelompok 8 - Penerapan (SIPP) Pada Pengelolaan Register Perkara Di Pengadilan Agama Pasuruan,HES 6E,2023-06-08T12:40:22Z,2023,6,tutorial SIPP pengadilan,tutorial_website,layanan_digital_ux
Ku1qNKJXdCs,Tutorial : Pencarian Perkara Melalui SIPP,PTA Yogyakarta,2021-06-09T09:26:59Z,2021,6,cara cek jadwal sidang online,tutorial_website,layanan_digital_ux
heq7_nPuJtU,SIPP ONLINE BPJS KETENAGAKERJAAN - TUTORIAL LENGKAP DAN PANDUAN CARA MENGGUNAKAN,RICKSET,2023-03-26T23:22:19Z,2023,3,cara pakai aplikasi SIPP,tutorial_website,layanan_digital_ux
c-pYaZOZPe0,TUTORIAL APLIKASI OM SIPP,BKPSDM Kab. Konawe Utara Official,2023-09-22T05:32:13Z,2023,9,cara pakai aplikasi SIPP,tutorial_website,layanan_digital_ux
r8IvjIN21ck,CARA MENONAKTIFKAN PESERTA BPJS KETENAGAKERJAAN TERBARU || SIPP ONLINE,NTR GO CHANNEL (Nanik TR),2023-12-08T01:28:44Z,2023,12,cara pakai aplikasi SIPP,tutorial_website,layanan_digital_ux
5pj95g_aEq8,"Melalui Aplikasi SIPP, bayi baru lahir langsung bisa menjadi peserta BPJS",PUSKESMAS RARANG,2023-05-29T12:09:23Z,2023,5,cara pakai aplikasi SIPP,tutorial_website,layanan_digital_ux
PdDUpi7OZn0,Tutorial Aplikasi SIPP ( Sistem Informasi Pendidikan &amp; Pembayaran  YIMI ),YIMI Gresik,2023-08-25T08:34:02Z,2023,8,cara pakai aplikasi SIPP,tutorial_website,layanan_digital_ux
PSm5qmLz-Vw,Penggunaan Aplikasi Peradilan (SIPP) Oleh Cica Widya Astuti Nim 126102203282,Cica Widya,2023-06-14T23:42:23Z,2023,6,cara pakai aplikasi SIPP,tutorial_website,layanan_digital_ux
8NkH52Kh6Z8,"PENGINPUTAN DATA PERSONEL POLRES BONE PADA SIPP 2.0 DI BIRO SDM POLDA SULSEL (Rabu, 07/06/23)",Bag SDM Polres Bone,2023-06-07T05:23:15Z,2023,6,cara pakai aplikasi SIPP,tutorial_website,layanan_digital_ux
H1Er-x25n90,TUTORIAL CARA UNGGAH LAPORAN AKHIR DI SIPP UB,LPPMUB OFFICIAL,2023-10-19T07:03:36Z,2023,10,cara pakai aplikasi SIPP,tutorial_website,layanan_digital_ux
kIYCbjZgjVs,Mengungkap Jaringan Korupsi: Tantangan bagi Mahkamah Agung #shorts,METRO TV ,2024-11-01T02:27:28Z,2024,11,suap Mahkamah Agung,institusional,integritas_korupsi
reAr2tPvvpg,"Kasus Suap Hakim, Kejagung Geledah Lagi Rumah Eks Pejabat MA",KOMPASTV JAWA TENGAH,2024-10-30T08:34:36Z,2024,10,suap Mahkamah Agung,institusional,integritas_korupsi
tH1dKaJEsQ0,Mahkamah Agung Bentuk Tim Khusus untuk Selidiki Dugaan Suap pada Kasus Ronald Tanur - SIP 29/10,Seputar iNews RCTI,2024-10-29T05:48:28Z,2024,10,suap Mahkamah Agung,institusional,integritas_korupsi
SicTWhXjfc4,"Eks Pejabat MA Ditangkap Buntut Kasus Suap Hakim Perkara Ronald Tannur, Bongkar Mafia Peradilan",Tribunnews,2024-10-28T06:29:25Z,2024,10,suap Mahkamah Agung,institusional,integritas_korupsi
otD7M1vB7HM,Bukti Kejaksaan Agung: Uang untuk Kasasi Terbongkar #shorts,METRO TV ,2024-11-01T02:32:29Z,2024,11,suap Mahkamah Agung,institusional,integritas_korupsi
isOghjEDLzA,"Buntut Kasus Suap Tannur, MA Bentuk Timsus Klarifikasi Dugaan Keterlibatan Hakim Agung",KOMPASTV,2024-10-29T06:47:18Z,2024,10,suap Mahkamah Agung,institusional,integritas_korupsi
X-b_55hvra8,"Eks Pejabat MA Jadi Tersangka Suap Kasus Anak Dewan, Terima 5 Miliar dari Pengacara Ronald Tannur",KOMPASTV,2024-10-26T11:47:28Z,2024,10,suap Mahkamah Agung,institusional,integritas_korupsi
OjWEL_0xTHc,Uang Suap Satu Triliun Calo Kasus Mahkamah Agung,LENSA INDONESIA - RTV,2024-10-30T07:40:49Z,2024,10,suap Mahkamah Agung,institusional,integritas_korupsi
MdOEhAA7AS0,KPK Selidiki Dugaan Suap Baru di Mahkamah Agung,Lampung Post Update,2024-03-06T08:00:12Z,2024,3,suap Mahkamah Agung,institusional,integritas_korupsi
aefLIQQqUD8,"Terbukti Terima Suap, Eks Sekretaris MA, Hasbi Hasan Dituntut 13 Tahun 8 Bulan Penjara | Liputan 6",Liputan6,2024-03-15T01:32:24Z,2024,3,suap Mahkamah Agung,institusional,integritas_korupsi
g4pSqySb8Jk,"Eks Pejabat Mahkamah Agung Ditangkap, Sita Uang Hampir 1 Triliun Rupiah - [Primetime News]",METRO TV ,2024-10-29T13:01:53Z,2024,10,suap Mahkamah Agung,institusional,integritas_korupsi
4PybEoRT9oI,MAHKAMAH AGUNG BANTAH KORUPSI Perkara Hakim Agung Rp 97 Miliar❗,Tribun MedanTV,2024-09-18T15:35:00Z,2024,9,suap Mahkamah Agung,institusional,integritas_korupsi
do8kQCRDfGA,"Mahfud Kaget MA Terseret Kasus Suap, Bongkar Modus Mafia Peradilan: Mereka Bisa Pesan Jaksa &amp; Hakim",Tribunnews,2024-10-30T09:28:02Z,2024,10,mafia peradilan,institusional,integritas_korupsi
nCCag0f834s,Awal Mula Kasus Tewasnya Dini Sera yang Berujung Pengungkapan Mafia Peradilan di MA,Tribun Papua Barat Official,2024-10-28T01:00:33Z,2024,10,mafia peradilan,institusional,integritas_korupsi
zqeENPF_VPY,Kasus Ronald Tannur Jadi Bersih-bersih Mafia Peradilan di MA,TheStanceID,2024-11-04T07:00:38Z,2024,11,mafia peradilan,institusional,integritas_korupsi
SlsZ8jHu4tY,Terbaru! MA Putuskan 3 Hakim Agung Kasasi Ronald Tannur Tak Langgar Kode Etik,KOMPASTV SUKABUMI,2024-11-19T00:48:14Z,2024,11,kode etik hakim agung,institusional,integritas_korupsi
QzZL-C3NseE,Hakim Agung yang Periksa Kasasi Ronald Tannur Tak Menyalahi Kode Etik  - iNews Siang 18/11,Official iNews,2024-11-18T09:34:31Z,2024,11,kode etik hakim agung,institusional,integritas_korupsi
PdL2UOXTOP0,"MA Putuskan 3 Hakim Kasasi Ronald Tannur Tak Langgar Kode Etik, Kasus Ditutup",KOMPASTV,2024-11-18T16:35:57Z,2024,11,kode etik hakim agung,institusional,integritas_korupsi
fbaPU8pjn6g,"Hasil Pemeriksaan Tim MA, Hakim Kasasi Ronald Tannur Tak Terbukti Langgar Kode Etik",Lintas iNews MNCTV,2024-11-20T08:54:04Z,2024,11,kode etik hakim agung,institusional,integritas_korupsi
2pgaNCR0awg,MA nyatakan tak temukan pelanggaran kode etik majelis hakim dalam kasasi Ronald Tannur,ANTARA News,2024-11-18T09:00:03Z,2024,11,kode etik hakim agung,institusional,integritas_korupsi
_qHNrJjP2Bc,Hakim Kasasi Ronald Tannur Dibebaskan dari Tuduhan Pelanggaran Etik oleh MA,Tribun Sorong,2024-11-18T06:56:22Z,2024,11,kode etik hakim agung,institusional,integritas_korupsi
El_u8x8NNUw,Terbongkar Kejanggalan Putusan Mahkamah Agung Terkait Penolakan Permohonan PK Terpidana Kasus Vina,Pos Belitung,2024-12-20T03:30:06Z,2024,12,putusan Mahkamah Agung,institusional,putusan_kontroversial
aq-04OdZdsg,Putusan Mahkamah Agung untuk Siapa?,METRO TV ,2024-05-31T16:00:47Z,2024,5,putusan Mahkamah Agung,institusional,putusan_kontroversial
9S67Dq_JHu0,"Gibran Rakabuming, Tak Berkomentar Soal Putusan Mahkamah Agung | NTV PRIME",Nusantara TV,2024-05-31T14:22:58Z,2024,5,putusan Mahkamah Agung,institusional,putusan_kontroversial
y_AA_jHkCsY,PUTUSAN MAHKAMAH AGUNG TINGKAT KASASI BISA LAKUKAN EKSEKUSI WALAUPUN ADA PENINJAUAN KEMBALI,"Pengacara Dr Parlindungan, SH MH",2024-04-08T07:09:33Z,2024,4,putusan Mahkamah Agung,institusional,putusan_kontroversial
vl7acFYPCh8,"Upaya Jutek Bongso dan Tim Lawan Putusan Mahkamah Agung, Tolak Permohonan PK Para Terpidana",Pos Belitung,2024-12-20T01:30:34Z,2024,12,putusan Mahkamah Agung,institusional,putusan_kontroversial
2csu3H5SGjY,🔴 BREAKING NEWS - Mahkamah Agung Tolak PK 7 Terpidana Kasus Vina Cirebon,Tribun Cirebon,2024-12-16T06:41:13Z,2024,12,putusan Mahkamah Agung,institusional,putusan_kontroversial
j0tJUfEeJPs,GAWAT ! Putusan Mahkamah Agung tidak berguna ?,ELANG MAUT INDONESIA🇲🇨,2024-12-24T02:37:32Z,2024,12,putusan Mahkamah Agung,institusional,putusan_kontroversial
DZCKBwLMeVY,"Menanti Putusan Mahkamah Agung terhadap Sidang PK Saka Tatal, Akankah Dikabulkan?",KOMPASTV,2024-08-02T09:03:08Z,2024,8,putusan Mahkamah Agung,institusional,putusan_kontroversial
AwerVKdDaCA,Mengapa Mahkamah Konstitusi Abaikan Putusan Mahkamah Agung #shorts,METRO TV ,2024-08-21T14:59:56Z,2024,8,putusan Mahkamah Agung,institusional,putusan_kontroversial
yV-wJkC6yRA,"Menanti Hasil Putusan MA, Begini Tanggapan Kuasa Hukum Saka Tatal dan Pakar Hukum Pidana",KOMPASTV,2024-08-02T04:47:19Z,2024,8,vonis MA,institusional,putusan_kontroversial
b6oA6Xcti_Q,"[FULL] Kasus Vina: PK 7 Terpidana Ditolak, Putusan MA Mempersulit Semua Pihak - iNews Room 18/12",Official iNews,2024-12-18T16:24:08Z,2024,12,vonis MA,institusional,putusan_kontroversial
taArpgxa_AA,Tok! MA Batalkan Vonis Bebas Ronald Tannur [Newsline],METRO TV ,2024-10-24T07:53:55Z,2024,10,vonis MA,institusional,putusan_kontroversial
39g_5oftLE8,"Kasus Vonis Bebas Ronald Tannur, Eks Pejabat MA Terima Suap Hampir Rp1 Triliun | NTV TONIGHT",Nusantara TV,2024-10-25T17:02:34Z,2024,10,vonis MA,institusional,putusan_kontroversial
qKBJSObRoso,Keluarga Dini Korban Ronald Tannur Kecewa dengan Putusan MA - Sindo today 25/10,SINDOnews,2024-10-25T06:02:32Z,2024,10,vonis MA,institusional,putusan_kontroversial
mcNwc5S5mtA,MA Tidak Bisa Mendikte Vonis Kasasi Tannur 5 Tahun #shorts,METRO TV ,2024-10-28T14:51:40Z,2024,10,vonis MA,institusional,putusan_kontroversial
ve81_dCqSLs,Komisi II Kritik Putusan MA yang Bakal Ubah PKPU,Kompas.com,2024-06-04T11:13:22Z,2024,6,vonis MA,institusional,putusan_kontroversial
Iz2NGmq36kg,Respons MA terkait Vonis Ringan Harvey Moeis di Kasus Korupsi Timah - Sindo Update,SINDOnews,2024-12-27T14:24:10Z,2024,12,vonis MA,institusional,putusan_kontroversial
ELcgppXVxF8,Gerindra Akui Sepakat Dengan Putusan MA soal Batas Usia Pilkada | OneNews Update,tvOnenewscom,2024-07-02T14:38:41Z,2024,7,vonis MA,institusional,putusan_kontroversial
xsBQjGUqTg8,"DPR Pertimbangkan Putusan MA Soal Syarat Usia, Peluang Kaesang Masih Terbuka - iNews Sore 24/08",Official iNews,2024-08-24T12:31:47Z,2024,8,vonis MA,institusional,putusan_kontroversial
68Jt9LLPdYk,Penjelasan Perbedaan Putusan MA dan MK Jelang Pilkada: Syarat Usia Calon Kepala Daerah dan Lainnya,KOMPASTV,2024-08-25T12:17:34Z,2024,8,vonis MA,institusional,putusan_kontroversial
asVbj7i4FVE,KPU: Putusan MA Soal Syarat Usia Pilkada Bersifat Umum,METRO TV ,2024-05-31T12:34:39Z,2024,5,vonis MA,institusional,putusan_kontroversial
evI3nRW2B2Y,Keluarga Terpidana Soroti Putusan MA Tolak Permohonan PK,CNN Indonesia,2024-12-17T08:15:02Z,2024,12,vonis MA,institusional,putusan_kontroversial
n97qQ_-WBLw,Gibran Enggan Berkomentar soal Putusan MA,KOMPASTV JAWA TENGAH,2024-06-04T02:56:48Z,2024,6,vonis MA,institusional,putusan_kontroversial
-eNjVz70Oh8,"Putusan MA terkait Usia Calon di Pilkada: Tinjauan Aspek Proses, Substansi, dan Implementasi",Titi Anggraini,2024-05-31T04:51:36Z,2024,5,vonis MA,institusional,putusan_kontroversial
bv5M9RED1jY,Kegiatan Monitoring Evaluasi Penyelesaian Perkara Kasasi dan PK Secara Elektronik - MA NEWS,KOMPASTV,2024-08-06T02:21:18Z,2024,8,kasasi MA,institusional,putusan_kontroversial
G_4zZc1_xJA,Mahkamah Agung Sosialisasi Pengajuan Kasasi dan PK secara Elektronik  MA NEWS,KOMPASTV,2024-06-12T02:54:41Z,2024,6,kasasi MA,institusional,putusan_kontroversial
i3GIDKealjQ,"[HEADLINE NEWS, 28/10] MA Selidiki Putusan Kasasi Ronald Tannur",METRO TV ,2024-10-28T08:24:08Z,2024,10,kasasi MA,institusional,putusan_kontroversial
Xvoh5P8cl00,"KASASI DITOLAK MA, SRITEX AJUKAN PENINJAUAN KEMBALI",KABAR JOGJA,2024-12-21T17:24:49Z,2024,12,kasasi MA,institusional,putusan_kontroversial
WMJux1q4OdY,Mahkamah Agung Berhasil Putus Perkara Kasasi 73 Persen Periode Januari-Agustus 2024,KOMPASTV SUKABUMI,2024-09-20T04:34:28Z,2024,9,kasasi MA,institusional,putusan_kontroversial
1Yeu5oj26DU,"MA Nyatakan Hakim Kasasi Tak Lakukan Pelanggaran, Lantas Apa yang Akan Jadi Vonis Ronald Tannur?",KOMPASTV JAWA TENGAH,2024-11-18T09:47:20Z,2024,11,kasasi MA,institusional,putusan_kontroversial
85d9t7y0lNA,"[HEADLINE NEWS, 28/10] MA Bentuk Tim Pemeriksa Hakim Kasasi Tannur",METRO TV ,2024-10-28T09:33:17Z,2024,10,kasasi MA,institusional,putusan_kontroversial
3VEXPM19T5g,MA Bentuk Tim Pemeriksa Majelis Kasasi Perkara Ronald Tannur Kasus Pembunuhan Dini Sera - MA NEWS,KOMPASTV SUKABUMI,2024-10-29T05:03:46Z,2024,10,kasasi MA,institusional,putusan_kontroversial
9lpjX_83sOI,Hakim Kasasi Ronald Tannur Dibebaskan Oleh MA,Investigasi tvOne,2024-11-19T10:59:45Z,2024,11,kasasi MA,institusional,putusan_kontroversial
F9r5Ujy9rzQ,TOP NEWS OF THE DAY - MA: 3 HAKIM KASASI KASUS RONALD TANNUR TAK TERBUKTI LANGGAR ETIK,IDN Times,2024-11-18T07:46:07Z,2024,11,kasasi MA,institusional,putusan_kontroversial
zdMNyjF9J6A,MA Nyatakan Majelis Hakim Kasasi Ronald Tanur Tak Langgar Kode Etik,Tempodotco,2024-11-18T08:13:26Z,2024,11,kasasi MA,institusional,putusan_kontroversial
dh4FAi-dKcU,"🔴 MA Tolak Kasasi Sritex, Manajemen Harus Bayar Rp 25 Triliun",Tribun Timur Viral,2024-12-20T18:02:56Z,2024,12,kasasi MA,institusional,putusan_kontroversial
0u51U22q2S4,"Kasasi Ditolak, MA Perintahkan KPK Kembalikan Sejumlah Aset Rafael Alun - iNews Siang 25/07",Official iNews,2024-07-25T05:39:57Z,2024,7,kasasi MA,institusional,putusan_kontroversial
NDk8oet-okY,SIDANG PERDANA PENINJAUAN KEMBALI KASUS MARDANI H MAMING DIGELAR,iNews Kalsel,2024-02-27T06:17:32Z,2024,2,peninjauan kembali MA,institusional,putusan_kontroversial
75cDE8XyhUk,Upaya Hukum Peninjauan Kembali Perkara Pidana | Pasal 263 (1) KUHP #hukum #lawyer #pidana,Gerald.Advokat,2024-01-24T05:51:39Z,2024,1,peninjauan kembali MA,institusional,putusan_kontroversial
DkJaklx19Vk,MA Tolak Peninjauan Kembali Kasus P3mbun*han Vina dan eky di Cirebon,METRO TV JABAR & BANTEN,2024-12-19T05:43:53Z,2024,12,peninjauan kembali MA,institusional,putusan_kontroversial
l2KxvLYjGn8,Pengajuan Peninjauan Kembali Atas Putusan Pidana Berkali-kali.,HukumExpert,2024-11-16T23:30:09Z,2024,11,peninjauan kembali MA,institusional,putusan_kontroversial
HTV35CBkXF0,"Peninjauan Kembali Kedua | Ennid Hasanuddin, S.H., C.N., M.H. | Palu Peradilan",MARI ke Monas,2024-11-01T08:15:01Z,2024,11,peninjauan kembali MA,institusional,putusan_kontroversial
SM5p22lxpAs,Alasan MA Menolak Permohonan PK 7 Terpidana Kasus Vina - [Top News],METRO TV ,2024-12-16T14:13:13Z,2024,12,peninjauan kembali MA,institusional,putusan_kontroversial
i2CtbW3-92Y,"MA Tolak PK Kasus Vina, 7 Terpidana Tetap Dipenjara Seumur Hidup",Investigasi tvOne,2024-12-18T01:00:29Z,2024,12,peninjauan kembali MA,institusional,putusan_kontroversial
Iu6N8gVqg7s,PT Sritex Akan Ajukan Peninjauan Kembali Terkait Putusan Mahkamah Agung | News Flash,Official iNews,2024-12-21T05:08:22Z,2024,12,peninjauan kembali MA,institusional,putusan_kontroversial
fYGsMeOWYlw,"MA Putuskan Tolak PK 7 Terpidana Kasus Vina, Ini Analisis Pengamat | tvOne",tvOnenewscom,2024-12-20T21:30:08Z,2024,12,peninjauan kembali MA,institusional,putusan_kontroversial
NmcVybuz9NM,Putusan MA Buat Kaesang?,Harian Kompas,2024-05-31T09:41:16Z,2024,5,direktori putusan MA,institusional,layanan_digital_ux
r6g-aQxudZk,Kaidah Hukum Putusan MA - Contra Legem Pasal 86 UU 7/1989,Hukum_Peradilan,2024-05-26T04:08:37Z,2024,5,direktori putusan MA,institusional,layanan_digital_ux
YdG6uU0oHrs,Pembancan Putusan PUPR MA YT,Komisi Informasi Pusat,2024-05-30T06:09:45Z,2024,5,direktori putusan MA,institusional,layanan_digital_ux
_C4ZHnboZk0,"PUTUSAN SIDANG PK , 7 TERPIDANAH DI TOLAK MA",@sari,2024-12-16T13:27:17Z,2024,12,direktori putusan MA,institusional,layanan_digital_ux
P2q0SnNk0hM,Kuasa Hukum Pegi Setiawan Soroti Putusan MA Tolak PK 7 Terpidana Kasus Vina,SINDOnews,2024-12-17T05:05:32Z,2024,12,direktori putusan MA,institusional,layanan_digital_ux
__NQSNyD-Hw,"Pasti Ada Siapa Yang Benar Dan Salah, Tapi Putusan MA Sudah Diketuk Menolak Seluruh PK 7 Terpidana",Good Job Chanel,2024-12-16T16:58:40Z,2024,12,direktori putusan MA,institusional,layanan_digital_ux
T9hplm_tA4g,"[FULL] MA Ungkap Alasan Tolak PK 7 Terpidana Kasus Vina Cirebon, Bukti Tidak Penuhi Syarat",KOMPASTV JEMBER,2024-12-16T11:21:25Z,2024,12,direktori putusan MA,institusional,layanan_digital_ux
-LVQT7CIfm4,🔴LIVE - Mahkamah Agung Tolak Peninjauan Kembali Terpidana Kasus Vina Cirebon,Kompas.com,2024-12-16T06:52:45Z,2024,12,direktori putusan MA,institusional,layanan_digital_ux
snegeN0w7f8,BREAKING NEWS: MA Tolak PK 7 Terpidana Kasus Pembunuhan Vina Cirebon,KOMPASTV JAWA BARAT,2024-12-16T06:28:57Z,2024,12,direktori putusan MA,institusional,layanan_digital_ux
mPjHx5xJ7BQ,Isi Putusan Cerai Ria Ricis dan Teuku Ryan Hilang Dari Situs MA,Tribun Singkawang,2024-05-08T01:25:27Z,2024,5,direktori putusan MA,institusional,layanan_digital_ux
lLE2gXKAyWk,Hati-hati! Jangan Percaya Oknum yang Menawarkan untuk Memenangkan Perkara di MA,Humas Mahkamah Agung RI,2024-09-10T05:32:18Z,2024,9,direktori putusan MA,institusional,layanan_digital_ux
61U8R9ovtTg,Perbedaan MA dan Mk,Direktori Hukum,2024-09-18T03:24:25Z,2024,9,direktori putusan MA,institusional,layanan_digital_ux
sL6bpUrrjME,Video Penggunaan e-Court Mahkamah Agung RI,Pengadilan Agama Tangerang,2024-12-16T02:34:12Z,2024,12,e-court Mahkamah Agung,institusional,layanan_digital_ux
cg4HlHjSw9Y,Aplikasi E Court Mahkamah Agung | Pengadilan Agama Mungkid,Pengadilan Agama Mungkid ,2024-11-28T04:46:47Z,2024,11,e-court Mahkamah Agung,institusional,layanan_digital_ux
WD7GvK4Ylec,Cara Download Berkas Jawaban Tergugat di Akun Ecourt Mahkamah Agung,Pengacara Santuy Official,2024-12-29T09:00:25Z,2024,12,e-court Mahkamah Agung,institusional,layanan_digital_ux
GTvAIEfoigY,"Berperkara Kini Semakin Mudah! Yuk, Kenalan dengan e-Court Mahkamah Agung",PA Kepahiang,2024-07-22T08:22:46Z,2024,7,e-court Mahkamah Agung,institusional,layanan_digital_ux
X0quA21wl7k,Persyaratan dan Keuntungan Penggunaan e-Court Mahkamah Agung,PAHAT TV (Pengadilan Agama Lahat TV),2024-11-15T09:04:19Z,2024,11,e-court Mahkamah Agung,institusional,layanan_digital_ux
j6C6gD8oI9w,Sidang Putusan Online &amp; Offline,Pengacara Santuy Official,2024-12-08T15:00:47Z,2024,12,cara cari putusan online Mahkamah Agung,tutorial_website,layanan_digital_ux
-78cnjfs2mk,Cara melihat dan mengambil jawaban tergugat melalui e-court,Pengacara Santuy Official,2024-09-13T15:57:33Z,2024,9,cara cari putusan online Mahkamah Agung,tutorial_website,layanan_digital_ux
XMRVcgCf0hY,direktori putusan mahkamah agung Republik Indonesia putusan PN Kalianda No 18/Pdt.G/ 2023 / PN KLA,Peling Bindarma,2024-02-04T04:20:44Z,2024,2,cara cari putusan online Mahkamah Agung,tutorial_website,layanan_digital_ux
JHORkxk4_9E,e-Court: Solusi Cepat dan Mudah dalam Berperkara,PTUN PANGKALPINANG,2024-11-21T02:04:04Z,2024,11,tutorial e-court Indonesia,tutorial_website,layanan_digital_ux
XuCw5UvMc9Q,Tata Cara Gugatan Mandiri &amp; E-Court | PA Pangkalan Balai,PA Pangkalan Balai,2024-11-12T04:25:13Z,2024,11,tutorial e-court Indonesia,tutorial_website,layanan_digital_ux
bhzGO_m4Gwg,Penerapan E-Court Di Indonesia,Fandi Akhmad Nurhuda,2024-10-17T20:41:00Z,2024,10,tutorial e-court Indonesia,tutorial_website,layanan_digital_ux
QfMtagTItq4,Panduan Pendaftaran Perkara Melalui E-Court Bagi Pengguna Lain (Non-Advokat),PA Rembang,2024-11-21T06:12:06Z,2024,11,tutorial e-court Indonesia,tutorial_website,layanan_digital_ux
ZtFySHzSotc,Panduan Aplikasi E-Court Pengguna Lain (Non Advokat),Media Patuban,2024-11-13T02:12:54Z,2024,11,tutorial e-court Indonesia,tutorial_website,layanan_digital_ux
l-0a5Gyu92Y,Cara Mendaftar Gugatan Di E-Court,Peradi Utama,2024-03-19T18:49:47Z,2024,3,tutorial e-court Indonesia,tutorial_website,layanan_digital_ux
-R5nHke2gAk,Panduan Lengkap Berperkara Menggunakan E-Court Bagi Pengguna Lain di Pengadilan Agama Pasuruan,Pengadilan Agama Pasuruan,2024-11-18T10:44:55Z,2024,11,tutorial e-court Indonesia,tutorial_website,layanan_digital_ux
04YjxKo6F24,Administrasi Perkara Ecourt Bagi Pengguna lain ( Selain Advokat / Pengguna Terdaftar ),Pengadilan Agama Bandung,2024-08-30T03:09:32Z,2024,8,tutorial e-court Indonesia,tutorial_website,layanan_digital_ux
qSPbkUI04YA,YUK PAKAI ECOURT,PTA MATARAM,2024-04-03T05:22:53Z,2024,4,tutorial e-court Indonesia,tutorial_website,layanan_digital_ux
RtSz0IdQ1Fc,TUTORIAL PEMBUATAN AKUN E-COURT MELALUI E-GULA (E-Court Pengguna Lain),Pengadilan Negeri Lumajang,2024-11-28T07:13:18Z,2024,11,cara daftar e-court,tutorial_website,layanan_digital_ux
C7L9k7UfOw4,Cara daftar E-court 👩‍💼#mbaklawyer,Mbak Lawyer,2024-05-06T13:06:53Z,2024,5,cara daftar e-court,tutorial_website,layanan_digital_ux
LH52l45_8gQ,Video Prosedur Pendaftaran Akun Ecourt bagi Advokat,Pengadilan Tinggi Jawa Tengah,2024-11-15T07:31:00Z,2024,11,cara daftar e-court,tutorial_website,layanan_digital_ux
FGCxHuWBQhs,Tutorial Pendaftaran Perkara E-Court bagi Pengguna Lainnya,PA Sampang,2024-12-16T04:28:34Z,2024,12,cara daftar e-court,tutorial_website,layanan_digital_ux
Deq8uuwHN5s,Tata Cara Pendaftaran Perkara Secara Ecourt - Pengadilan Agama Bantul,Pengadilan Agama Bantul,2024-07-17T04:45:57Z,2024,7,cara daftar e-court,tutorial_website,layanan_digital_ux
4DRgruMsrp8,Video Edukasi Tata Cara Pendaftaran E-Court Pengguna Lain di Pengadilan Agama Pemalang Kelas 1A,Pengadilan Agama Pemalang,2024-11-13T08:35:37Z,2024,11,cara daftar e-court,tutorial_website,layanan_digital_ux
LkJMR1OBe2c,Panduan Pendaftaran Perkara Perdata melalui e-Court di Pengadilan Negeri Situbondo,PN Situbondo,2024-11-20T07:43:53Z,2024,11,cara daftar e-court,tutorial_website,layanan_digital_ux
mscJc0ya_XA,PEDAS! MAHFUD Geram Dengan Putusan MA : Kebusukan! Biar Runtuh Sendiri,Tribun MedanTV,2024-06-06T06:15:03Z,2024,6,cara download putusan MA,tutorial_website,layanan_digital_ux
i_HBq250ijg,"Jengkel soal Putusan MA, Mahfud MD: Busuk! Biar Runtuh Sendiri, Teruskan Mumpung Anda Punya Posisi",Tribun Ternate,2024-06-06T05:06:19Z,2024,6,cara download putusan MA,tutorial_website,layanan_digital_ux
0Oou4n_Nmns,TUTORIAL PANITERA PENGGANTI MENGUNGGAH BERITA ACARA SIDANG DALAM SIPP,Elvin Nailana,2024-12-21T10:55:19Z,2024,12,tutorial SIPP pengadilan,tutorial_website,layanan_digital_ux
4fKmZqt4fiU,emonev data SIPP PA Bulukumba,Komar Butta Panrita Lopi,2024-10-22T03:35:25Z,2024,10,tutorial SIPP pengadilan,tutorial_website,layanan_digital_ux
Xgkl_FZcLH4,Tutorial Mudah Lihat Jadwal Sidang di Pengadilan #sipp #ecourt #sidangelektronik #mahkamajagung,Info Legal untuk Semua (ILSA),2024-07-23T13:00:27Z,2024,7,tutorial SIPP pengadilan,tutorial_website,layanan_digital_ux
ybQMR8f5B0A,Cara Cari Nomor Perkara di Papan Informasi Pengadilan SIPP.,SH Harahap Channel,2024-05-09T04:35:49Z,2024,5,tutorial SIPP pengadilan,tutorial_website,layanan_digital_ux
d29MPRhhgPI,Source Code - Aplikasi Sistem Informasi Penelusuran Perkara (SIPP) Berbasis Web,NusaCodeSumber,2024-06-02T16:51:04Z,2024,6,tutorial SIPP pengadilan,tutorial_website,layanan_digital_ux
4t_73mYU6OA,"Ecourt,cara upload dokumen replik,duplik,pembuktian dan kesimpulan sidang elektronik",Arema Legal Consultant,2024-09-30T16:23:26Z,2024,9,tutorial SIPP pengadilan,tutorial_website,layanan_digital_ux
hsO-CEvVwHA,CARA FINALISASI BPJS KETENAGAKERJAAN DI SIPP ONLINE 2024 || CARA MEMBUAT KODE PEMBAYARAN BPJS,NTR GO CHANNEL (Nanik TR),2024-03-13T02:00:23Z,2024,3,cara pakai aplikasi SIPP,tutorial_website,layanan_digital_ux
8wO81C8xCA8,MUDAH DIPAHAMI CARA MENAMBAH DAN MENGURANGI PESERTA BPJS KETENAGAKERJAAN MELALUI NEW SIPP ONLINE,Mas BPJS,2024-08-05T05:43:02Z,2024,8,cara pakai aplikasi SIPP,tutorial_website,layanan_digital_ux
-15fpbh53D8,PANDUAN NEW SIPP ONLINE 2024 BPJS KETENAGAKERJAAN,Mas BPJS,2024-02-27T03:27:43Z,2024,2,cara pakai aplikasi SIPP,tutorial_website,layanan_digital_ux
C3uJQ-h98PA,Cara Sign In Sistem Pengurusan Pembelajaran SiPP,Syukri Salam,2024-11-13T05:52:13Z,2024,11,cara pakai aplikasi SIPP,tutorial_website,layanan_digital_ux
2Sd_d1pdIrE,cara upload permohonan SIPP,ari utami,2024-06-25T16:27:39Z,2024,6,cara pakai aplikasi SIPP,tutorial_website,layanan_digital_ux
kbrq4xR-ms8,Tutorial Penggunaan SIPP KARHUTLA (Sistem Informasi Patroli Pencegahan Kebakaran Hutan dan Lahan),Balai Dalkarhut Wilayah Jawa Bali Nusa Tenggara,2024-10-08T05:51:25Z,2024,10,cara pakai aplikasi SIPP,tutorial_website,layanan_digital_ux
5jYMoecIOSU,Eks Pejabat MA Zarof Ricar Tersangka Suap - [Newsline],METRO TV ,2025-05-14T08:27:38Z,2025,5,suap Mahkamah Agung,institusional,integritas_korupsi
MMleieS1CQY,Tanggapan Mahkamah Agung soal Dugaan Jaringan Suap Hakim,TV Tempo,2025-04-15T07:30:07Z,2025,4,suap Mahkamah Agung,institusional,integritas_korupsi
p9inyLqJmto,Lanjutan Kasus Suap di Mahkamah Agung KPK Tangkap Menas Erwin,GARUDA TV,2025-09-25T14:01:21Z,2025,9,suap Mahkamah Agung,institusional,integritas_korupsi
TEtf7zgCjYI,Mahkamah Agung Berhentikan Sementara Tiga Hakim Tipikor Tersangka Suap di PN Jakpus | Liputan 6,Liputan6,2025-04-14T09:48:42Z,2025,4,suap Mahkamah Agung,institusional,integritas_korupsi
GAib_hA_Av4,KPK Tetapkan Pengusaha Menas Erwin Tersangka Suap di Mahkamah Agung | tvOne,tvOneNews ,2025-09-26T06:11:00Z,2025,9,suap Mahkamah Agung,institusional,integritas_korupsi
8x0YcTet_eY,Mahkamah Agung Akan Berhentikan Empat Hakim dan Satu Panitera Penerima Suap Kasus CPO | Liputan 6,Liputan6,2025-04-14T15:32:58Z,2025,4,suap Mahkamah Agung,institusional,integritas_korupsi
s3h9By_zm9k,"KPK menahan MED terkait perkara suap di Mahkamah Agung yang melibatkan HH, Sekretaris MA 2020-2023",KPK RI,2025-09-26T10:01:34Z,2025,9,suap Mahkamah Agung,institusional,integritas_korupsi
3KsRavoNdHM,MA Berhentikan Hakim-Panitera Tersangka Suap CPO [Metro Hari Ini],METRO TV ,2025-04-14T10:20:30Z,2025,4,suap Mahkamah Agung,institusional,integritas_korupsi
qO-QMlDuSXg,Tutorial Penggunaan Aplikasi e-Court Mahkamah Agung | Pengadilan Agama Ngamprah,Pengadilan Agama Ngamprah,2025-08-19T04:22:37Z,2025,8,putusan Mahkamah Agung,institusional,putusan_kontroversial
YotwAz9oH9E,TUTORIAL LOGIN AKUN E-COURT MAHKAMAH AGUNG | PA PAMEKASAN,Pengadilan Agama Pamekasan,2025-06-16T06:11:08Z,2025,6,putusan Mahkamah Agung,institusional,putusan_kontroversial
gpo5XMV8k8g,Tutorial download putusan pada akun e-Court Mahkamah Agung #paboyolali #ecourt #mahkamahagung,Pengadilan Agama Boyolali,2025-01-20T02:15:20Z,2025,1,putusan Mahkamah Agung,institusional,putusan_kontroversial
dWXSRZ3lSBE,Mahkamah Agung Dorong Publikasi Global Putusan Penting dalam Laporan Tahunan 2025 | MA NEWS,KOMPASTV,2025-11-10T01:22:35Z,2025,11,putusan Mahkamah Agung,institusional,putusan_kontroversial
F04kUGgUUik,Tutorial Unduh Salinan Putusan pada E Court Mahkamah Agung RI,Pengadilan Agama Purworejo,2025-09-19T02:14:22Z,2025,9,putusan Mahkamah Agung,institusional,putusan_kontroversial
Sy19Z0bVTLs,Peninjauan Kembali Kedua: Kajian Hukum Kritis Putusan Mahkamah Agung RI | Penerbit Buku Amerta Media,Amerta Media,2025-06-13T04:08:52Z,2025,6,putusan Mahkamah Agung,institusional,putusan_kontroversial
nP7Aq2ORLSM,PUTUSAN KASASI BERKEKUATAN HUKUM TETAP BISA EKSEKUSI #advokatparlindungan #eksekusi #kasasi #hakim,"Pengacara Dr Parlindungan, SH MH",2025-09-23T16:11:45Z,2025,9,putusan Mahkamah Agung,institusional,putusan_kontroversial
af87UnzAKrw,Sikap Mahkamah Agung Tanggapi 4 Hakim Ditetapkan Sebagai Tersangka Suap Kasus CPO,KOMPASTV MALANG,2025-04-14T09:07:34Z,2025,4,putusan Mahkamah Agung,institusional,putusan_kontroversial
HTGz0uxXz6E,Putusan saya di Mahkamah Agung dijadikan pijakan bahwa mengkritik pejabat publik adalah sah,HARIS AZHAR,2025-08-16T11:00:25Z,2025,8,putusan Mahkamah Agung,institusional,putusan_kontroversial
PooG_r3PMow,Putusan Mahkamah Agung: Pemerintah DIlarang Ekspor Pasir Laut | Narasi Daily,Narasi Newsroom,2025-06-26T08:30:13Z,2025,6,putusan Mahkamah Agung,institusional,putusan_kontroversial
J732UKYZYrQ,"Himbauan Hotman Paris Kepada Ketua Mahkamah Agung, Tunda dulu Mutasi Hakim",HOTMAN PARIS Fans,2025-05-16T19:39:13Z,2025,5,putusan Mahkamah Agung,institusional,putusan_kontroversial
IzntEYq2XUs,"Mahkamah Agung Bahas RUU KUHAP, Usul Putusan Bebas Bisa Dikasasi | MA NEWS",KOMPASTV,2025-05-07T01:01:50Z,2025,5,putusan Mahkamah Agung,institusional,putusan_kontroversial
X_L_j3bI4OA,PENGAMBILAN SALINAN PUTUSAN &amp; PENETAPAN HASIL SIDANG MELALUI E-COURT MAHKAMAH AGUNG - MS SUKA MAKMUE,Mahkamah Syar'iyah Suka Makmue,2025-10-21T02:06:36Z,2025,10,putusan Mahkamah Agung,institusional,putusan_kontroversial
xe7fASVOIWE,"Tangis Hakim Pecah Saat Bacakan Vonis Zarof Ricar, Mencoreng Nama Baik MA &amp; Serakah | Liputan 6",Liputan6,2025-06-18T12:38:41Z,2025,6,vonis MA,institusional,putusan_kontroversial
kufkIQWK3bo,MA: Vonis 18 Tahun Penjara Mario Dandy untuk Dua Perkara Berbeda | TIRTO RECAP,TirtoID,2025-11-26T12:15:17Z,2025,11,vonis MA,institusional,putusan_kontroversial
9Abk-TlDkKg,🔴BREAKING NEWS Vonis Eks Pejabat MA Korupsi Nyaris Rp1 Triliun | LIVE | 18/06,Official iNews,2025-06-18T09:30:51Z,2025,6,vonis MA,institusional,putusan_kontroversial
BOt1OXY_6JA,MA Perberat Vonis Eks Dirut Pertamina Karen Agustiawan Jadi 13 Tahun Penjara,Buletin iNews GTV,2025-03-01T00:23:26Z,2025,3,vonis MA,institusional,putusan_kontroversial
cpy42-8riNc,MA Respons Sindiran Presiden Prabowo Soal Vonis Ringan Koruptor!,KOMPASTV,2025-01-04T03:31:42Z,2025,1,vonis MA,institusional,putusan_kontroversial
gWdJE0_aTRQ,Breaking News TOK! Hakim Vonis Eks Pejabat MA 16 Tahun Kasus Ronald Tannur | 18/06,Official iNews,2025-06-18T09:32:47Z,2025,6,vonis MA,institusional,putusan_kontroversial
C4c1UCAlg8E,MA Tanggapi Vonis Ringan Kasus Korupsi Timah - [Selamat Pagi Indonesia],METRO TV ,2025-01-04T04:01:01Z,2025,1,vonis MA,institusional,putusan_kontroversial
hosdmOXGMJ8,Vonis Berat Eks Pejabat MA dalam Kasus Suap #quotes #foryou,JUSTICE info id,2025-06-18T11:10:43Z,2025,6,vonis MA,institusional,putusan_kontroversial
Dq9KP63-x-4,VIRAL! HAKIM MENANGIS BACAKAN VONIS TERDAKWA EKS PEJABAT MA,DanposMagnum,2025-06-21T01:20:15Z,2025,6,vonis MA,institusional,putusan_kontroversial
EAJA-ZoQZcU,MA Ungkap Alasan Harta Helena Lim Dikembalikan dalam Vonis Kasus Korupsi Timah,Kompas.com,2025-01-02T11:01:32Z,2025,1,vonis MA,institusional,putusan_kontroversial
vQNSORluRnA,"MA tolak kasasi,Budi said di vonis 16 tahun penjara #shortsvideo #beritaviral #kasasi #mahkamahagung",Puzzle Secrets ,2025-07-30T00:00:02Z,2025,7,vonis MA,institusional,putusan_kontroversial
-x4HUcUa6wk,"Presiden Prabowo Sindir soal Vonis Koruptor, MA: Bukan Intervensi",KOMPASTV,2025-01-03T13:54:53Z,2025,1,vonis MA,institusional,putusan_kontroversial
G5iN8Wi4cPg,MA Usul Vonis Koruptor 50 Tahun Bukan Intervensi - [Primetime News],METRO TV ,2025-01-03T12:53:22Z,2025,1,vonis MA,institusional,putusan_kontroversial
x_o8B_cnYmw,"WILMAR KALAH TELAK DI MA! VONIS BEBAS DIBATALKAN, 3 RAKSASA SAWIT WAJIB GANTI RUGI RP 17,5 TRILIUN!",Vonis Media,2025-09-29T00:43:36Z,2025,9,vonis MA,institusional,putusan_kontroversial
qRFAzF_e5Lc,"🔥 GEGER! MA Menangkan Agnez Mo – Vonis Royalti Rp 1,5 M Dibatalkan!#berita #breakingnews #agnezmo",Sebaris Viral,2025-08-15T04:46:31Z,2025,8,vonis MA,institusional,putusan_kontroversial
eBbkAoAWyUA,"PUTUSAN KASASI MA TAHUN 2006, NADER TAHER DIJATUHI HUKUMAN 14 TAHUN PENJARA",Riau TV,2025-02-17T05:09:48Z,2025,2,kasasi MA,institusional,putusan_kontroversial
NBCeYTZIWCU,"MA Tolak Kasasi Mario Dandy, Total Hukuman Tetap 18 Tahun Penjara",KOMPASTV BANJARMASIN,2025-11-28T12:50:00Z,2025,11,kasasi MA,institusional,putusan_kontroversial
3F6bQVGCUgQ,Alur Pengajuan Kasasi dan Peninjauan Kembali Secara Elektronik untuk Semua Perkara,Humas Mahkamah Agung RI,2025-11-10T10:44:50Z,2025,11,kasasi MA,institusional,putusan_kontroversial
vZyIBGcjLek,KASASI DITOLAK MA !!! #trendingshorts #beritaterkini #beritaterbaru #quotes #faktamenarik,Cah Ndeso,2025-07-01T13:36:17Z,2025,7,kasasi MA,institusional,putusan_kontroversial
XA14VpmC6L4,Tata Cara Mengajukan KASASI ke Mahkamah Agung dalam Perkara Perdata,Pengacara Santuy Official,2025-09-24T05:09:35Z,2025,9,kasasi MA,institusional,putusan_kontroversial
gZOR80gAx4s,"Agnez Mo Menang Kasasi di MA, Gugatan Royalti Rp1,5 Miliar Gugur",Tribun Ternate,2025-08-14T09:42:09Z,2025,8,kasasi MA,institusional,putusan_kontroversial
nmST6SCJ1uw,"MA Tolak Kasasi Mario Dandy, Total Hukuman Tetap 18 Tahun Penjara  MA NEWS",KOMPASTV SUKABUMI,2025-11-28T04:27:10Z,2025,11,kasasi MA,institusional,putusan_kontroversial
J_kAtupxn88,Kasasi Eks Mentan DiTolak MA #trendingshorts #beritaterkini #beritaterbaru #quotes #faktamenarik,Cah Ndeso,2025-03-11T12:00:21Z,2025,3,kasasi MA,institusional,putusan_kontroversial
aC8Lqm9x7OU,"MA Tolak Kasasi Harvey Moeis, Tetap Dipenjara 20 Tahun | OneNews Update",tvOnenewscom,2025-07-02T07:52:25Z,2025,7,kasasi MA,institusional,putusan_kontroversial
O0bl_Cnybmk,"Agnez Mo Menang Kasasi di MA, Tak Perlu Bayar Rp 1,5 Miliar! #agnezmo #aribias #beritaartis #viral",Mak Soem,2025-08-14T13:00:39Z,2025,8,kasasi MA,institusional,putusan_kontroversial
tPnYANbWt38,KASASI DITOLAK MA! HARVEY MOEIS TETAP DIHUKUM 20 TAHUN PENJARA,TribunJatim Official,2025-07-03T13:01:52Z,2025,7,kasasi MA,institusional,putusan_kontroversial
DaGCgcIweXs,BREAKING NEWS! Razman Siapkan Strategi Menjelang Kasasi di Mahkamah Agung ,Cumicumi,2025-11-29T11:58:55Z,2025,11,kasasi MA,institusional,putusan_kontroversial
q_b40efjRMs,"MA Tolak Kasasi, Harvey Moeis Tetap di Penjara 20 Tahun!",Zanitha Abas,2025-07-01T15:00:11Z,2025,7,kasasi MA,institusional,putusan_kontroversial
xinpfBzBrj0,"Kasasi Harvey Moeis Ditolak MA, Tetap Dihukum 20 Tahun Penjara",Maku all,2025-07-02T02:06:26Z,2025,7,kasasi MA,institusional,putusan_kontroversial
frukaFjDbMo,Alur Pengajuan Upaya Hukum Kasasi dan Peninjauan Kembali Perkara Pidana,Pengadilan Negeri Padang,2025-03-12T03:21:05Z,2025,3,peninjauan kembali MA,institusional,putusan_kontroversial
zypY1kFPZKM,Peninjauan Kembali Terhadap Putusan Pidana Yang Berkekuatan Hukum Tetap #hukum #lawyer #pengacara,Gerald.Advokat,2025-07-24T05:31:31Z,2025,7,peninjauan kembali MA,institusional,putusan_kontroversial
wf5s2Hj7oR0,Peninjauan Kembali dalam perkara Pidana #hukum #peninjauankembali #hukumdankeadilan,Jhon SE Panggabean,2025-08-21T08:17:00Z,2025,8,peninjauan kembali MA,institusional,putusan_kontroversial
ho3gYHrNbiU,Peninjauan Kembali (PK) Gugur Pemohon tak Hadir #edukasihukum #peninjauankembali #gugur #foryou #fyp,"Darius Leka SH, MH",2025-08-29T11:48:10Z,2025,8,peninjauan kembali MA,institusional,putusan_kontroversial
ZSGbF4-mB4c,MA Tolak Peninjauan Kembali Eks Menkominfo Johnny Plate #berita #fypage #news #politik,JurnasTV,2025-05-14T03:10:15Z,2025,5,peninjauan kembali MA,institusional,putusan_kontroversial
yTf6YFH01cs,MA Tolak Peninjauan Kembali Eks Menkominfo Johnny G Plate #matalokal,Mata Lokal,2025-05-14T07:30:24Z,2025,5,peninjauan kembali MA,institusional,putusan_kontroversial
sK0Oq8zSeKg,PENINJAUAN KEMBALI,Rutan Pelaihari,2025-06-12T01:09:22Z,2025,6,peninjauan kembali MA,institusional,putusan_kontroversial
8D6cgt6vm5g,Habis-Habisan‼️ Peninjauan Kembali Sebagai Upaya Hukum Luar Biasa‼️ #peninjauankembali  #mahkamahagu,Vennacia Lawyer,2025-08-08T01:10:02Z,2025,8,peninjauan kembali MA,institusional,putusan_kontroversial
Tqhfncqn6P4,Sidang Peninjauan Kembali Silfester Matutina Ditunda karena Sakit,SAKSI KATA,2025-08-23T05:45:03Z,2025,8,peninjauan kembali MA,institusional,putusan_kontroversial
wKuv94ZSj6c,MINTARSIH AJUKAN PK KE MA ATAS PUTUSAN BAYAR GANTI RUGI Rp140M KE MERTUA NIKITA WILLY,Cek Kabar Online,2025-10-20T09:30:54Z,2025,10,peninjauan kembali MA,institusional,putusan_kontroversial
MMlG9-_pZfI,"PK HOTEL SATO DITOLAK MA, IMB HOTEL SATO DINYATAKAN TIDAK SAH",SIMPANG 5 TV,2025-01-08T07:16:31Z,2025,1,peninjauan kembali MA,institusional,putusan_kontroversial
Ic1wCvQYncc,"[HEADLINE NEWS 17/11] Putusan MA Dipersoalkan, SMAK Dago Minta Keadilan!",METRO TV ,2025-11-17T00:22:47Z,2025,11,peninjauan kembali MA,institusional,putusan_kontroversial
lT0o7J_3GkI,"40 hari berlalu, putusan 8 Terpidana Vina Cirebon belum ada di direktori putusan MA",Balige Academy,2025-01-25T20:47:55Z,2025,1,direktori putusan MA,institusional,layanan_digital_ux
VdcRVJcKukk,🔴FULL LENGKAP PUTUSAN NIKITA MIRZANI❗❗❗DARI DIREKTORI PUTUSAN MAHKAMAH AGUNG❗❗❗MENUNGGU VONIS KASASI,Mr ZEE Bicara ,2025-12-29T04:12:26Z,2025,12,direktori putusan MA,institusional,layanan_digital_ux
_1G_Pmgthy4,Mencari Sumber Informasi &amp; Putusan MA  Penyelesaian Damai #putusama #silfester,Shortlitik,2025-08-08T03:00:43Z,2025,8,direktori putusan MA,institusional,layanan_digital_ux
i8xMSz1T-YY,MA Repsons Pernyataan Prabowo soal Minta Vonis Harvey Moeis 50 Tahun | News Flash,Official iNews,2025-01-03T09:21:05Z,2025,1,direktori putusan MA,institusional,layanan_digital_ux
-n11WO_uKbM,Mahkamah Agung Dorong Integrasi Data Putusan demi Akses Informasi Hukum Terpadu | MA NEWS,KOMPASTV,2025-05-20T00:51:45Z,2025,5,direktori putusan MA,institusional,layanan_digital_ux
Pl6qQ8UMms8,"TERUNGKAP! ADA PUTUSAN MA HUKUM SILFESTER 1,5 TAHUN! KHOZINUDIN DKK TUNTUT EKSEKUSI!!",Refly Harun,2025-07-30T19:18:55Z,2025,7,direktori putusan MA,institusional,layanan_digital_ux
rCdpszxhnpE,REVIEW DIREKTORI MA RI PUTUSAN NOMOR 470/Pdt.G/2025/PN Mks PERCERAIAN DAN HAK ASUH ANAK,Melisa sri hartini,2025-12-29T07:29:39Z,2025,12,direktori putusan MA,institusional,layanan_digital_ux
CrrTIhT35aI,"KETUA MAHKAMAH AGUNG SUNARTO: TUNJANGAN 121 JUTA PER BULAN, SALINAN PUTUSAN TAK BISA DIDOWNLOAD!",Balige Academy,2025-01-05T02:42:20Z,2025,1,direktori putusan MA,institusional,layanan_digital_ux
nEPvXbZbwIw,Video Tutorial Berperkara Melalui e-Court Mahkamah Agung - Bahasa Indonesia,Pengadilan Agama Padang,2025-03-18T08:00:26Z,2025,3,e-court Mahkamah Agung,institusional,layanan_digital_ux
wl4SvLgwIFQ,PENGGUGAHAN MEMORI ATAU KONTRA MEMORI UPAYA HUKUM MELALUI ECOURT MAHKAMAH AGUNG| PN RANTAU PRAPAT,Pengadilan Negeri Rantau Prapat,2025-03-04T04:59:49Z,2025,3,e-court Mahkamah Agung,institusional,layanan_digital_ux
vDIIPKdDDYs,"Tutorial upload dokumen jawaban, replik dan duplik pada akun e-Court Mahkamah Agung",Pengadilan Agama Boyolali,2025-01-20T02:30:56Z,2025,1,e-court Mahkamah Agung,institusional,layanan_digital_ux
sRbBr-lEBFw,Mau daftar perkara sendiri? Kini mudah dengan e-Court Mahkamah Agung!,PN JAKARTA SELATAN,2025-10-24T00:55:33Z,2025,10,SIPP pengadilan,institusional,layanan_digital_ux
GHkBTWCiG-A,Cara mencari Putusan Pengadilan. GAMPANG BANGET ANTI RIBET!!,fajar rizki,2023-05-26T15:58:50Z,2023,5,cara cari putusan online Mahkamah Agung,tutorial_website,layanan_digital_ux
hbY1QxhGBuw,CARA DOWNLOAD AKTA CERAI ELEKTRONIK DI APK EAC MAHKAMAH AGUNG,Pengacara Santuy Official,2025-07-04T09:52:10Z,2025,7,cara cari putusan online Mahkamah Agung,tutorial_website,layanan_digital_ux
8A9p9qkxDfA,Panduan Pemeriksaan Jadwal Sidang Melalui E-Court,Pa Pontianak,2025-03-07T07:27:09Z,2025,3,cara cari putusan online Mahkamah Agung,tutorial_website,layanan_digital_ux
9rGiYw6A2zI,Tata Cara Daftar Perkara Gugatan Cerai Melalui e-Court | Pengadilan Agama Rantauprapat,Pengadilan Agama Rantauprapat,2025-11-25T07:47:05Z,2025,11,tutorial e-court Indonesia,tutorial_website,layanan_digital_ux
Z7LhUE92ydI,REVIEW FASILITAS DAN LAYANAN E-COURT MAHKAMAH AGUNG,Pengacara Santuy Official,2025-10-11T09:30:30Z,2025,10,tutorial e-court Indonesia,tutorial_website,layanan_digital_ux
lOZ7vs4_fyk,Tata Cara Pendaftaran Perkara Secara E-Court.,PA Gedongtataan,2025-09-28T00:46:50Z,2025,9,tutorial e-court Indonesia,tutorial_website,layanan_digital_ux
QNUUr5B7m5k,Alur Pendaftaran E-Court untuk Pengguna Lain (Perorangan) di Pengadilan Agama Bekasi,Pengadilan Agama Bekasi,2025-08-28T02:39:52Z,2025,8,tutorial e-court Indonesia,tutorial_website,layanan_digital_ux
_jCNQZ-VQJQ,Panduan e-Litigasi pada Aplikasi e-Court Mahkamah Agung RI,Pengadilan Agama Parigi,2025-11-14T02:31:10Z,2025,11,tutorial e-court Indonesia,tutorial_website,layanan_digital_ux
RFs_cxwyPZk,Tutorial Unduh Salinan Putusan dan Penetapan Melalui e-Court (Bahasa Indonesia),Pengadilan Agama Kasongan,2025-11-21T01:38:38Z,2025,11,tutorial e-court Indonesia,tutorial_website,layanan_digital_ux
bq5y_cC3_V8,"Kupas Tuntas, Ecourt sampai dengan Persidangan Elektronik",Direktorat Jenderal Badan Peradilan Umum,2025-07-14T01:00:35Z,2025,7,tutorial e-court Indonesia,tutorial_website,layanan_digital_ux
sGFsSOjtSlU,Panduan Pendaftaran Perkara Perdata Permohonan Melalui e-Court,Pengadilan Negeri Batulicin,2025-12-15T01:23:39Z,2025,12,tutorial e-court Indonesia,tutorial_website,layanan_digital_ux
bnNNtonYMiE,TATA CARA PENDAFTARAN AKUN E-COURT DI PENGADILAN,Pengacara Santuy Official,2025-03-23T02:11:28Z,2025,3,cara daftar e-court,tutorial_website,layanan_digital_ux
80ghN39UB9I,Tata Cara Pembuatan Akun E-Court,Pengadilan Agama Surabaya Official,2025-11-03T04:22:18Z,2025,11,cara daftar e-court,tutorial_website,layanan_digital_ux
ZgQGtRGn5Xo,TUTORIAL PENGGUNAAN APLIKASI E-COURT DI PENGADILAN AGAMA PAREPARE,pengadilan agama parepare,2025-10-22T23:57:12Z,2025,10,cara daftar e-court,tutorial_website,layanan_digital_ux
fP_Oi5IMr9A,Tutorial Pendaftaran Perkara Perdata via e-Court,Pengadilan Negeri Jakarta Barat,2025-09-03T07:59:05Z,2025,9,cara daftar e-court,tutorial_website,layanan_digital_ux
YZkAXnGhpbs,Tata Cara Download Salinan Putusan/Penetapan di E-Court Mahkamah Agung,Pengadilan Agama Banjarmasin Kelas IA,2025-08-22T06:16:24Z,2025,8,cara download putusan MA,tutorial_website,layanan_digital_ux
BTvXejH_XDI,Tata Cara Pengambilan Salinan Putusan Melalui E-Court di Pengadilan Agama Batam,Media Pengadilan Agama Batam,2025-03-10T02:14:18Z,2025,3,cara download putusan MA,tutorial_website,layanan_digital_ux
M1UWT8qNc5U,Video Tutorial Panduan Mengakses Salinan Putusan Pada E-Court,PENGADILAN NEGERI TASIKMALAYA,2025-08-24T14:31:59Z,2025,8,cara download putusan MA,tutorial_website,layanan_digital_ux
78FqK_Vej48,Bayar PNBP salinan Putusan dan Penetapan di e-court,Dita Maya Sari,2025-10-15T10:23:15Z,2025,10,cara download putusan MA,tutorial_website,layanan_digital_ux
c2CmxsYP2ow,Tugas Panitera Pengganti di aplikasi SIPP,"Januardi, S.Kom., M.H.",2025-01-11T10:20:42Z,2025,1,tutorial SIPP pengadilan,tutorial_website,layanan_digital_ux
mkP2F5pwCiQ,Sosialisasi  Pembaharuan Aplikasi SIPP Tingkat Pertama Versi 6.0.1 | 18 November 2025.,M.Y.R Channel,2025-11-24T06:09:52Z,2025,11,tutorial SIPP pengadilan,tutorial_website,layanan_digital_ux
jPB9KZEBvaA,Video Tata Cara Pengambilan Salinan Putusan Melalui Aplikasi E-Court,PENGADILAN NEGERI SEI RAMPAH,2025-11-03T08:44:17Z,2025,11,tutorial SIPP pengadilan,tutorial_website,layanan_digital_ux
kE8oBUJzfZg,Tutorial Unduh Salinan Putusan / Penetapan Melalui Akun E-Court,Pengadilan Agama Pulang Pisau,2025-08-15T07:25:46Z,2025,8,tutorial SIPP pengadilan,tutorial_website,layanan_digital_ux
_9rAxcygOd0,"Tutorial Menginput Jawaban Replik, Duplik dan Kesimpulan pada Aplikasi E-Court Mahkamah Agung RI",Pengadilan Agama Belopa,2025-04-29T02:32:17Z,2025,4,tutorial SIPP pengadilan,tutorial_website,layanan_digital_ux
0tyVQqI2_IM,Sidang Pembuktian E-court Upload Dokumen Saja Atau Sidang Offline Juga?,Pengacara Santuy Official,2025-01-31T10:00:02Z,2025,1,cara cek jadwal sidang online,tutorial_website,layanan_digital_ux
E6BTDW-KOTE,Tutorial Lengkap NEW SIPP | Cara Menggunakan Sistem Informasi Pelaporan Perusahaan,Muhamad Efendi,2025-09-02T08:06:21Z,2025,9,cara pakai aplikasi SIPP,tutorial_website,layanan_digital_ux
ShoQdvuG3lw,Tutorial Penggunaan Aplikasi SIPP Patroli Pencegahan Karhut,Restra Oki,2025-12-18T03:30:38Z,2025,12,cara pakai aplikasi SIPP,tutorial_website,layanan_digital_ux
8vB3R4-2GPU,SIPP ONLINE cara daftar,astriparamita,2025-08-04T03:22:28Z,2025,8,cara pakai aplikasi SIPP,tutorial_website,layanan_digital_ux
10N-3Ke3C6I,Tutorial Penggunaan Aplikasi Mobile SIPP Karhutla,Balai Dalkarhut Wilayah Jawa Bali Nusa Tenggara,2025-12-09T06:03:17Z,2025,12,cara pakai aplikasi SIPP,tutorial_website,layanan_digital_ux
FaDiDBm6fJA,Cara Membuat Laporan &amp; Kode Bayar Tagihan Iuran BPJS Ketenagakerjaan (JAMSOSTEK) di Aplikasi SIPP,JeTe eS eR,2025-04-15T01:28:19Z,2025,4,cara pakai aplikasi SIPP,tutorial_website,layanan_digital_ux
CIvGOSdMYt8,BPJS Ketenagakerjaan Karyawan : Aplikasi SIPP #bpjsketenagakerjaan  #karyawan  #SIPP,Piter Owen,2025-04-28T09:40:38Z,2025,4,cara pakai aplikasi SIPP,tutorial_website,layanan_digital_ux
NxywC7m2znQ,Cara Mencetak Kartu BPJS Ketenagakerjaan (JAMSOSTEK) Secara Mandiri di Aplikasi SIPP,JeTe eS eR,2025-07-06T04:25:20Z,2025,7,cara pakai aplikasi SIPP,tutorial_website,layanan_digital_ux
CNYSx0KPdis,Tutorial cara sanggah presensi di sipp.bkkbn.go.id bagi pegawai Kemendukbangga/BKKBN,afdhalul iman,2025-07-17T03:26:02Z,2025,7,cara pakai aplikasi SIPP,tutorial_website,layanan_digital_ux
Zvr2l-b7WhY,SIPP - BPJS ketenagakerjaan,Jaya Karet Channel,2025-07-29T04:13:44Z,2025,7,cara pakai aplikasi SIPP,tutorial_website,layanan_digital_ux
hjM-lnOMMwA,Cara pengisian STANDAR PELAYANAN PUBLIK pada SIPPN KEMENPAN-RB (cariyanlik),than_cute,2025-09-30T08:01:18Z,2025,9,cara pakai aplikasi SIPP,tutorial_website,layanan_digital_ux
a7YH4vpQITE,Cara Menonaktifkan Kepesertaan BPJS Ketenagakerjaan (JAMSOSTEK) Melalui Aplikasi SIPP,JeTe eS eR,2025-06-16T01:39:06Z,2025,6,cara pakai aplikasi SIPP,tutorial_website,layanan_digital_ux
Qkyt8qsigAs,ASN PMIK - Saluran Informasi dan Penanganan Pengaduan BPJS Kesehatan (SIPP).,ASN PMIK,2025-07-06T22:53:05Z,2025,7,cara pakai aplikasi SIPP,tutorial_website,layanan_digital_ux
AILVRlFJDAI,Kasus Suap Pengurusan Perkara di Mahkamah Agung ,Ningsih Hal,2026-06-21T13:35:01Z,2026,6,suap Mahkamah Agung,institusional,integritas_korupsi
sWso-RJvgPE,Membahas tentang Salinan putusan mahkamah Agung kasus Tindak Pidana Suap oleh Hakim Sudrajad Dimyati,Ferdi Gumawan Fauzi ,2026-06-16T01:07:13Z,2026,6,suap Mahkamah Agung,institusional,integritas_korupsi
wsB-jWuc2Rw,"tugas sosiologi hukum,analisis kasus suap di mahkamah agung",radi Maulana,2026-06-18T07:13:58Z,2026,6,suap Mahkamah Agung,institusional,integritas_korupsi
02YcrZriba4,"Tunjangan Hakim Naik Signifikan tapi Masih Terima Suap, Ini Kata Mahkamah Agung",Kabarhariini Dot Id,2026-02-10T05:40:44Z,2026,2,suap Mahkamah Agung,institusional,integritas_korupsi
-R4X7ywp--k,Penggeledahan Eks Pejabat Mahkamah Agung Ungkap Temuan Uang Hampir Rp1 Triliun dan Emas Batangan!,The Indonesia’s Post,2026-08-06T01:25:04Z,2026,8,suap Mahkamah Agung,institusional,integritas_korupsi
f5fylqTqAD4,Modus Makelar Kasus Mahkamah Agung RI Cuci Uang Diungkap Kejagung,Warta Kota Production,2026-04-22T10:46:08Z,2026,4,suap Mahkamah Agung,institusional,integritas_korupsi
DW_7Gju69SY,Ini Kata Gus Dur tentang &quot;MAFIA PERADILAN dan MA Pengecut yang Harus Dibersihkan,Kanal Unik,2026-07-09T16:31:45Z,2026,7,mafia peradilan,institusional,integritas_korupsi
8LSg-CNcd3A,🔴 LIVE UPDATE | KY Usulkan Sanksi terhadap 124 Hakim ke MA Sepanjang 2025 &amp; 3 Hakim Diberhentikan,Tribunnews,2026-01-28T12:34:54Z,2026,1,kode etik hakim agung,institusional,integritas_korupsi
HKcwzNjEZ50,Eks Hakim Agung: Tak Pamerkan Tersangka Korupsi Itu Adalah Kemajuan | AKIM tvOne,tvOneNews ,2026-01-12T13:19:32Z,2026,1,OTT hakim agung,institusional,integritas_korupsi
kMxnIAGCfvo,MA:MENYAKITKAN DAN KECEWA TERHADAP HAKIM YANG KENA OTT KPK #viral #beritaterkini #kpk #ottkpk,Pendengung Politik,2026-02-10T11:13:46Z,2026,2,OTT hakim agung,institusional,integritas_korupsi
wEG3Sb4sl3I,💥 TERNYATA HAKIM BISA DIBEBASKAN KARENA INTERVENSI MAHKAMAH AGUNG!,Atlas Ekonomi,2026-07-25T04:45:22Z,2026,7,OTT hakim agung,institusional,integritas_korupsi
9cZ3gcWtaMQ,Kawal PK Kasus Nikita Mirzani Anggota DPR Rieke Diah Pitaloka Soroti Hakim Agung Susilo!,Cumicumi,2026-06-25T08:49:53Z,2026,6,OTT hakim agung,institusional,integritas_korupsi
whTn6cL_iOs,🎯 TERNYATA HAKIM BISA DIBEBASKAN KARENA INTERVENSI MAHKAMAH AGUNG!,Atlas Ekonomi,2026-07-25T04:51:22Z,2026,7,OTT hakim agung,institusional,integritas_korupsi
RxiqzMyOxSQ,🔥 TERNYATA HAKIM BISA DIBEBASKAN KARENA DALIL MAHKAMAH AGUNG!,Atlas Ekonomi,2026-07-25T04:53:45Z,2026,7,OTT hakim agung,institusional,integritas_korupsi
q9Z__2XYyy8,"Gaji Sudah Dinaikkan Prabowo, Mahkamah Agung Miris karena Hakim PN Depok Kena OTT KPK: Serakah",Tribunnews,2026-02-10T00:51:48Z,2026,2,OTT hakim agung,institusional,integritas_korupsi
wPK87mxjYsQ,"Kembangkan Kasus Mafia Perkara Zarof Ricar, Kejagung Tetapkan Satu Tersangka",REPUBLIKA Official,2026-04-16T09:53:06Z,2026,4,Zarof Ricar,institusional,integritas_korupsi
bhOrQEX-sBQ,Kejagung Tahan Pengelola Aset Zarof Ricar,CNN Indonesia,2026-04-16T11:00:57Z,2026,4,Zarof Ricar,institusional,integritas_korupsi
WwyETPQCAck,Bikin Melongo! Gepokan Uang Rp920 Miliar dan 51 Kg Emas Disita dari Rumah Eks Pejabat MA Zarof Ricar,Suara Nusantara,2026-07-27T07:00:15Z,2026,7,Zarof Ricar,institusional,integritas_korupsi
eUWy2CDegYE,"Produser Film Sang Pengadil Terseret TPPU Kasus Zarof Ricar, Kejagung Tetapkan Tersangka Baru",Tribunnews,2026-04-16T10:26:07Z,2026,4,Zarof Ricar,institusional,integritas_korupsi
-mhNY75_6IU,Uang Rp12 Miliar Disita! Tersangka Baru Terungkap di Kasus Zarof Ricar | NTV PRIME,Nusantara TV,2026-04-16T13:20:00Z,2026,4,Zarof Ricar,institusional,integritas_korupsi
lyYZdXYn5ag,Misteri Kasus Zarof Ricar: Ke Mana 3000 Hakim Itu? #shorts #shortvideo,ClipperLab AI,2026-07-17T23:00:03Z,2026,7,Zarof Ricar,institusional,integritas_korupsi
nEIR7qV6vGA,KOSMAK Ungkap Jejak TPPU Seret Febrie: Di Kasus Zarof Ricar Ada Permainan Febrie Juga | KASI PAHAM,Kasi Paham NTV,2026-07-29T14:15:14Z,2026,7,Zarof Ricar,institusional,integritas_korupsi
7YcdVU6bOi4,"Babak Baru Kasus Zarof Ricar, Kejaksaan Agung Tahan Produser Film Pengadil",IDN Times,2026-04-16T11:17:44Z,2026,4,Zarof Ricar,institusional,integritas_korupsi
RQhmFnrFmwA,"Perusahaan Bayangan Zarof Ricar Digeledah, Diduga Menampung Hasil Pencucian Uang",TirtoID,2026-04-22T11:00:49Z,2026,4,Zarof Ricar,institusional,integritas_korupsi
r6p_UCCGWdY,Bongkar Kasus Zarof Ricar Uang 915 Miliar &amp; Emas 51 Kg Ditemukan!,PRD,2026-08-26T12:48:57Z,2026,8,Zarof Ricar,institusional,integritas_korupsi
qGc8ObBL56I,Fakta Terbaru! Kejagung Terus Kembangkan Penyidikan Kasus Zarof Ricar,Sumatera Ekspres,2026-07-23T05:45:06Z,2026,7,Zarof Ricar,institusional,integritas_korupsi
0fHY0jDiYnQ,"Zarof Ricar tersangkut kasus makelar kasus (mafia peradilan), suap, dan gratifikasi #news #berita",Bunda.ts12,2026-07-29T08:34:18Z,2026,7,Zarof Ricar,institusional,integritas_korupsi
JCC2KugNyiQ,Tim Penyidik Kejagung Ungkap Skema Praktik Pencucian Uang dan Geledah Shadow Company Zarof Ricar,Jawa Pos TV Digital,2026-04-23T08:27:17Z,2026,4,Zarof Ricar,institusional,integritas_korupsi
ETUjSEG_whE,"KEJAGUNG TEMUKAN HARTA FANTASTIS DI RUMAH ZAROF RICAR, UANG HAMPIR RP1 TRILIUN DAN EMAS 51 KG",Tasya,2026-08-02T15:06:17Z,2026,8,Zarof Ricar,institusional,integritas_korupsi
ADllkG-8cLA,"Terbukti Terima Gratifikasi dan TPPU, Eks Sekretaris Mahkamah Agung Nurhadi Divonis 5 Tahun Penjara",Tribunnews,2026-04-01T10:53:47Z,2026,4,Nurhadi MA,institusional,integritas_korupsi
mQfpr2M9dRM,Nurhadi Divonis 5 Tahun Penjara Dalam Kasus Gratifikasi dan Pencucian Uang  - [Metro Pagi Primetime],METRO TV ,2026-04-02T01:46:45Z,2026,4,Nurhadi MA,institusional,integritas_korupsi
EizS6jytrjw,"BREAKING NEWS: Eks Sekretaris MA Nurhadi Dihukum 5 Tahun Penjara &amp; Uang Pengganti Rp137,1 Miliar",TribunnewsWIKI Official,2026-04-01T10:08:33Z,2026,4,Nurhadi MA,institusional,integritas_korupsi
IZ7iiksFWBo,Eks Sekretaris MA Nurhadi Angkat Al-Qur&#39;an saat Bantah Terima Gratifikasi &amp; TPPU,TirtoID,2026-03-25T15:26:21Z,2026,3,Nurhadi MA,institusional,integritas_korupsi
MxPTRv7s1HA,"Terima Grativikasi, Mantan Sekertaris MA Divonis 5 Tahun Penjara - [Metro Siang]",METRO TV ,2026-04-02T06:15:42Z,2026,4,Nurhadi MA,institusional,integritas_korupsi
AvczWzZKjzU,"Diinul Islam: Diinuts Tsaqofah wal Hadhoroh - Ustadz Dr. Nurhadi, MA. | Kajian Ramadhan 1447 H",Bintal Islam WIKA,2026-02-24T19:14:19Z,2026,2,Nurhadi MA,institusional,integritas_korupsi
PaU-1X5TLd0,"Terbukti Terima Gratifikasi, Eks Sekretaris MA Nurhadi Divonis Lima Tahun Penjara | LAPORAN 8 MALAM",GARUDA TV,2026-04-01T16:05:14Z,2026,4,Nurhadi MA,institusional,integritas_korupsi
rxJhSJcl5Os,Eks Mantan Sekertaris MA Divonis 5 Tahun Penjara,CNN Indonesia,2026-04-02T04:00:46Z,2026,4,Nurhadi MA,institusional,integritas_korupsi
20n9qBR5wLQ,🔴LIVE UPDATE| Eks Sekretaris MA Nurhadi Minta Putusan yang Adil pada Kasus Dugaan Gratifikasi &amp; TPPU,Tribun Gorontalo,2026-03-25T09:52:47Z,2026,3,Nurhadi MA,institusional,integritas_korupsi
RRSRX2qzP5E,🔴LIVE UPDATE | Eks Sekretaris MA Nurhadi Hadapi Vonis Pekan Depan Perkara Gratifikasi dan TPPU,Tribunnews,2026-03-27T09:48:21Z,2026,3,Nurhadi MA,institusional,integritas_korupsi
FMMMIsJEqjk,🔴LIVE UPDATE| Eks Sekretaris MA Nurhadi Minta Putusan yang Adil pada Kasus Dugaan Gratifikasi &amp; TPPU,Tribunnews,2026-03-25T09:34:13Z,2026,3,Nurhadi MA,institusional,integritas_korupsi
C9bJ-NKxFds,"Ceramah Tarawih - Ramadhan 1447 H, Dr. Nurhadi, MS., MA “Al Quwah Al Insaniyah”,  22022026",Masjid Al-Ittihaad Kemanggisan,2026-02-23T02:15:32Z,2026,2,Nurhadi MA,institusional,integritas_korupsi
wnkMwDMb_ak,NURHADI (Mantan Sekretaris MA)#Nurhadi #MafiaPeradilan #MahkamahAgung #KeadilanMati,Gani Basit,2026-05-10T14:28:02Z,2026,5,Nurhadi MA,institusional,integritas_korupsi
3it0cvIkyd0,penyalahgunaan wewenang dalam kekuasaan kehakiman kajian yuridis atas kasus korupsi Sudrajad dimyati,Shelfi Ramadhani,2026-06-19T11:28:03Z,2026,6,Sudrajad Dimyati,institusional,integritas_korupsi
4toW7PzId8o,Perjalanan Hukum Kasus Suap Mantan Hakim Agung Sudrajat Dimyati,Siti Aisyah Milkafah,2026-06-18T02:13:31Z,2026,6,Sudrajad Dimyati,institusional,integritas_korupsi
fh4xV-I1LoI,CASE BRIEF KASUS SUAP PENGURUSAN PERKARA KSP INTIDANA YANG MELIBATKAN HAKIM AGUNG SUDRAJAD DIMYATI,Imam Asadel,2026-06-16T11:56:18Z,2026,6,Sudrajad Dimyati,institusional,integritas_korupsi
oklsRJZyFJE,Pembahasan kasus tindak pidana korupsi Oleh Hakim Agung Sudrajat Dimyati.,Muhammad Fachrurozi,2026-06-17T14:05:28Z,2026,6,Sudrajad Dimyati,institusional,integritas_korupsi
cfvNUSr2hXw,CASE BRIEF KASUS SUAP PENGURUSAN PERKARA KSP INTIDANA YANG MELIBATKAN HAKIM AGUNG SUDRAJAT DIMYATI,Rendy Almisra,2026-06-20T08:15:51Z,2026,6,Sudrajad Dimyati,institusional,integritas_korupsi
wlU5iVgjE9g,"Penampakan Rumah Mewah Hakim Agung Nonaktif Gazalba Saleh yang Disita KPK, Dilelang Rp 6 Miliar",Tribunnews,2026-06-10T05:03:13Z,2026,6,Gazalba Saleh,institusional,integritas_korupsi
2N_BbSsWf8Q,GEGER! PIHAK NIKITA MIRZANI TERNYATA BELUM TERIMA PUTUSAN KASASI DARI MAHKAMAH AGUNG !!,Reyben Entertainment,2026-03-31T08:06:24Z,2026,3,vonis bebas kasasi MA,institusional,integritas_korupsi
HfssKVt9270,"Sempat Kecewa Kasasi Ditolak, Nikita Mirzani Kembali Optimis Bisa Bebas dari Kasus Pemerasan",Tribun Sulbar Official,2026-04-01T03:50:10Z,2026,4,vonis bebas kasasi MA,institusional,integritas_korupsi
AbMsLzzTCwk,EKSAMINASI PUBLIK: Di Balik Vonis Bebas &amp; Temuan 1 Triliun (Kasus Ronald Tannur &amp; Zarof Ricar),Adli,2026-01-06T04:39:33Z,2026,1,vonis bebas kasasi MA,institusional,integritas_korupsi
kIDaHljHC9Y,kasasi di tolak MA vonis Nikita tetap 6 tahun penjara#nikitamirzani#MA#shorts#trending,Maulana Maulana,2026-03-17T06:53:05Z,2026,3,vonis bebas kasasi MA,institusional,integritas_korupsi
Zd8rKNweDR0,"Yakin Tuntutan Disetujui MA, Jaksa Ambil Upaya Hukum Kasasi Atas Vonis Bebas Sugesti Komisioner Bawa",Bangka Pos Official,2026-03-12T15:07:46Z,2026,3,vonis bebas kasasi MA,institusional,integritas_korupsi
0315Gz_M6Wc,"Razman Ungkap Ini Usai Kasasi Ditolak, Begini Reaksi Hotman Dan Farhat Abbas",Cumicumi,2026-05-22T08:47:25Z,2026,5,vonis bebas kasasi MA,institusional,integritas_korupsi
v9SYV3da_xc,"Detik-detik Putusan MA! Nikita Mirzani Berpeluang Bebas, Richard Le Seret Reza Gladis &amp; Shela Saukia",dianrazix,2026-03-09T19:46:02Z,2026,3,vonis bebas kasasi MA,institusional,integritas_korupsi
qTGBsbg6NJo,Kisah Kelam Alda Risma: Terkuak Alasan MA Batalkan Hukuman P3MBUNUH4N Berencana!,Fieed,2026-08-30T10:00:09Z,2026,8,diskon hukuman MA,institusional,integritas_korupsi
BPnLJNNwyVY,LAGI DAN LAGI KASUS KORUPSI TERKUAK DIRUMAH EXS MANTAN PEJABAT MA DITEMUKAN 920 M &amp; 51 EMAS BTANGAN,Buddyrendy,2026-08-31T11:21:15Z,2026,8,makelar kasus MA,institusional,integritas_korupsi
VfCL0jfwv8s,Makelar Kasus 1 Triliun Mahkamah Agung! Haruskah Prabowo Keluarkan Perppu?,ZioZoe,2026-07-14T11:17:26Z,2026,7,makelar kasus MA,institusional,integritas_korupsi
LjiPxj18Y0c,🟢SUGENG; F.A Makelar Kasus Di MA.!?,Polemica,2026-08-07T11:14:03Z,2026,8,makelar kasus MA,institusional,integritas_korupsi
0cMeaHBU38Y,Rahasia Gelap MA: Bagaimana 3.000 Hakim Bisa &quot;Disandera&quot; Makelar Kasus?,cuplikanid,2026-07-17T08:00:02Z,2026,7,makelar kasus MA,institusional,integritas_korupsi
4sYRZvPOXcc,Syarat Putusan Pidana Menjadi Dasar Untuk Peninjauan Kembali Perkara Perdata #hukum #lawyer,Gerald.Advokat,2026-09-08T07:09:58Z,2026,9,putusan Mahkamah Agung,institusional,putusan_kontroversial
Np0pkpYLxYc,"Putusan MA Sudah Keluar, Pesangon Kok Belum Cair?",CERITA KOTA,2026-09-08T13:09:53Z,2026,9,vonis MA,institusional,putusan_kontroversial
-WDKSQr4BJ8,Gugatan Peninjauan Kembali/PK Terhadap Putusan MA No. 901 K/Pdt 2017 Ttg UUD 45. PN JakPus. 8-9-2026,Edawati Rama,2026-09-08T06:11:21Z,2026,9,vonis MA,institusional,putusan_kontroversial
SWFHsqwanZo,"GEGER! Kasasi Ditolak MA di Kasus Hotman, Razman Belum Menyerah dan Siap Ajukan Peninjauan Kembali",Official iNews,2026-05-27T13:27:04Z,2026,5,kasasi MA,institusional,putusan_kontroversial
WUE2o91zaT8,TAHAPAN LENGKAP PROSEDUR KASASI ONLINE VIA E-COURT MAHKAMAH AGUNG,Pengadilan Tata Usaha Negara Serang,2026-07-02T03:55:48Z,2026,7,kasasi MA,institusional,putusan_kontroversial
A2enxlTJ2MY,"BERITA HANGAT KAKSASI RASMAN DI TOLAK MA, BAKAL MASUK PENJARA??",MM 93,2026-05-19T05:51:18Z,2026,5,kasasi MA,institusional,putusan_kontroversial
QcAJtk1Q4dE,🛑 DITOLAK ‼️ PENGAJUAN KASASI NIKITA MIRZANI SECARA RESMI DITOLAK OLEH MAHKAMAH AGUNG‼️,Parikesit Channel,2026-03-14T11:28:40Z,2026,3,kasasi MA,institusional,putusan_kontroversial
Iz7aH2Yoy_A,"MA Tolak Kasasi Nikita Mirzani Dan JPU, Nikita Mirzani tetap dihukunm 6 tahun ?!! #shorts #trending",Dopamine Media,2026-03-13T17:13:25Z,2026,3,kasasi MA,institusional,putusan_kontroversial
C03waYYNXeE,"kasasi ditolak MA,razman divonis 1,5 tahun #shorts #razman #hotman #mahkamahagung #beritaviral",Anak Mandiri,2026-05-19T23:24:12Z,2026,5,kasasi MA,institusional,putusan_kontroversial
LuhnAB2Ilj0,Aturan Penggunaan Putusan Pidana Sebagai Dasar Peninjauan Kembali Perkara Perdata #hukum #lawyer,Gerald.Advokat,2026-01-20T05:49:44Z,2026,1,peninjauan kembali MA,institusional,putusan_kontroversial
0VDq1xm2pho,"Ketua MA Blak-blakan 220 Hakim Kena Sanksi Disiplin Sepanjang 2025, Dihukum Ringan - Berat",MerdekaDotCom,2026-02-10T05:04:31Z,2026,2,peninjauan kembali MA,institusional,putusan_kontroversial
e7HQUTJZAoI,"81 Tahun Mahkamah Agung, Transformasi dan Inovasi Penegakan Hukum | MA NEWS",KOMPASTV,2026-08-26T03:33:17Z,2026,8,kepercayaan publik Mahkamah Agung,institusional,kepercayaan_publik
9Y0J6VRJirU,"81 Tahun Mahkamah Agung, Perjalanan Menuju Peradilan Modern | MA NEWS",KOMPASTV,2026-08-19T05:14:53Z,2026,8,kepercayaan publik Mahkamah Agung,institusional,kepercayaan_publik
LNXbEAN5L2I,"Refleksi 73 Tahun IKAHI, Ketua MA: Tanpa Kepercayaan Publik, Marwah Peradilan Akan Runtuh",KOMPASTV ACEH,2026-05-05T08:15:06Z,2026,5,kepercayaan publik Mahkamah Agung,institusional,kepercayaan_publik
mlwxa4lFMUE,"Pesan Menyentuh Anggota Komisi III Wayan, untuk Mahkamah Agung RI",Tribun Bengkulu,2026-06-15T05:40:59Z,2026,6,kepercayaan publik Mahkamah Agung,institusional,kepercayaan_publik
j1yaXDNtLuM,⚖️7 Nilai Utama Mahkamah Agung RI⚖️,Pengadilan Negeri Surabaya,2026-08-19T13:53:25Z,2026,8,kepercayaan publik Mahkamah Agung,institusional,kepercayaan_publik
fHuq6rLi2Iw,[FULL] Mahkamah Agung Resmi Berhentikan Sementara Hakim dan Aparatur PN Depok yang Terjerat OTT KPK,Liputan6,2026-02-09T05:43:07Z,2026,2,reputasi Mahkamah Agung,institusional,kepercayaan_publik
FBwoNHxD0UY,BLAK-BLAKAN HAKIM AGUNG UNGKAP AKSI LICIK DPR KENDALIKAN VONIS DI PENGADILAN,Forum Keadilan TV,2026-07-21T06:00:16Z,2026,7,reputasi Mahkamah Agung,institusional,kepercayaan_publik
mc___SUyA8E,Mahkamah Agung Gelar Pelantikan dan Sumpah Jabatan 16 Pejabat Administrator | MA NEWS,KOMPASTV,2026-06-25T03:18:10Z,2026,6,reputasi Mahkamah Agung,institusional,kepercayaan_publik
-g7krvp1QjQ,Mahkamah Agung Gelar Konsultasi Publik Rancangan Perma Pemaafan Hakim | MA NEWS,KOMPASTV,2026-02-16T02:18:52Z,2026,2,reputasi Mahkamah Agung,institusional,kepercayaan_publik
R9jll9oZv3k,Mahkamah Agung Apresiasi Hibah Gedung Arsip Baru Pengadilan Negeri Batam | MA NEWS,KOMPASTV,2026-07-29T03:38:05Z,2026,7,reputasi Mahkamah Agung,institusional,kepercayaan_publik
qwwNUJCDPSU,"[FULL] Peran Bawas MA Jaga Integritas Peradilan, Upaya Pengawasan Aparatur Mahkamah Agung | MA NEWS",KOMPASTV,2026-04-09T00:50:13Z,2026,4,reputasi Mahkamah Agung,institusional,kepercayaan_publik
KZtWjaS1CAQ,Bersih Bersih Peradilan! Mahkamah Agung Tegaskan Sanksi Pecat Tidak Hormat Bagi Pimpinan PN Depok,TribunJakarta Official,2026-02-07T09:18:09Z,2026,2,reputasi Mahkamah Agung,institusional,kepercayaan_publik
wSpmzd-Sm_Y,"HUT ke-81 RI, Mahkamah Agung Gelar Upacara dan Beri Penghargaan untuk ASN | MA NEWS",KOMPASTV,2026-08-18T03:39:00Z,2026,8,reputasi Mahkamah Agung,institusional,kepercayaan_publik
h3rEqnKQs3Y,🔴BREAKING NEWS - PERNYATAAN MAHKAMAH AGUNG SOAL OTT PN DEPOK (09/02),Official iNews,2026-02-09T04:52:21Z,2026,2,reputasi Mahkamah Agung,institusional,kepercayaan_publik
iRA5mjoyxXI,"Diduga Melanggar Kode Etik, Tiga Hakim Militer Dilaporkan ke Mahkamah Agung | Liputan 6",Liputan6,2026-05-19T00:51:40Z,2026,5,reputasi Mahkamah Agung,institusional,kepercayaan_publik
jwjj8SirDm4,Cara download salinan putusan di aplikasi E-Court Mahkamah Agung ,Pengacara Santuy Official,2026-02-03T04:30:26Z,2026,2,cara download putusan MA,tutorial_website,layanan_digital_ux
5tmszddWOZ8,Tutorial Download Salinan Putusan/ Penetapan Melalui Aplikasi E-Court,pengadilan agama buntok,2026-01-05T09:06:39Z,2026,1,cara download putusan MA,tutorial_website,layanan_digital_ux
Gh0xRzGnbZo,Trump Kunci Tarif Impor Dunia di Angka 15 Persen meski Sempat Tersandung Penolakan dari MA,Tribunnews,2026-02-22T04:56:01Z,2026,2,cara download putusan MA,tutorial_website,layanan_digital_ux
O871fE6HY-c,"Jaksa Ungkap Suap Rp 45,7 Miliar kepada Nurhadi untuk Beli Tas Mewah hingga Lahan Sawit",Kompascom Reporter on Location,2020-10-22T09:28:01Z,2020,10,suap Mahkamah Agung,institusional,integritas_korupsi
boPZUbieR7A,Kuasa Hukum: Tak Bukti Kuat Keterlibatan Nurhadi Terkait Kasus Suap - iNews Pagi 21/11,Official iNews,2020-11-21T04:34:17Z,2020,11,suap Mahkamah Agung,institusional,integritas_korupsi
xArW3dq17gM,Nurhadi Dan Perlindungan Premium - AIMAN (Bag 2),KOMPASTV,2020-03-01T05:08:19Z,2020,3,mafia peradilan,institusional,integritas_korupsi
oRqyUsAS6jU,"Selamat dan sukses atas dilantiknya Dr. H. Hasbi Hasan, M.H., sebagai Sekretaris Mahkamah Agung RI",Pengadilan Agama Gorontalo,2020-12-22T09:58:33Z,2020,12,Hasbi Hasan MA,institusional,integritas_korupsi
vS4LcmZf-tc,Obiografi Peradilan Agama ( Host M. Natsir Asnawi dengan Guest Star Kapuslitbangkumdil MA RI),MOBILE JUDICIARY PODCAST,2020-10-27T05:00:14Z,2020,10,Hasbi Hasan MA,institusional,integritas_korupsi
TyunUPSonOo,Pengambilan Sumpah Jabatan dan Pelantikan Sekretaris Mahkamah Agung RI,Humas Mahkamah Agung RI,2020-12-24T01:55:25Z,2020,12,Hasbi Hasan MA,institusional,integritas_korupsi
vapqrQmJ7vk,Berangkat Sekolah di Pusdiklat MA RI (Pelatihan Hakim Jurubicara),Air Langgar,2020-03-12T01:46:54Z,2020,3,Hasbi Hasan MA,institusional,integritas_korupsi
886HcIMqlm4,"HUKUM MAKMUM TIDAK MENGIKUTI QUNUT IMAM - Tgk H DR Husnaini Hasbi, MA - Masjid Jamik Lhokseumawe",UNIVERSITAS AKHIRAT,2020-05-03T15:17:51Z,2020,5,Hasbi Hasan MA,institusional,integritas_korupsi
qFRm8c2ISFY,PENGAMBILAN SUMPAH JABATAN DAN PELANTIKAN SEKRETARIS MA,Pengadilan Agama Kota Tasikmalaya,2020-12-22T14:28:46Z,2020,12,Hasbi Hasan MA,institusional,integritas_korupsi
1CcI0To3Ajk,"KAPAN MAKMUM MULAI SALAM ? - Tgk H DR Husnaini Hasbi, MA - Masjid Jamik Lhokseumawe",UNIVERSITAS AKHIRAT,2020-05-03T21:30:15Z,2020,5,Hasbi Hasan MA,institusional,integritas_korupsi
qu1EJJudKlQ,PENGAMBILAN SUMPAH JABATAN DAN PELANTIKAN SEKRETARIS MA,Pengadilan Agama Kota Tasikmalaya,2020-12-22T04:08:20Z,2020,12,Hasbi Hasan MA,institusional,integritas_korupsi
b_PvmkJNPfc,Sambutan Kepala Badan Litbang Diklat Kumdil Mahkamah Agung dalam Pelatihan Online,BSDK Mahkamahagung,2020-06-13T12:20:29Z,2020,6,Hasbi Hasan MA,institusional,integritas_korupsi
x54kOdLkXqw,KPK Tangkap Mantan Sekretaris MA Nurhadi,KOMPASTV,2020-06-02T08:41:47Z,2020,6,Nurhadi MA,institusional,integritas_korupsi
IlY1IdaOgtk,"KPK: Nurhadi Mantan Sekretaris MA, DPO",CNN Indonesia,2020-02-15T00:30:01Z,2020,2,Nurhadi MA,institusional,integritas_korupsi
5nXDVyrayZg,"Sidang Lanjutan Kasus Suap Mantan Sekretaris MA Nurhadi, Ada 2 Nama Jenderal yang Ikut Disebut",Tribunnews,2020-11-13T08:07:40Z,2020,11,Nurhadi MA,institusional,integritas_korupsi
y84SoICrJTc,Nurhadi Ditangkap Mafia Hukum Diburu,METRO TV ,2020-06-03T05:34:17Z,2020,6,Nurhadi MA,institusional,integritas_korupsi
Ds2T17lngTo,Akhir Nurhadi &#39;Si Dewa Peradilan Indonesia&#39; | Telusur tvOne (8/7/2020),Investigasi tvOne,2020-07-08T17:00:52Z,2020,7,Nurhadi MA,institusional,integritas_korupsi
1WsYzjgnN1I,"Eks Sekretaris MA Nurhadi Ditangkap, KPK: Mereka yang Bantu Sembunyikan Nurhadi akan Diproses Hukum",Tribun Solo Official,2020-06-03T07:49:48Z,2020,6,Nurhadi MA,institusional,integritas_korupsi
s8pfwjrVoKQ,Eks Sekretaris MA Nurhadi Jadi Buronan KPK,METRO TV ,2020-02-18T03:29:35Z,2020,2,Nurhadi MA,institusional,integritas_korupsi
2acltEomv98,Nurhadi Mantan Sekretaris MA Jadi Buron KPK,METRO TV ,2020-02-14T08:22:52Z,2020,2,Nurhadi MA,institusional,integritas_korupsi
Uba0Aut0AgU,"Jadi Buron, Nurhadi Mantan Sekretaris MA Berhasil Ditangkap KPK",LENSA INDONESIA - RTV,2020-06-03T10:27:18Z,2020,6,Nurhadi MA,institusional,integritas_korupsi
IQY_yqF219s,Mantan Sekretaris MA Nurhadi Jalani Sidang Perdana,METRO TV ,2020-10-22T12:46:59Z,2020,10,Nurhadi MA,institusional,integritas_korupsi
BVpd3eHllo4,Eks Sekretaris MA Nurhadi dan Menantu Didakwa Terima Suap Gratifikasi - iNews Malam 22/10,Official iNews,2020-10-23T04:14:06Z,2020,10,Nurhadi MA,institusional,integritas_korupsi
LWoT5dZFUL0,Siapa Saja Tim Sukses Pinangki Urus Fatwa MA? - AIMAN (Bag 5),KOMPASTV,2020-09-28T15:05:34Z,2020,9,Sudrajad Dimyati,institusional,integritas_korupsi
3Ih5DX25kZI,"Prof Dr H Supandi SH M.Hum sosok Hakim Agung yang tekun, adil dan berani",Akung Toyo,2020-04-04T23:37:28Z,2020,4,Sudrajad Dimyati,institusional,integritas_korupsi
MqPUu4EWZnY,MA Vonis Bebas Karen Agustiawan,BeritaSatu,2020-03-09T15:02:36Z,2020,3,vonis bebas kasasi MA,institusional,integritas_korupsi
ME5GFS0z8wc,Roma Hurmuzi Bebas Dan Tinggal Menunggu Putusan Kasasi Dari MA,Politik Sosial Agama Hukum,2020-05-01T13:42:39Z,2020,5,vonis bebas kasasi MA,institusional,integritas_korupsi
wB4Pn-6WWIw,"Kasasi Dikabulkan Mahkamah Agung, Sandy Tumiwa Bebas dari Penjara",Tabloid Bintang,2020-07-31T08:38:21Z,2020,7,vonis bebas kasasi MA,institusional,integritas_korupsi
iu9AdUF3Okk,13.4. Kasasi,Abdullah Tw,2020-11-24T02:43:13Z,2020,11,vonis bebas kasasi MA,institusional,integritas_korupsi
jSMTp82uSrM,Makna Banding dan Kasasi Dalam Perkara Pidana,Politik Sosial Agama Hukum,2020-03-08T14:24:57Z,2020,3,vonis bebas kasasi MA,institusional,integritas_korupsi
2Lj-pXld3EE,MA &#39;Diskon&#39; Masa Hukuman Anas Urbaningrum hingga 6 Tahun,METRO TV ,2020-10-03T09:28:40Z,2020,10,diskon hukuman MA,institusional,integritas_korupsi
kz_RHUHQP7E,"Pangkas Hukuman Koruptor, Ada Apa dengan MA?",METRO TV ,2020-10-02T14:09:33Z,2020,10,diskon hukuman MA,institusional,integritas_korupsi
2zR-vxOnnpM,&quot;Hakim Khilaf&quot; Jadi Dalil MA Murah Hati pada Koruptor,METRO TV ,2020-10-02T14:09:44Z,2020,10,diskon hukuman MA,institusional,integritas_korupsi
f8FAoPFBjx4,Aturan MA Koruptor Dipenjara Seumur Hidup,KOMPASTV,2020-08-03T14:31:45Z,2020,8,diskon hukuman MA,institusional,integritas_korupsi
L2aFqKjHXCA,Aturan Baru! MA Atur Hukuman Seumur Hidup Buat Koruptor | Economy tvOne,100kpj com,2020-08-04T09:42:13Z,2020,8,diskon hukuman MA,institusional,integritas_korupsi
TzR43WeZ_Ak,MA Potong Masa Hukuman Anas Urbaningrum - SIS 02/10,Seputar iNews RCTI,2020-10-02T07:37:15Z,2020,10,diskon hukuman MA,institusional,integritas_korupsi
pol4KGRusBk,Mahkamah Agung Terima 20.532 Perkara Sepanjang 2020,BeritaSatu,2020-12-31T04:32:11Z,2020,12,diskon hukuman MA,institusional,integritas_korupsi
o6AXLspAUKg,Tiga Nama Hakim Agung Disebut dalam Sidang Kasus Suap dan Gratifikasi Nurhadi,Myra Lamb,2020-12-16T17:52:37Z,2020,12,gratifikasi hakim agung,institusional,integritas_korupsi
MCPduZV7238,Mantan Hakim Agung: PERMA No. 1 2020 Akan Sangat Membantu Hakim | tvOne,SELEBRITA,2020-08-03T13:24:23Z,2020,8,gratifikasi hakim agung,institusional,integritas_korupsi
RNShYGZeDZY,"Kasus Dugaan Suap dan Gratifikasi Mantan Skretaris MA Digelar, 3 Saksi Dihadirkan - iNews Pagi 05/11",Official iNews,2020-11-05T03:32:58Z,2020,11,gratifikasi hakim agung,institusional,integritas_korupsi
_0_hqqKNK_8,INI PENAMPAKAN 3 MOBIL MEWAH NURHADI ( Mantan Sekretaris MA ) YANG DISITA PENYIDIK KPK .,GUDANG GAMBAR KPK # Mario Pasaribu #,2020-06-23T09:13:49Z,2020,6,makelar kasus MA,institusional,integritas_korupsi
DrZAsMgKNzc,"PUTERI NURHADI MANTAN SKRETARIS MA DICECAR KPK SOAL TAS MEWAH, SEPATU HIINGGA 3 MOBIL MEWAH",GUDANG GAMBAR KPK # Mario Pasaribu #,2020-06-30T22:02:13Z,2020,6,makelar kasus MA,institusional,integritas_korupsi
VaDmmGA-nj0,"INI ISI MATERI PEMERIKSAAN PENYIDIK KPK, saat periksa Isteri NURHADI (Mantan Sekretaris MA )",GUDANG GAMBAR KPK # Mario Pasaribu #,2020-06-23T08:41:33Z,2020,6,makelar kasus MA,institusional,integritas_korupsi
EgxXQqOt0zo,Mahkamah Agung Kabulkan Gugatan Rachmawati Terkait Aturan Pemenang Pilpres - iNews Sore 07/07,Official iNews,2020-07-07T13:19:03Z,2020,7,putusan MA pilkada,institusional,putusan_kontroversial
5d1Ie5YWHu4,MA Sebut Penerbitan Putusan PKPU Sesuai Aturan,BeritaSatu,2020-07-08T13:30:13Z,2020,7,putusan MA pilkada,institusional,putusan_kontroversial
DLvQUgDsOc8,🔴 Sarasehan DN-PIM - Putusan MA tentang Keputusan KPU Thn 2019: Apa Implikasi Hukum &amp; Politiknya?,FRONT TV,2020-07-09T09:01:25Z,2020,7,putusan MA pilkada,institusional,putusan_kontroversial
rouXYXvWVXQ,"-26.10.20_SIDANG PUTUSAN MA, KEPROTOKOLAN, KUHAP, PAPUA",Mahkamah Konstitusi RI,2020-10-27T01:43:38Z,2020,10,putusan MA pilkada,institusional,putusan_kontroversial
uq99GPMG9CU,"Gugatan Rachmawati Dikabulkan MA, Fadli Zon Harusnya KPU Jangan Buru buru Berikan Tanggapan",Tribunnews,2020-07-09T15:53:44Z,2020,7,putusan MA pilkada,institusional,putusan_kontroversial
b6NyaTnHzxg,BENARKAH PUTUSAN MA TAK RELEVAN DGN PILPRES2019!!!!,akal sehat bangsa,2020-07-11T18:32:50Z,2020,7,putusan MA pilkada,institusional,putusan_kontroversial
wuxzCVcZNV4,"Soal BPJS, Pemerintah Akan Pelajari Putusan MA",BeritaSatu,2020-03-10T15:11:20Z,2020,3,putusan MA pilkada,institusional,putusan_kontroversial
MTTX6cCq4YY,"PUTUSAN MA PENUH KONTROVERSI? ENGGAK JUGA KOK, PROGRESIF IYA",Muchsin Official,2020-07-11T16:29:20Z,2020,7,putusan MA pilkada,institusional,putusan_kontroversial
gQO4ATAZrDs,Presiden Jokowi : Capaian Luar Biasa Kinerja MA untuk Institusi Peradilan,Vibizmedia,2020-02-26T12:39:12Z,2020,2,kepercayaan publik Mahkamah Agung,institusional,kepercayaan_publik
6zUes8litKU,SEMINAR BUDAYA KERJA DAN IMPLEMENTASI TATANILAI MAHKAMAH AGUNG REPUBLIK INDONESIA,Mahkamah Agung Republik Indonesia,2020-08-28T08:09:33Z,2020,8,kepercayaan publik Mahkamah Agung,institusional,kepercayaan_publik
J8xuy2OgPgI,REFLEKSI AKHIR TAHUN MAHKAMAH AGUNG TAHUN 2020,Mahkamah Agung Republik Indonesia,2020-12-30T05:25:15Z,2020,12,kepercayaan publik Mahkamah Agung,institusional,kepercayaan_publik
ous6bHT9qgQ,Himbauan Ketua Mahkamah Agung RI Agustus 2020,Humas Mahkamah Agung RI,2020-08-04T01:50:36Z,2020,8,kepercayaan publik Mahkamah Agung,institusional,kepercayaan_publik
q7ffT-lmn9c,Purnabhakti KPTA Surabaya dan Pembinaan Dirjen Badan Peradilan Agama Mahkamah Agung RI 29-04-2020,DOKPTA SUMSEL,2020-04-29T09:27:31Z,2020,4,kepercayaan publik Mahkamah Agung,institusional,kepercayaan_publik
9Hxe2p4Ki7Y,Pesan dan Apresiasi Ketua Mahkamah Agung Untuk 4 Lingkungan Peradilan di Seluruh Indonesia,Mahkamah Agung Republik Indonesia,2020-12-26T06:05:55Z,2020,12,kepercayaan publik Mahkamah Agung,institusional,kepercayaan_publik
6WjBL1YLV3Y,"TANAH TERANCAM EKSEKUSI, TIM ADVOKAT PEDULI MBAH TUN PASANG BALIHO PUTUSAN MA",Jateng News TV ,2020-07-18T05:48:11Z,2020,7,kepercayaan publik Mahkamah Agung,institusional,kepercayaan_publik
1s5MR_WcjPc,cover lagu aku pasti bisa( citra scholastika)&quot;Mahkamah agung&quot; by:Kinanti sri sejati,Kinanti Sri sejati,2020-10-26T13:19:55Z,2020,10,citra Mahkamah Agung,institusional,kepercayaan_publik
LCVZcwF1nNw,KETERANGAN MAHKAMAH AGUNG TERKAIT MERK GEPREK BENSU,KABAR HARIAN ID,2020-06-12T07:03:30Z,2020,6,citra Mahkamah Agung,institusional,kepercayaan_publik
ilU7qUSQqz0,Memahami Proses Keberatan Hak Uji Materil (HUM) di Mahkamah Agung,Konstitusionalis Tv,2020-01-24T10:21:50Z,2020,1,reputasi Mahkamah Agung,institusional,kepercayaan_publik
hiZIAFLb8OY,8 Nilai Utama Mahkamah Agung RI,Pengadilan Negeri Ponorogo,2020-09-02T08:02:27Z,2020,9,reputasi Mahkamah Agung,institusional,kepercayaan_publik
aIfUMAgvdpk,Ini Alasan Mahkamah Agung Tolak Pemakzulan Bupati Jember Faida,Kompascom Reporter on Location,2020-12-09T07:05:44Z,2020,12,gak percaya Mahkamah Agung,institusional,kepercayaan_publik
mqmZQnKWBqc,"Diputus Bebas Murni Oleh Mahkamah Agung,  Selviana Wanma Gelar Jumpa Pers",Melanesian ID,2020-07-03T03:54:38Z,2020,7,gak percaya Mahkamah Agung,institusional,kepercayaan_publik
rdm2W_g9UNY,Permintaan Maaf Pinangki ke Eks Ketua MA-Jaksa Agung!,detikcom,2020-09-30T12:45:07Z,2020,9,gak percaya Mahkamah Agung,institusional,kepercayaan_publik
qgqj8dTSwkc,Hampir pultakk ma spiker nai!! Percuma Do Cip;Jonar Situmorang COVER,NADOS TRIO,2020-11-06T03:36:19Z,2020,11,percuma lapor MA,institusional,kepercayaan_publik
NmfXoyoMV7w,Ustadz Abdul Somad LC MA - Tak ada yang percuma | ceramah nasehat singkat,Trilogi Art,2020-12-28T15:54:47Z,2020,12,percuma lapor MA,institusional,kepercayaan_publik
XsnWmzCdxwk,"Ex Siduana Voice Percuma, mallasakk ma...",Putra Tapanuli,2020-05-16T06:46:54Z,2020,5,percuma lapor MA,institusional,kepercayaan_publik
ckhqIsPEBqM,Percuma Na Ma I,Nainggolan Sister - Topic,2020-03-26T10:15:50Z,2020,3,percuma lapor MA,institusional,kepercayaan_publik
3il2cKo1gug,Duo Naimarata - SAI HORAS MA HO TU SI BORU LOMOMI || Lagu Batak (Official Music Video),Pelita Danau Toba,2020-11-02T01:00:00Z,2020,11,percuma lapor MA,institusional,kepercayaan_publik
70bXUCEX5F8,Nainggolan Sister - Percuma Na Ma I - (Official Musik Video),Moments Record,2020-04-15T12:00:02Z,2020,4,percuma lapor MA,institusional,kepercayaan_publik
BfXi6e17JGk,"Di ribakkon ma &quot;Percuma&quot; i,,,,cipt:Jonar Situmorang#Cover#Emergency Trio",Frederikson simbolon,2020-06-20T16:19:59Z,2020,6,percuma lapor MA,institusional,kepercayaan_publik
lcHgRtCvELg,Percuma do......            malliting MA,pedro sihotang19,2020-05-16T02:02:54Z,2020,5,percuma lapor MA,institusional,kepercayaan_publik
vTDw9b90puc,#Cover lagu Batak percuma do   #malliting ma,Pemri nainggolan,2020-10-31T00:08:06Z,2020,10,percuma lapor MA,institusional,kepercayaan_publik
9TWr1tTo6f8,Dirikbakon Hian Ma...DONGAN&#39;S TRIO Cover || PERCUMA DO || Live Sipas Cafe,MunteCarlo Official,2020-03-19T14:21:57Z,2020,3,percuma lapor MA,institusional,kepercayaan_publik
wnwJZ83h2yc,Percuma Do Marsiribakan Ma (feat. The Boys Trio),Jonar Situmorang - Topic,2020-10-08T10:03:12Z,2020,10,percuma lapor MA,institusional,kepercayaan_publik
eKiGFOPxOvQ,Transformasi Keterbukaan Informasi Publik Mahkamah Agung RI dan Badan Peradilan dibawahnya,PA Sanggau (Official),2020-06-02T03:11:32Z,2020,6,transparansi Mahkamah Agung,institusional,kepercayaan_publik
vtlGvknUWJo,YLBHI: Aturan Baru MA Jangan Sampai Menghambat Transparansi Persidangan #LayarDemokrasi,CNN Indonesia,2020-02-28T08:39:49Z,2020,2,transparansi Mahkamah Agung,institusional,kepercayaan_publik
nAxHehGNgTw,Wujudkan Peradilan yang Transparan | Jokowi Apresiasi Kinerja MA,DAAI Magazine,2020-02-27T10:09:22Z,2020,2,transparansi Mahkamah Agung,institusional,kepercayaan_publik
YH_8OjelBEc,3 Lembaga Peradilan Dibawah Mahkamah Agung,Agustina Wulandari,2020-11-22T09:07:47Z,2020,11,transparansi Mahkamah Agung,institusional,kepercayaan_publik
pQnDLhV6joc,Presiden Jokowi Apresiasi Capaian Mahkamah Agung pada 2019,BeritaSatu,2020-02-26T12:42:55Z,2020,2,transparansi Mahkamah Agung,institusional,kepercayaan_publik
YAkZk2nQm5A,NASIB KEMENANGAN PILPRES 2019 JOKOWI-MA&#39;RUF ATAS PUTUSAN MA,Bung FD Bicara,2020-07-12T01:15:16Z,2020,7,kecewa putusan MA,institusional,kepercayaan_publik
olf0ZAv8UQo,"Putusan Hakim di PTUN, PTTUN dan Putusan Mahkamah Agung",Rumah Kuorum,2020-05-22T16:28:08Z,2020,5,kecewa putusan MA,institusional,kepercayaan_publik
n2lwPO0K9QQ,Mulai 1 Mei 2020 BPJS kesehatan turun Harga sesuai Putusan MA,Irfahd cekko,2020-04-30T15:14:38Z,2020,4,kecewa putusan MA,institusional,kepercayaan_publik
EHSlmDIfxcQ,Putusan PK MA terhadap perkara Rohadi(2),Yanto Irianto,2020-06-25T05:22:05Z,2020,6,kecewa putusan MA,institusional,kepercayaan_publik
-pvhTPRKW-0,MA Batalkan Kenaikan Iuran BPJS Kesehatan Part3,Jaktv Official Channel,2020-03-10T05:54:33Z,2020,3,kecewa putusan MA,institusional,kepercayaan_publik
jM9h47C8bhE,Inovasi Sistem Pelayanan Perizinan Berbasis Tracking System (SIPP) DPMPTSP Kab. Boyolali,DPMPTSP Kab. Boyolali,2020-09-18T06:04:48Z,2020,9,ribet aplikasi SIPP,tutorial_website,layanan_digital_ux
Ls2q_IhdpyA,TUTORIAL PEMBUATAN AKUN SIPP (SURAT IJIN PRAKTIK PERAWAT),diklat ppnikotasemarang,2020-07-04T02:28:14Z,2020,7,ribet aplikasi SIPP,tutorial_website,layanan_digital_ux
OURig5_lryw,FORMULIR REKOMENDASI PERAWAT SIPP(surat Ijin Praktek Perawat) secara online,EKA RIADI,2020-07-04T03:18:37Z,2020,7,ribet aplikasi SIPP,tutorial_website,layanan_digital_ux
RRNh9szcdNc,"CARA MENGAJUKAN PENERBITAN SURAT IZIN PRAKTIK PERAWAT (SIPP) DI PUSKESMAS, RUMAH SAKIT ATAU KLINIK",Mukmin Nasri OFFICIAL,2020-07-02T02:08:16Z,2020,7,ribet aplikasi SIPP,tutorial_website,layanan_digital_ux
uxO-riDMo7U,Nurhadi dan Menantu Jalani Sidang Vonis Atas Kasus Suap-Gratifikasi,kumparan,2021-03-10T04:07:46Z,2021,3,suap Mahkamah Agung,institusional,integritas_korupsi
D7bzbL_MkAw,Bedah Editorial MI: Vonis Nurhadi Mengecewakan,METRO TV ,2021-03-12T03:05:14Z,2021,3,suap Mahkamah Agung,institusional,integritas_korupsi
on3_O7knpI8,"Kurang Memenuhi Keadilan, KPK Ajukan Banding Vonis Nurhadi - iNews Pagi 13/03",Official iNews,2021-03-13T02:39:58Z,2021,3,suap Mahkamah Agung,institusional,integritas_korupsi
IcOqfNUBlho,Eks Raja OTT KPK Harun Al Rasyid Lolos Seleksi Calon Hakim Agung,kumparan,2021-12-30T06:46:15Z,2021,12,OTT hakim agung,institusional,integritas_korupsi
wecjzV1oxSI,Komisi III DPR Gelar Uji Kelayakan 11 Calon Hakim Agung,IDX CHANNEL,2021-09-20T12:16:14Z,2021,9,OTT hakim agung,institusional,integritas_korupsi
sCBrMd5Zb4s,MARI Berbincang Eps.5 | Mengenal Lebih Dekat Hakim Agung Kamar Pidana,Humas Mahkamah Agung RI,2021-12-21T02:01:59Z,2021,12,OTT hakim agung,institusional,integritas_korupsi
JCmvOgUsR-k,Selamat Hari Raya Idul Fitri 1 Syawal 1442H | Jajaran Eselon I Mahkamah Agung RI,Humas Mahkamah Agung RI,2021-05-13T04:33:56Z,2021,5,Zarof Ricar,institusional,integritas_korupsi
iuFbl2uOyz4,"Testimony Sekretaris Mahkama Agung RI - Dr. H. Hasbi Hasan, MH. (NARASUMBER)",Pustrajak Hukum dan Peradilan Mahkamah Agung,2021-06-01T13:22:51Z,2021,6,Hasbi Hasan MA,institusional,integritas_korupsi
qci3WtOU4m4,"Pesan Sekretaris Mahkamah Agung RI Bpk Dr. H. Hasbi Hasan, M.H.",Humas Mahkamah Agung RI,2021-02-16T11:41:42Z,2021,2,Hasbi Hasan MA,institusional,integritas_korupsi
JawnGujw4rM,MARI Berbincang Eps.1 | Lebih Dekat dengan Sekretaris Mahkamah Agung RI,Humas Mahkamah Agung RI,2021-04-07T04:54:17Z,2021,4,Hasbi Hasan MA,institusional,integritas_korupsi
ls_tVBcaCQw,Testimoni Film &quot;Pesan Bermakna&quot; Bersama Sekretaris MA,Humas Mahkamah Agung RI,2021-08-18T09:20:59Z,2021,8,Hasbi Hasan MA,institusional,integritas_korupsi
AtSA42oqWEQ,"waktu-wakyu yg DILARANG melakukan SHALAT. || Tgk.H.Husnaini Hasbi, MA.",Fahrizal Nora Official,2021-04-25T09:12:34Z,2021,4,Hasbi Hasan MA,institusional,integritas_korupsi
-Uri3ODY4Ns,Administrasi Persidangan Online sebagai Terobosan Mahkamah Agung RI di Tengah Pandemi,FH Unila,2021-03-03T09:34:07Z,2021,3,Hasbi Hasan MA,institusional,integritas_korupsi
J6xkBf3_l0w,Selamat Hari Raya Idul Fitri 1 Syawal 1442H | Ketua MA dan Segenap Pimpinan MA,Humas Mahkamah Agung RI,2021-05-12T23:34:54Z,2021,5,Hasbi Hasan MA,institusional,integritas_korupsi
oBU-4O4cvzE,Kuliah Umum &quot;Prosfek Lulusan Fakultas Syari&#39;ah dan Hukum dilingkungan Mahkamah Agung&quot;,Syariah & Hukum UIN Bandung Official,2021-09-06T15:06:49Z,2021,9,Hasbi Hasan MA,institusional,integritas_korupsi
B6d8qs52OHA,Pembukaan Seleksi Kompetensi Dasar CPNS MA 2021,Humas Mahkamah Agung RI,2021-10-04T10:35:18Z,2021,10,Hasbi Hasan MA,institusional,integritas_korupsi
JkS8zPIFouU,Himbauan Ketua Mahkamah Agung Republik Indonesia,Humas Mahkamah Agung RI,2021-01-22T07:49:30Z,2021,1,Hasbi Hasan MA,institusional,integritas_korupsi
KzHmMVGpxMY,"Pesan Panitera Mahkamah Agung RI Bpk Dr. Ridwan Mansyur, S.H., M.H.",Humas Mahkamah Agung RI,2021-02-16T11:19:29Z,2021,2,Hasbi Hasan MA,institusional,integritas_korupsi
LyVV7FwR2Xk,"Eks Sekretaris MA Nurhadi dan Menantunya Divonis 6 Tahun Bui, Cuma Separuh dari Tuntutan JPU",Tribunnews,2021-03-12T05:47:30Z,2021,3,Nurhadi MA,institusional,integritas_korupsi
IhKRQd_yxLE,Eks Sekretaris MA Nurhadi Divonis 6 tahun Penjara,Suaradotcom,2021-03-10T14:24:01Z,2021,3,Nurhadi MA,institusional,integritas_korupsi
EVN5lHuhqF4,"Kasus Suap, Mantan Sekretaris MA Nurhadi Dituntut 12 Tahun Penjara Part 02 - iNews Room 10/03",Official iNews,2021-03-10T13:30:01Z,2021,3,Nurhadi MA,institusional,integritas_korupsi
9Dj_F2N-Vik,Keterangan Mantan Sekretaris Mahkamah Agung Nurhadi pada Terdakwa Ferdy Yuman,TV Harian Nasional,2021-09-06T18:08:53Z,2021,9,Nurhadi MA,institusional,integritas_korupsi
QHYrSkBwN10,"Mantan Sekertaris MA, Nurhadi Divonis Enam Tahu Penjara dan Denda Rp500 Juta - LIP 11/03",Lintas iNews MNCTV,2021-03-11T03:07:35Z,2021,3,Nurhadi MA,institusional,integritas_korupsi
evwGHKXyEOw,Kesaksian istri Mantan Sekretaris MA Nurhadi di Sidang  Terdakwa Ferdy Yuman,TV Harian Nasional,2021-08-22T10:00:32Z,2021,8,Nurhadi MA,institusional,integritas_korupsi
Qg8ErMN2RKE,KPK Serahkan Memori Banding Atas Putusan PN Tipikor Nurhadi dan Menantunya,Tribunnews,2021-05-03T10:24:44Z,2021,5,Nurhadi MA,institusional,integritas_korupsi
iyQJsFcSnoc,Penyidik KPK Ungkap Peran Ferdy Yuman Perkara Perintangan Kasus yang Menjerat Nurhadi,TV Harian Nasional,2021-08-19T01:00:11Z,2021,8,Nurhadi MA,institusional,integritas_korupsi
yNs7pe2rczs,Eks Sekretaris Mahkamah Agung Nurhadi Dituntut 12 Tahun Penjara,TEMAN TV,2021-03-02T16:57:07Z,2021,3,Nurhadi MA,institusional,integritas_korupsi
Ss34L8mwOwc,Calon Hakim Agung Jalani Uji Kelayakan dan Kepatutan,Harian Kompas,2021-09-20T14:35:59Z,2021,9,Sudrajad Dimyati,institusional,integritas_korupsi
YNNKmydQHm8,Perampasan Harta Negara?? I Prof Santiago dan Hakim MA Prof Surya Jaya,Borobudur Hukum Channel,2021-04-15T12:36:47Z,2021,4,Sudrajad Dimyati,institusional,integritas_korupsi
Udqoh8ZB-eA,Mencari Hakim Agung,CNN Indonesia,2021-09-21T07:30:03Z,2021,9,Sudrajad Dimyati,institusional,integritas_korupsi
LivwCIyRCSs,MARI Berbincang Eps.3 | Mengenal Lebih Dekat Wakil Ketua MA Bidang Yudisial,Mahkamah Agung Republik Indonesia,2021-06-07T12:00:00Z,2021,6,Gazalba Saleh,institusional,integritas_korupsi
8bKyh6ZWuyM,MARI Berbincang Eps.5 | Mengenal Lebih Dekat Hakim Agung Kamar Pidana,Mahkamah Agung Republik Indonesia,2021-12-21T02:58:32Z,2021,12,Gazalba Saleh,institusional,integritas_korupsi
0RTuI64Xtpw,Apakah sudah beres jika sudah ada putusan Kasasi perkara PHI?,Tommy Sinulingga,2021-12-26T14:48:13Z,2021,12,vonis bebas kasasi MA,institusional,integritas_korupsi
zqkm7sWWy1k,MA Tolak Kasasi JPU Atas Kasus Investasi Memiles,LENSA INDONESIA - RTV,2021-04-13T06:00:17Z,2021,4,vonis bebas kasasi MA,institusional,integritas_korupsi
IiWJr84fcB4,"MA Kurangi Hukuman Mantan Pimpinan FPI Rizieq Shihab, Kuasa Hukum Ajukan PK",Harian Kompas,2021-11-16T06:01:06Z,2021,11,vonis bebas kasasi MA,institusional,integritas_korupsi
pYO7p7i0OkY,Gendo : MA Sepatutnya Tolak Memori Kasasi Jaksa dan Membebaskan Jerinx,TRIBUN BALI,2021-02-23T08:48:57Z,2021,2,vonis bebas kasasi MA,institusional,integritas_korupsi
NzdKTz41shg,"Serahkan Kontra Memori, Gendo: MA Sepatutnya Tolak Memori Kasasi Jaksa dan Membebaskan Jerinx",TRIBUN BALI,2021-02-23T07:13:13Z,2021,2,vonis bebas kasasi MA,institusional,integritas_korupsi
5TWZzSc5ru8,"SIDANG KASASI RIZIEQ SHIHAB, POLISI ALIHKAN LALU LINTAS SEKITAR MA",IDN Times,2021-10-11T05:52:57Z,2021,10,vonis bebas kasasi MA,institusional,integritas_korupsi
i7CEUn0azCg,MANTAP-KUASA HUKUM HRS SUKSES AJUKAN KASASI KE MAHKAMAH AGUNG. REFLY SEBUT VONIS HRS TAK MASUK AKAL,Milenial TV,2021-09-08T10:38:09Z,2021,9,vonis bebas kasasi MA,institusional,integritas_korupsi
HHfUznv2MIc,"Mahkamah Agung Gelar Sidang Kasasi Habib Rizieq Shihab, Ini Kata Aziz Yanuar",eradotid,2021-10-11T04:46:24Z,2021,10,vonis bebas kasasi MA,institusional,integritas_korupsi
b3PXSEjGYPw,"MA Beri HRS Diskon 2 Tahun, Anggap Hukuman Terlalu Berat Padahal Tak Ada Korban atau Kerugian",Tribun Palu Official,2021-11-16T07:36:29Z,2021,11,diskon hukuman MA,institusional,integritas_korupsi
R0xg4MrZTas,ANTI GRATIFIKASI! Hakim Bawas MA ini Traktir Makan2 &amp; Kasih Bingkisan ke Teman Reuni di Apartemen MA,Shadow Man Official,2021-06-16T04:17:30Z,2021,6,gratifikasi hakim agung,institusional,integritas_korupsi
B8Nwl31ZWvs,"SENGKETA HASIL PILKADA BERALIH DARI MA KE MK, KENAPA?? Eps. 04 Part II",Mahkamah Konstitusi RI,2021-02-27T10:00:13Z,2021,2,putusan MA pilkada,institusional,putusan_kontroversial
UCFoPaHT9CQ,Yusril: Putusan MA Pembatalan Diskualifikasi Paslon Eva-Deddy Penuh Kejanggalan Dan Keanehan,Abadikini com,2021-01-28T13:16:41Z,2021,1,putusan MA pilkada,institusional,putusan_kontroversial
PueyOQa7jwQ,"Gugatan Dikabulkan MA, Eva- Deddy Bersyukur",Radar Lampung TV,2021-01-27T15:16:35Z,2021,1,putusan MA pilkada,institusional,putusan_kontroversial
bf56IzQzM_4,Putusan MA terkait TWk KPK SAH,News Hot,2021-07-04T15:14:53Z,2021,7,putusan MA pilkada,institusional,putusan_kontroversial
CYPd-wRdhMw,Gugatan Eva-Dedi  dikabulkan MA,Ragil Suhada Channel,2021-01-28T08:08:43Z,2021,1,putusan MA pilkada,institusional,putusan_kontroversial
e5zdJKoQZec,Refleksi Akhir Tahun 2021 Mahkamah Agung RI &quot;Bersinergi Untuk Membangun Kepercayaan Publik&quot;,Mahkamah Agung Republik Indonesia,2021-12-29T05:08:28Z,2021,12,kepercayaan publik Mahkamah Agung,institusional,kepercayaan_publik
K4WFgWV-xBg,"Kapolri Ketemu Mahkamah Agung, Bahas Tilang Elektronik",KOMPASTV,2021-02-02T09:08:57Z,2021,2,kepercayaan publik Mahkamah Agung,institusional,kepercayaan_publik
TB1PN8i-AYE,8 Nilai Utama Mahkamah Agung RI,Mahkamah Syar'iyah Kota Subulussalam,2021-04-08T01:37:30Z,2021,4,kepercayaan publik Mahkamah Agung,institusional,kepercayaan_publik
gL8sBsi53OI,Testimoni dari Direktur Pembinaan Administrasi Peradilan Ditjen Badilag Mahkamah Agung RI,Pengadilan Agama Pariaman,2021-11-18T17:00:29Z,2021,11,kepercayaan publik Mahkamah Agung,institusional,kepercayaan_publik
-aW4LlP7bNE,8 Nilai Utama Mahkamah Agung,PN BANTUL,2021-08-21T12:37:53Z,2021,8,kepercayaan publik Mahkamah Agung,institusional,kepercayaan_publik
hCJoVifrngE,Dirgahayu Mahkamah Agung Republik Indonesia Ke-76,Pengadilan Agama Tual Official,2021-08-18T21:32:45Z,2021,8,kepercayaan publik Mahkamah Agung,institusional,kepercayaan_publik
kSA6ComKeqk,Putusan MA pelaksanaan TWK seleksi pegawai KPK san dan konstitusional,Dina Citra,2021-07-06T22:33:23Z,2021,7,citra Mahkamah Agung,institusional,kepercayaan_publik
vr0U_fHq4ow,"Soal TWK Pegawai KPK, Ombudsman Dianggap Mendahului Mahkamah Agung, Kok Bisa?",Citra Nurfitrah,2021-07-31T00:22:32Z,2021,7,citra Mahkamah Agung,institusional,kepercayaan_publik
GMFqvpJeOhc,Hasil putusan MA menyatakan bahwa TWK untuk CPNS sah dan konstitusional,Dina Citra,2021-07-03T01:55:01Z,2021,7,citra Mahkamah Agung,institusional,kepercayaan_publik
JNakTja5NY8,MA putuskan TWK seleksi pegawai KPK sah dan konstitusional,Dina Citra,2021-07-05T02:19:30Z,2021,7,citra Mahkamah Agung,institusional,kepercayaan_publik
N9vwWjXKtRU,Persoalan TWK KPK Sudah Diputuskan Oleh MA,Dina Citra,2021-07-31T17:34:32Z,2021,7,citra Mahkamah Agung,institusional,kepercayaan_publik
clxd7FppeRw,Mantan Hakim Agung Paling Ditakuti Meninggal,Tribun MedanTV,2021-02-28T13:03:38Z,2021,2,citra Mahkamah Agung,institusional,kepercayaan_publik
saqucAKcr-c,SUPER NGEYEL..!! Ada Patung Nabi Muhammad ﷺ di Gedung Mahkamah Agung,YtCrash Islam,2021-08-26T08:30:05Z,2021,8,citra Mahkamah Agung,institusional,kepercayaan_publik
1u2XtH2wlhw,PROFIL MAHKAMAH AGUNG REPUBLIK INDONESIA,Ptun Palembang,2021-01-08T07:00:23Z,2021,1,reputasi Mahkamah Agung,institusional,kepercayaan_publik
GIvkyfgL1sE,H-3 Pendaftaran CPNS Mahkamah Agung Republik Indonesia.,SobatMA,2021-07-23T07:42:23Z,2021,7,reputasi Mahkamah Agung,institusional,kepercayaan_publik
u7ENdbqE1Pw,"Batal Nikah, Seorang Pria di Banyumas Didenda Rp150 Juta Oleh Mahkamah Agung - LIM 10/03",Lintas iNews MNCTV,2021-03-11T01:40:33Z,2021,3,gak percaya Mahkamah Agung,institusional,kepercayaan_publik
86Em5nW_8qM,🔴PSHT Madiun❗Benarkah M Taufik Sudah Tidak Percaya Lembaga Putusan Tertinggi Mahkamah Agung RI ?,PUTU WAROK JUNIOR,2021-10-30T01:48:00Z,2021,10,gak percaya Mahkamah Agung,institusional,kepercayaan_publik
1DxRPhYzDlY,Aktivis ICW Protes MA Pembatalan PP 99/2012 Untungkan Koruptor,Warta Kota Production,2021-11-08T10:20:58Z,2021,11,gak percaya Mahkamah Agung,institusional,kepercayaan_publik
GxJUj6zslYI,"PUTUSAN MAHKAMAH AGUNG TURUN, SEORANG PENGACARA DITANGKAP SAAT SIDANG",BeritaJatim TV,2021-10-06T09:49:20Z,2021,10,gak percaya Mahkamah Agung,institusional,kepercayaan_publik
Hj83DfwPNxw,Nirwana Trio - Sai Horas Ma Ho Tu Sidoli Lomo Mi (Lagu Batak Terbaru 2021) Official Music Video,CMD Record,2021-09-11T23:00:05Z,2021,9,percuma lapor MA,institusional,kepercayaan_publik
rzJpaoblKes,PEMBINAAN TEKNIS YUSTISIAL OLEH YM. KETUA KAMAR AGAMA MAHKAMAH AGUNG RI,Pengadilan Agama Solok,2021-09-17T21:45:27Z,2021,9,transparansi Mahkamah Agung,institusional,kepercayaan_publik
T9itmjo--t4,Mahkamah Agung Temui Sejumlah Media Demi Tingkatkan Sinergi di 2022,KOMPASTV,2021-12-25T10:00:49Z,2021,12,transparansi Mahkamah Agung,institusional,kepercayaan_publik
-l-HpXPNfO8,Renovasi Ruang Kerja Pimpinan MA Rp 1.65 Miliar Disoroti,KOMPASTV,2021-08-31T14:39:03Z,2021,8,transparansi Mahkamah Agung,institusional,kepercayaan_publik
lfWBK9e-bA4,"AKUNTABILITAS (PART 1) OLEH Prof.Dr. SANGKALA REWA, MA",Sekolah Birokrasi,2021-04-06T02:52:33Z,2021,4,akuntabilitas MA,institusional,kepercayaan_publik
mJyP4sG5jw8,AKUNTABILITAS DI LINGKUNGAN KERJA - LATSAR CPNS MA 2019,Elsa Haflani,2021-04-13T01:33:03Z,2021,4,akuntabilitas MA,institusional,kepercayaan_publik
k6n4JCTIvO0,Akuntabilitas - Latsar CPNS Mahkamah Agung RI T.A. 2021 Kelompok 4B Angkatan XI,Roy Chandra Yarta,2021-07-28T15:49:01Z,2021,7,akuntabilitas MA,institusional,kepercayaan_publik
KiFsAITrWfw,"AKUNTABILITAS - LATSAR CPNS MA RI 2021 KEL 1 ANGK 1 GEL 1 - HASAN MUDA A, ST - PEMBIMBING DR JEANNY",Hasan Muda Afgani (hasmuga),2021-04-20T00:39:50Z,2021,4,akuntabilitas MA,institusional,kepercayaan_publik
zg6jGA6h6og,"Tugas Video Akuntabilitas Latsar CPNS Mahkamah Agung 2021 | Desi Islamianur Fatimah, A.Md.A.B",Desi Islamianurf,2021-07-28T13:52:14Z,2021,7,akuntabilitas MA,institusional,kepercayaan_publik
gbc-xjQzO6U,"AKUNTABILITAS LATSAR MA RI 2021, KELOMPOK 3 ANGKATAN 2",Latsar_MA_RI 2021 Ang 2 Kel 3,2021-04-13T16:54:07Z,2021,4,akuntabilitas MA,institusional,kepercayaan_publik
9we196Hvn0w,"AKUNTABILITAS (PART 2) || Prof.Dr. SANGKALA REWA, MA",Sekolah Birokrasi,2021-04-06T05:35:43Z,2021,4,akuntabilitas MA,institusional,kepercayaan_publik
34wHQfFn0XQ,VIDEO AKUNTABILITAS LATSAR CPNS MAHKAMAH AGUNG 2021,A IKA DWI PUSPITHA,2021-04-13T02:56:41Z,2021,4,akuntabilitas MA,institusional,kepercayaan_publik
h_t_xgSu4jk,IMPLEMENTASI AKUNTABILITAS - INTEGRITAS LATSAR CPNS MA RI 2021 - ANENDYA DR - PEMBIMBING DR. JEANNY,Anendya Ratih,2021-04-13T04:53:39Z,2021,4,akuntabilitas MA,institusional,kepercayaan_publik
_bD-h-NO7JI,IMPLEMENTASI AKUNTABILITAS-INTEGRITAS LATSAR CPNS MA RI 2021 - TESSA YULISA - PEMBIMBING DR. JEANNY,Henry Setyanto,2021-04-13T04:27:16Z,2021,4,akuntabilitas MA,institusional,kepercayaan_publik
d-apNMHqxUY,Role Model Akuntabilitas CPNS Mahkamah Agung RI,Lina Oktavia,2021-07-28T12:42:07Z,2021,7,akuntabilitas MA,institusional,kepercayaan_publik
jWRPV1mrkJc,IMPLEMENTASI AKUNTABILITAS - INTEGRITAS LATSAR CPNS MA RI 2021 - HASAN MA - PEMBIMBING DR. JEANNY,Hasan Muda Afgani (hasmuga),2021-04-13T04:36:33Z,2021,4,akuntabilitas MA,institusional,kepercayaan_publik
vGST-H3oLg0,IMPLEMENTASI AKUNTABILITAS - INTEGRITAS LATSAR CPNS MA RI 2021 - RIZKA PN - PEMBIMBING DR. JEANNY,rizka pratami Nirasuanda,2021-04-12T17:36:21Z,2021,4,akuntabilitas MA,institusional,kepercayaan_publik
hV389F_O9X4,Masyarakat Kembali Kecewa! Putusan MA Menangkan Pihak Penggugat Lahan Kantor Perbekel Penglatan.,gedesupra,2021-09-12T11:24:40Z,2021,9,kecewa putusan MA,institusional,kepercayaan_publik
y8d7d0h91i8,Pesan Buat Mas Tofiq Tentang Putusan MA,kjstv Surabaya,2021-05-27T11:13:43Z,2021,5,kecewa putusan MA,institusional,kepercayaan_publik
QnXgF4joFFw,sipp dan skrening kesehatan peserta bpjs fktp,bonekabercerita lucu,2021-06-30T07:36:24Z,2021,6,ribet aplikasi SIPP,tutorial_website,layanan_digital_ux
tGY1M26XUxw,CARA MERUBAH ASET DAN OMSET SIPP ONLINE BPJS KETENAGAKERJAAN 2022,Subuhadi Productions,2021-02-24T03:38:09Z,2021,2,ribet aplikasi SIPP,tutorial_website,layanan_digital_ux
1D5kBZeKLUs,Update Aset Omset Melalui SIPP Online Tahap 1,SAMPLE COMPANY,2021-04-25T07:36:57Z,2021,4,ribet aplikasi SIPP,tutorial_website,layanan_digital_ux
Y34iru9-Wk0,Penampakan Uang Suap Hakim Agung Dalam Kotak Kamus Bahasa Inggris,KOMPASTV,2022-09-23T07:22:56Z,2022,9,suap Mahkamah Agung,institusional,integritas_korupsi
CffUXxWCkqc,Bagaimana Progres Penanganan Kasus Suap Hakim Agung Sudrajad Dimyati?,KOMPASTV,2022-09-26T16:24:16Z,2022,9,suap Mahkamah Agung,institusional,integritas_korupsi
JntLu5cYomw,OTT Hakim Agung Dinilai Puncak Gunung Es Mafia Peradilan,Kompas.com,2022-09-24T04:34:27Z,2022,9,mafia peradilan,institusional,integritas_korupsi
9wVncpbvra4,KY Akan Sidang Etik Sudrajat Dimyati Hingga Tanggapan Jokowi Soal Hakim Agung Korupsi,KOMPASTV,2022-09-27T08:41:15Z,2022,9,kode etik hakim agung,institusional,integritas_korupsi
-rDlfqfnvlk,Komisi Yudisial Ungkap Ada Kemungkinan Pemberhentian Hakim Agung Tersangka KPK,KOMPASTV BANJARMASIN,2022-09-23T13:00:08Z,2022,9,kode etik hakim agung,institusional,integritas_korupsi
oVzkyh6qoo8,Hakim Agung Gazalba Saleh Ditahan KPK,METRO TV ,2022-12-08T12:13:29Z,2022,12,kode etik hakim agung,institusional,integritas_korupsi
Fl5wqa8wvz0,HAKIM AGUNG DAN SEJUMLAH ORANG KENA OTT KPK,ANTV NEWS PLUS,2022-09-23T08:39:43Z,2022,9,OTT hakim agung,institusional,integritas_korupsi
eIbUkHFVQzE,"OTT KPK di Jakarta dan Semarang, Hakim Agung dan Pengacara Ditangkap",Tribun Jateng,2022-09-23T03:57:42Z,2022,9,OTT hakim agung,institusional,integritas_korupsi
LQ4XiVzKGDg,"Seorang Hakim Agung Kena OTT KPK, Sejumlah Uang Diamankan",Serambinews,2022-09-22T16:30:34Z,2022,9,OTT hakim agung,institusional,integritas_korupsi
1rxnpgmRfYI,Kacau! Hakim Agung Terjaring OTT KPK,CNBC Indonesia,2022-09-22T14:54:48Z,2022,9,OTT hakim agung,institusional,integritas_korupsi
-ACYVHWe5kk,🔴 LIVE UPDATE PETANG KPK OTT Hakim Agung hingga Poster Prabowo-Jokowi Bertebaran di Aceh,Tribunnews,2022-09-22T12:11:16Z,2022,9,OTT hakim agung,institusional,integritas_korupsi
JjGKg5JW5hY,"Diperiksa KPK Sekitar Tiga Jam, Sekretaris MA Hasbi Hasan Bilang Begini",Suaradotcom,2022-12-12T08:37:00Z,2022,12,Hasbi Hasan MA,institusional,integritas_korupsi
E5xZWnI2p1c,Sekretaris Mahkamah Agung Undang Pejabat Eselon I dan II Ucapkan Pakta Integritas - MA NEWS,KOMPASTV,2022-09-30T04:34:53Z,2022,9,Hasbi Hasan MA,institusional,integritas_korupsi
FcmX-jKXvXY,MA Jadi Salah Satu Lembaga Negara dengan Hasil Audit Terbaik,KOMPASTV,2022-02-08T04:30:51Z,2022,2,Hasbi Hasan MA,institusional,integritas_korupsi
bskPFLUHNvg,MA Ajukan Pemberhentian Hakim Agung Gazalba Saleh ke Presiden,Kompascom Reporter on Location,2022-12-12T10:41:27Z,2022,12,Hasbi Hasan MA,institusional,integritas_korupsi
cM2BVHqfCQ0,Hakim Agung Sudrajad Dimyati Dipecat Sementara oleh Jokowi,Kompas.com,2022-10-29T08:31:01Z,2022,10,Hasbi Hasan MA,institusional,integritas_korupsi
w67c6TM6sbI,MA Ajukan Pemberhentian Hakim Agung Gazalba Saleh ke Presiden,Kompas.com,2022-12-12T10:41:12Z,2022,12,Hasbi Hasan MA,institusional,integritas_korupsi
EmLcP2C6-A0,"Usai Diperiksa KPK, Sekretaris MA Sebut Pemberhentian Gazalba Saleh Sudah Diusulkan ke Jokowi",Star News TV (Star News Indonesia),2022-12-12T12:02:35Z,2022,12,Hasbi Hasan MA,institusional,integritas_korupsi
LWq7JwF4IEo,"Usai Diperiksa KPK, Sekretaris MA Sebut Pemberhentian Gazalba Saleh Sudah Diusulkan ke Jokowi",Ilham Rian Pratama,2022-12-12T08:17:45Z,2022,12,Hasbi Hasan MA,institusional,integritas_korupsi
IDBKNsnLcuc,KPK Bantah Ada Tersangka Baru Kasus Suap di MA,METRO TV ,2022-12-12T03:51:30Z,2022,12,Hasbi Hasan MA,institusional,integritas_korupsi
fYTazhskTJ0,MA Gelar Pertemuan dengan Awak Media Sebagai Persiapan Pemaparan Laporan Tahunan,KOMPASTV,2022-02-05T04:10:56Z,2022,2,Hasbi Hasan MA,institusional,integritas_korupsi
G8S2Ne9aVA8,MA Dapat Penghargaan Kategori Program Inovatif untuk Negeri dalam Merdeka Award 2022 - MA NEWS,KOMPASTV,2022-06-27T11:30:31Z,2022,6,Hasbi Hasan MA,institusional,integritas_korupsi
B_6GBBgFeyw,Dukungan dan Testimoni Sekretaris Mahkamah Agung RI pada Turnamen Beregu Ke 19 Piala KMA Cup 2022,PTWP Pusat,2022-11-24T17:21:58Z,2022,11,Hasbi Hasan MA,institusional,integritas_korupsi
XzU_Y4TYsSA,Hakim Agung Sudrajad Dimyati Dipecat Sementara oleh Jokowi,Kompascom Reporter on Location,2022-10-29T08:31:23Z,2022,10,Hasbi Hasan MA,institusional,integritas_korupsi
FQZQ-3uXn5I,KPK Baru Tahan 8 dari 10 Tersangka Kasus Suap di MA,METRO TV ,2022-09-23T11:35:43Z,2022,9,Hasbi Hasan MA,institusional,integritas_korupsi
8qX38MIi7Os,KY Bekerja Sama dengan KPK Bongkar Dugaan Suap Hakim Agung MA,METRO TV ,2022-09-26T17:19:56Z,2022,9,Hasbi Hasan MA,institusional,integritas_korupsi
SYO_xq7KgAQ,Ada Apa Dibalik Puasa  Ust. Dr Nurhadi S.Pd I.S.E.sy. MA,Masjid Jamiatuzzahidin,2022-05-25T20:19:29Z,2022,5,Nurhadi MA,institusional,integritas_korupsi
7w3_yC1NZm0,"3 Nasihat Abu Bakar Ash-Shiddiq | Ustaz Nurhadi, MA | Khutbah Jum&#39;at Masjid At-Taqwa UMJ",aikumj channel,2022-02-24T02:51:36Z,2022,2,Nurhadi MA,institusional,integritas_korupsi
6jqc_zhAfqI,"Sosok Eks Sekretaris MA Nurhadi yang Ribut dengan Setnov, Ini Jejak Kasus Korupsi hingga Kekerasan",Tribunnews,2022-03-03T05:13:24Z,2022,3,Nurhadi MA,institusional,integritas_korupsi
_Sv7o4h4X6w,Perselisihan Antarkelompok Setnov vs Nurhadi,METRO TV ,2022-03-03T16:52:59Z,2022,3,Nurhadi MA,institusional,integritas_korupsi
RtfbfjOz-lo,"WAJIB TUKAR NAMA, BY PROF.Dr. NURHADI.,M.A.,",Rakib Jamari,2022-05-01T02:04:42Z,2022,5,Nurhadi MA,institusional,integritas_korupsi
TKTP79rUBBA,"Di Istana Negara, Nurhadi Didesak Segera Ke Nusakembangan | Koruptor di MA RI !!!",DETIK TV,2022-07-16T02:21:48Z,2022,7,Nurhadi MA,institusional,integritas_korupsi
Q0ekil4CLiM,"Wakil Bupati Blitar Terseret Kasus TPPU Eks Sekretaris MA Nurhadi, Kini Diperiksa KPK",Tribunnews,2022-07-04T13:15:39Z,2022,7,Nurhadi MA,institusional,integritas_korupsi
ZTZxgN8Ec7U,"&quot;Ikhtiar Membuka Ruang Kehidupan&quot; oleh Ustd DR.Nurhadi,M.Ag",Masjid Al-Muhajirin Slipi official,2022-04-16T01:59:48Z,2022,4,Nurhadi MA,institusional,integritas_korupsi
iSlJO3K_qtU,"Kasus Gratifikasi di MA, APLPI Minta Nurhadi Dipindahkan Ke Nusakembangan",DETIK TV,2022-07-14T08:14:16Z,2022,7,Nurhadi MA,institusional,integritas_korupsi
PfVnrA4YJjc,"UJIAN TERBUKA PROMOSI Dr. DUKI NURHADI, M.A DOSEN STAINU MALANG di UIN MALIKI MALANG",AHLA CHANNEL,2022-07-27T22:11:01Z,2022,7,Nurhadi MA,institusional,integritas_korupsi
Jza2OV15KJM,Kasus Korupsi Eks Sekretaris MA Nurhadi Bakal Berlanjut,nomorsatu,2022-02-23T04:42:55Z,2022,2,Nurhadi MA,institusional,integritas_korupsi
YYmY4zvGrPk,"🔴 NGAJI KITAB AL AQIDAH WA AKHLAK BERSAMA BUYA NURHADI, MA #ngajitasawuf #ngajikitab #ngajihadits",MasjidRaya AnNur Official,2022-10-22T11:17:37Z,2022,10,Nurhadi MA,institusional,integritas_korupsi
ZOHqTZT4ZmA,"Tema: Membiasakan Shalat Malam, Ust. Dr. Nurhadi, MH. M.Sy",DMI Pekanbaru Chanel,2022-04-28T09:46:17Z,2022,4,Nurhadi MA,institusional,integritas_korupsi
UWTP5TsyD3w,"Wakil Bupati Blitar Diperiksa KPK, Terseret Kasus TPPU Eks Sekretaris MA Nurhadi",Tribun Sumsel,2022-07-05T03:31:33Z,2022,7,Nurhadi MA,institusional,integritas_korupsi
XLA7fbNS8OM,"Puasa Mendidik Pribadi Rabbani, Oleh Ust. Dr. Nurhadi, M.Sy. MH",DMI Pekanbaru Chanel,2022-04-06T09:57:16Z,2022,4,Nurhadi MA,institusional,integritas_korupsi
kriG-qvwn3k,"Korupsi MA, KPK Masih Buru Hakim Agung Sudrajad Dimyati",Harian Kompas,2022-09-23T03:50:25Z,2022,9,Sudrajad Dimyati,institusional,integritas_korupsi
f8vu22_x-ak,Kronologi Penangkapan Hakim Agung Sudrajad Dimyati oleh KPK,BeritaSatu,2022-09-23T09:15:04Z,2022,9,Sudrajad Dimyati,institusional,integritas_korupsi
Vj3AmlrWxyA,"Jejak Hakim Agung Sudrajad Dimyati, dari Isu Suap di Toilet DPR hingga Jadi Tersangka KPK",Kompas.com,2022-09-23T08:11:42Z,2022,9,Sudrajad Dimyati,institusional,integritas_korupsi
hcV4mg9io38,"KPK Catat Sejarah Baru, Sudrajad Dimyati, Hakim Agung Pertama Terjaring OTT &amp; Jadi Tersangka",Harian Surya,2022-09-23T07:11:07Z,2022,9,Sudrajad Dimyati,institusional,integritas_korupsi
-BK1T2QB6QM,KPK Tahan Hakim Agung Sudrajad Dimyati,CNBC Indonesia,2022-09-23T15:18:58Z,2022,9,Sudrajad Dimyati,institusional,integritas_korupsi
AQaE_5-ANTk,"Sudrajad Dimyati, Hakim Agung Pertama yang Jadi Tersangka KPK, Diduga Terima Suap Rp 800 Juta",Tribunnews,2022-09-23T06:41:37Z,2022,9,Sudrajad Dimyati,institusional,integritas_korupsi
UARBza7AuGo,Jumlah Kekayaan Hakim Agung Sudrajad Dimyati,Tribun Timur,2022-09-24T06:01:03Z,2022,9,Sudrajad Dimyati,institusional,integritas_korupsi
v2H-ppAtBQA,Hakim Agung Sudrajad Dimyati Resmi Jadi Tersangka Kasus Dugaan Suap Pengurusan Perkara di MA,TribunMadura Official,2022-09-23T04:41:43Z,2022,9,Sudrajad Dimyati,institusional,integritas_korupsi
0SXHjkrBmIw,"Hakim Agung Sudrajad Dimyati Tersangka Suap, Pengawasan Terhadap MA Harus Dievaluasi!",KOMPASTV,2022-09-25T16:12:44Z,2022,9,Sudrajad Dimyati,institusional,integritas_korupsi
JcBTmLr5XGA,"Mahfud MD Mengungkap, Ada Sosok Hakim Agung Selain Sudrajad Dimyati yang Terseret",Tribunnews,2022-09-26T07:55:18Z,2022,9,Sudrajad Dimyati,institusional,integritas_korupsi
rToBmOmD2AY,"Harta Kekayaan Sudrajad Dimyati, Hakim Agung Tersangka Dugaan Suap di MA",KOMPASTV BANJARMASIN,2022-09-23T12:54:55Z,2022,9,Sudrajad Dimyati,institusional,integritas_korupsi
H4DUtPMPusY,"Kecam Hakim Agung Sudrajad Dimyati, Mahfud MD  Jangan Beri Ampun Hakim Terlibat Korupsi!",KOMPASTV SUKABUMI,2022-09-24T01:51:22Z,2022,9,Sudrajad Dimyati,institusional,integritas_korupsi
rnkeEZB1eSs,Mereka yang Terlibat Dalam Kasus Suap Hakim Agung Sudrajad Dimyati,kumparan,2022-09-26T13:06:17Z,2022,9,Sudrajad Dimyati,institusional,integritas_korupsi
H5E5NE1aVzg,"Profil Gazalba Saleh, Hakim Agung yang Disebut sebut Tersangka Kasus Korupsi oleh KPK",TribunnewsWIKI Official,2022-11-14T02:39:37Z,2022,11,Gazalba Saleh,institusional,integritas_korupsi
9DorI08qjOk,"Hakim Agung Gazalba Saleh Resmi Jadi Tersangka Suap, Ternyata Harta Kekayaannya Capai Rp 7,8 Miliar",Tribunnews,2022-11-14T06:15:40Z,2022,11,Gazalba Saleh,institusional,integritas_korupsi
rq_vjbg1Z7c,"Profil Hakim Agung Tersangka Kasus Suap Gazalba Saleh, Diperiksa KPK Buntut Kasus Sudrajad Dimyati",Tribunnews,2022-11-14T07:13:00Z,2022,11,Gazalba Saleh,institusional,integritas_korupsi
198JkWahmHM,"Hakim Agung Gazalba Saleh Resmi Ditahan KPK, Diduga Terima Suap Rp2,3 Miliar | Liputan 6",Liputan6,2022-12-09T02:24:59Z,2022,12,Gazalba Saleh,institusional,integritas_korupsi
rvdmn2qEvVA,Hakim Agung Gazalba Saleh Ditetapkan Tersangka Kasus Suap,BeritaSatu,2022-11-29T23:15:02Z,2022,11,Gazalba Saleh,institusional,integritas_korupsi
-J8pS90P7qQ,Biodata Gazalba Saleh Hakim Agung Terjerat Kasus Suap,Tribun Makassar,2022-11-16T05:52:24Z,2022,11,Gazalba Saleh,institusional,integritas_korupsi
JwpTwByzahk,"KPK Menahan Gazalba Saleh, Hakim Agung Kedua yang Menerima Suap | Narasi Daily",Narasi Newsroom,2022-12-10T08:00:11Z,2022,12,Gazalba Saleh,institusional,integritas_korupsi
8O13inxybKc,"Hakim Agung Gazalba Saleh Jadi Tersangka Kasus Dugaan Suap, KPK Tetapkan 13 Tersangka pada Kasus Ini",TribunnewsWIKI Official,2022-11-29T03:18:21Z,2022,11,Gazalba Saleh,institusional,integritas_korupsi
dDCYZ5SsDUw,"Susul Sudrajad Dimyati, Hakim Agung Gazalba Saleh Ditahan KPK Karena Terlibat Kasus Suap",KOMPASTV JAWA TIMUR,2022-12-09T01:20:00Z,2022,12,Gazalba Saleh,institusional,integritas_korupsi
SQwY2FlHNd8,Biodata Gazalba Saleh Hakim Agung Terjerat Kasus Suap,tribuntimur com,2022-11-16T05:43:42Z,2022,11,Gazalba Saleh,institusional,integritas_korupsi
kJwHr__7UB8,KPK TAHAN  HAKIM AGUNG GAZALBA SALEH,medcom id,2022-12-08T14:42:07Z,2022,12,Gazalba Saleh,institusional,integritas_korupsi
BS1GNzEwygw,Mahkamah Agung Benarkan Gazalba Saleh Jadi Tersangka KPK,BeritaSatu,2022-11-11T13:00:11Z,2022,11,Gazalba Saleh,institusional,integritas_korupsi
NrX07QOPGv8,"Samin Tan Tetap Bebas Usai Kasasi Ditolak MA, Ini Evaluasi KPK",METRO TV ,2022-06-14T14:44:46Z,2022,6,vonis bebas kasasi MA,institusional,integritas_korupsi
Yr2Bm5S0XxE,"Samin Tan Tetap Divonis Bebas, Majelis Kasasi: Ia Tak Terbukti Atas Dakwaan Jaksa!",KOMPASTV,2022-06-14T00:20:51Z,2022,6,vonis bebas kasasi MA,institusional,integritas_korupsi
vwsl_hrHDQI,"Kasasi Samin Tan Ditolak, KPK Pertimbangkan PK",Kompas.com,2022-06-14T05:24:07Z,2022,6,vonis bebas kasasi MA,institusional,integritas_korupsi
3TRiM01CBfQ,"Samin Tan Tetap Bebas, KPK: Upaya Kasasi Bentuk Keseriusan Kami",Tribunnews,2022-06-13T10:08:38Z,2022,6,vonis bebas kasasi MA,institusional,integritas_korupsi
K2oO7FjDk3c,Terdakwa KPK Kasus Suap Bebas Lagi di MA. Aktivis: Pemberantasan Korupsi Terus Mundur | Narasi Daily,Narasi Newsroom,2022-06-17T12:30:10Z,2022,6,vonis bebas kasasi MA,institusional,integritas_korupsi
WemXgD123bo,Tanggapan KPK soal Ditolaknya Kasasi terhadap Samin Tan oleh MA,Kompas.com,2022-06-13T09:17:07Z,2022,6,vonis bebas kasasi MA,institusional,integritas_korupsi
Izy4NmAx_TI,"Alhamdulillah. Klienku BEBAS, Banding  Kasasi Jaksa Ditolak",Isram  Law,2022-09-28T15:44:53Z,2022,9,vonis bebas kasasi MA,institusional,integritas_korupsi
oWZfAB19voY,"HAH KOK GITU.?! MAHKAMAH AGUNG BEBASKAN TERDAKWA KM50 LASKAR FP1, KASASI JAKSA DI TOLAK OLEH MA...",Milenial TV,2022-09-16T11:11:58Z,2022,9,vonis bebas kasasi MA,institusional,integritas_korupsi
2wquvqQv1KE,Putusan Kasasi Mahkamah Agung nya sudah keluar. Pihak kami yang menang (Kuasa Hukum Pekerja),RKAPLAW,2022-07-29T07:08:00Z,2022,7,vonis bebas kasasi MA,institusional,integritas_korupsi
Hg1V9G1Lq8Y,MA Korting Hukuman Edhy Prabowo,Harian Kompas,2022-03-11T01:00:03Z,2022,3,diskon hukuman MA,institusional,integritas_korupsi
7zZd9ieYj7g,Respons Gayus Lumbuun Soal MA Korting Hukuman Edhy Prabowo,METRO TV ,2022-03-10T23:13:56Z,2022,3,diskon hukuman MA,institusional,integritas_korupsi
wlbRmH1qzNU,MA Sunat Hukuman Edhy Prabowo Jadi 5 Tahun Penjara karena Bekerja dengan Baik Saat Jadi Menteri,Tribun Jateng,2022-03-10T07:44:25Z,2022,3,diskon hukuman MA,institusional,integritas_korupsi
Ph7ka4DyC1o,Kok Bisa Masa Hukuman Edhy Prabowo Disunat Mahkamah Agung,KOMPASTV MALANG,2022-03-12T13:44:15Z,2022,3,diskon hukuman MA,institusional,integritas_korupsi
9sAFWfQYTJk,Mantan Hakim Agung Sebut Ferdy Sambo Berpeluang Dapat &#39;Diskon&#39; Hukuman Jika Lakukan Ini,Kompas.com,2022-10-11T08:34:54Z,2022,10,diskon hukuman MA,institusional,integritas_korupsi
IF-z4BcO2BQ,MA Kurangi Hukuman Edhy Prabowo Jadi 5 Tahun Penjara Atas Kasus Suap Ekspor Benih Lobster,KOMPASTV,2022-03-11T00:45:31Z,2022,3,diskon hukuman MA,institusional,integritas_korupsi
bkiXPAvc2z8,MA Korting 4 Tahun Hukuman Edhy Prabowo karena Dinilai Bekerja dengan Baik,TribunAmbon News,2022-03-11T08:35:11Z,2022,3,diskon hukuman MA,institusional,integritas_korupsi
6q1ZLtxOLkg,Hakim Agung Terjerat Korupsi,METRO TV ,2022-11-10T14:42:24Z,2022,11,gratifikasi hakim agung,institusional,integritas_korupsi
n5oyu6FT5bk,Mahfud MD Ungkap Ada 2 Hakim Agung Terlibat Korupsi: Wajib Dihukum Berat!,KOMPASTV,2022-09-24T03:27:11Z,2022,9,gratifikasi hakim agung,institusional,integritas_korupsi
bBioCtj4jxQ,"Usut Kasus Suap Hakim Agung, Jokowi Desak Reformasi Hukum",METRO TV ,2022-09-26T16:55:51Z,2022,9,gratifikasi hakim agung,institusional,integritas_korupsi
o0f24i_TSLI,Sederet Fakta OTT KPK terhadap Hakim Agung Sudrajad Dimyati,Kompas.com,2022-09-23T08:14:19Z,2022,9,gratifikasi hakim agung,institusional,integritas_korupsi
Wp9qfr9bd0E,Hakim Agung Gazalba Saleh Ditahan KPK Terlibat Kasus Suap di MA,KOMPASTV JAWA BARAT,2022-12-08T16:39:42Z,2022,12,gratifikasi hakim agung,institusional,integritas_korupsi
0k7RzpSMnKQ,Komisi Yudisial Siap Berantas Makelar Kasus Di MA,METRO TV ,2022-12-27T03:03:15Z,2022,12,makelar kasus MA,institusional,integritas_korupsi
hWFe5iZUHZ4,Hakim Angkat Tangan Soal Makelar Kasus di MA,Gentala Media,2022-12-12T01:01:23Z,2022,12,makelar kasus MA,institusional,integritas_korupsi
Eq39YsR2fi8,MA Angkat Tangan Atasi Makelar Kasus,METRO TV ,2022-12-12T01:49:05Z,2022,12,makelar kasus MA,institusional,integritas_korupsi
L0-NWHYWgoE,Wakil Ketua Mahkamah Agung Akui Sulitnya Berantas Makelar Kasus,Harian Kompas,2022-12-11T06:00:05Z,2022,12,makelar kasus MA,institusional,integritas_korupsi
v9hSIyZM03A,"Survei :17,28 % Aparatur MA Berpotensi Timbulkan Masalah",METRO TV ,2022-12-11T14:20:23Z,2022,12,makelar kasus MA,institusional,integritas_korupsi
k7WvXMY3f8s,Respons Ketua MA Soal Dua Hakim Agung yang Jadi Tersangka Kasus Suap: Kami Serahan ke KPK,Tribunnews,2022-12-09T13:07:05Z,2022,12,makelar kasus MA,institusional,integritas_korupsi
C1XyQewj8CA,MA Angkat Tangan Atasi Markus,METRO TV ,2022-12-11T13:59:47Z,2022,12,makelar kasus MA,institusional,integritas_korupsi
YVbsAdTGV5A,WAKIL KETUA MA MENYERAH! TAK SANGGUP BERANTAS MAKELAR KASUS. KIAMAT PENEGAKAN HUKUM,Rocky Gerung Official,2022-12-11T13:00:11Z,2022,12,makelar kasus MA,institusional,integritas_korupsi
9bgFjFI5Kx0,"Antisipasi Korupsi di Lingkungan MA, Komisi Yudisial Perketat Proses Seleksi Hakim Agung",Kompas.com,2022-12-26T11:44:53Z,2022,12,makelar kasus MA,institusional,integritas_korupsi
4ZHcwdC7B7Y,KPK Buka Peluang Periksa Ketua Mahkamah Agung | Liputan6,Liputan6,2022-09-25T05:44:50Z,2022,9,makelar kasus MA,institusional,integritas_korupsi
16h7z3t9CEY,Aplikasi Direktori Putusan dan Sistem Info Perkara Mahkamah Agung,Humas Mahkamah Agung RI,2022-11-21T05:43:34Z,2022,11,putusan MA pilkada,institusional,putusan_kontroversial
7OHVqFkud-E,HOTMAN PARIS MENANGGAPI PUTUSAN KASASI MAKAMAH AGUNG No.997 K/PDT/2022,MEDIA CITRA OFFICIAL,2022-04-26T17:05:50Z,2022,4,putusan MA pilkada,institusional,putusan_kontroversial
Wn4mG1eiG-Q,Eks Hakim Agung Usul Sidang MA Direkam dan Terbuka Hindari Permainan Perkara,Kompas.com,2022-09-28T02:14:13Z,2022,9,putusan MA pilkada,institusional,putusan_kontroversial
dSw3cZoOGsw,"KALAH DARI MANTAN KORUPTOR di MA, KPU Ijinkan Mantan Napi Jadi Caleg Pemilu 2024",Harian Surya,2022-09-12T13:08:18Z,2022,9,putusan MA pilkada,institusional,putusan_kontroversial
X0RrLUNAVs0,"Hakim Agung Tergoda Suap, Bagaimana Pulihkan Kepercayaan Publik? | Perempuan Bicara tvOne",tvOneNews ,2022-09-23T14:35:58Z,2022,9,kepercayaan publik Mahkamah Agung,institusional,kepercayaan_publik
UlRSvG66hEI,Konferensi Pers: Menyampaikan isi putusan Mahkamah Agung nomor 942 K/Pid.Sus/2022 (07/03/22),Humas Mahkamah Agung RI,2022-03-10T08:54:43Z,2022,3,kepercayaan publik Mahkamah Agung,institusional,kepercayaan_publik
wkZaU5Qn34s,MA Berkomitmen Berikan Pelayanan Prima Lewat Digitalisai - MA NEWS,KOMPASTV,2022-07-06T10:04:42Z,2022,7,kepercayaan publik Mahkamah Agung,institusional,kepercayaan_publik
3gNOiaVXh5g,Sekilas Laporan Tahunan Mahkamah Agung | Bersama Kepala Biro Hukum dan Humas MA,Humas Mahkamah Agung RI,2022-02-22T05:21:52Z,2022,2,kepercayaan publik Mahkamah Agung,institusional,kepercayaan_publik
EFPbaqdsLCo,Sinergi OJK &amp; Mahkamah Agung Perkuat Koordinasi Terkait Pelaksanaan Tugas OJK yang Semakin Kompleks,Otoritas Jasa Keuangan,2022-09-21T10:34:28Z,2022,9,kepercayaan publik Mahkamah Agung,institusional,kepercayaan_publik
t0-z07k6HC8,"Hakim Agung Jadi Tersangka Korupsi, Citra Mahkamah Agung Ternoda #iNewsSore 24/09",Official iNews,2022-09-24T10:40:33Z,2022,9,citra Mahkamah Agung,institusional,kepercayaan_publik
g1Bu9hv9658,OTT Hakim Agung Sudrajad Dimyati Pudarkan Citra Aparat Penegak Hukum #MNCNewsNow 23/09,iNews Bali Nusra,2022-09-24T10:35:59Z,2022,9,citra Mahkamah Agung,institusional,kepercayaan_publik
oGg3iQuCke8,CITRA MAHKAMAH AGUNG AKAN BURUK JIKA TAK BEBASKAN HRS. SEBAGAIMANA DI SEBUT PAKAR HUKUM INI...,Milenial TV,2022-05-14T13:35:48Z,2022,5,citra Mahkamah Agung,institusional,kepercayaan_publik
cWqfhc1ED1U,Mantan Ketua KY: Komisi Yudisial dengan Mahkamah Agung Bagai Kucing dan Tikus #MNCNewsPrime 19/12,iNews Bali Nusra,2022-12-20T09:43:46Z,2022,12,citra Mahkamah Agung,institusional,kepercayaan_publik
484VL-6TpZI,[BREAKING NEWS] KPK Gelar OTT Terkait Perkara di Mahkamah Agung,Kompas.com,2022-09-22T10:42:00Z,2022,9,citra Mahkamah Agung,institusional,kepercayaan_publik
brh_E5XKz_c,MAKI: Mahkamah Agung Adalah Lembaga yang Paling Tidak Transparan #MNCNewsPrime 20/12,iNews Bali Nusra,2022-12-20T09:44:01Z,2022,12,citra Mahkamah Agung,institusional,kepercayaan_publik
1jyBuuvzPGA,MAKI: Banyak Hakim Berlatar Belakang Buruk Lolos Jadi Hakim Agung #MNCNewsPrime 19/12,iNews Bali Nusra,2022-12-20T09:44:02Z,2022,12,citra Mahkamah Agung,institusional,kepercayaan_publik
Dn3kbnM3v5o,"Berikan Pelayanan Sesuai Asas Hukum, MA Gelar Diskusi Bedah Berkas Kewarisan - MA NEWS",KOMPASTV,2022-07-09T01:15:43Z,2022,7,citra Mahkamah Agung,institusional,kepercayaan_publik
n2hPtmrePhg,Kasus Hakim Agung Jadi Perhatian Semua Pihak - Ketua KPK Buka Suara,iNews Bali Nusra,2022-10-19T14:22:00Z,2022,10,citra Mahkamah Agung,institusional,kepercayaan_publik
qd5XdYvoOK0,Pernyatan MA Terkait Penangkapan Hakim Agung Sudrajad Dimyati oleh KPK,BeritaSatu,2022-09-23T06:32:32Z,2022,9,citra Mahkamah Agung,institusional,kepercayaan_publik
wlPZREmIEHE,Pembinaan Teknis dan Administrasi Yudisial Peradilan Oleh Pimpinan Mahkamah Agung RI,Pengadilan Negeri Tobelo,2022-08-31T06:10:49Z,2022,8,reputasi Mahkamah Agung,institusional,kepercayaan_publik
md_ZoygtUR8,[Eksklusif] Ketua Mahkamah Agung Blak-blakan Jawab Permasalahan di Tubuh MA #shortnews,kumparan,2022-11-29T15:07:16Z,2022,11,reputasi Mahkamah Agung,institusional,kepercayaan_publik
Daa7dO7UYMM,Catat! Ini Beberapa Perbedaan Tugas dan Fungsi Mahkamah Agung dengan Kejaksaan Agung - MA NEWS,KOMPASTV,2022-06-21T08:06:02Z,2022,6,reputasi Mahkamah Agung,institusional,kepercayaan_publik
lyDkW3E4qrw,Sosok BerAKHLAK - Hakim Agung Artidjo Alkostar (Tugas Latsar CPNS Kemenkes 2022),Widya Deli Satuti,2022-06-10T05:37:08Z,2022,6,reputasi Mahkamah Agung,institusional,kepercayaan_publik
koUDukPuU-Y,"Ajukan Kasasi, MS Glow Klaim Sudah Terdaftar Sejak 2016",BeritaSatu,2022-07-17T11:30:28Z,2022,7,reputasi Mahkamah Agung,institusional,kepercayaan_publik
BVL8LywFkAM,KY Gagal Menyeleksi Hakim Agung #HOTROOM,METRO TV ,2022-11-17T10:11:21Z,2022,11,gak percaya Mahkamah Agung,institusional,kepercayaan_publik
i423paBPwFQ,Optimis Berantas Korupsi! Ketua MA Harus Mundur? #HOTROOM,METRO TV ,2022-11-17T10:11:17Z,2022,11,gak percaya Mahkamah Agung,institusional,kepercayaan_publik
4JMxyxCK02s,Pengacara Lukas Enembe Nilai Pengadilan Belum Steril Buntut Hakim MA Tersangka KPK,Kompas.com,2022-09-27T08:09:14Z,2022,9,gak percaya Mahkamah Agung,institusional,kepercayaan_publik
SIukT0qWhAk,HAKIM AGUNG TERTANGKAP KPK TERIMA SUAP. KOK GAK KAGET YA ?,Kanal Anak Bangsa,2022-09-23T07:42:36Z,2022,9,gak percaya Mahkamah Agung,institusional,kepercayaan_publik
42d1ABYGnj8,Begini Prediksi Persidangan Kasus Brigadir J Menurut Mantan Hakim Mahkamah Agung RI Gayus Lumbuun,Tribunnews,2022-09-01T14:47:44Z,2022,9,gak percaya Mahkamah Agung,institusional,kepercayaan_publik
RCGKt-1qhR0,"[FULL] OTT Hakim Agung, &quot;Runtuhnya&quot; Pertahanan Terakhir Pengadilan | Perempuan Bicara tvOne",tvOneNews ,2022-09-23T15:21:53Z,2022,9,gak percaya Mahkamah Agung,institusional,kepercayaan_publik
5IBDv39IXec,BEDAH EDITORIAL MI - Transparansi MA Jangan Gimik,METRO TV ,2022-12-29T02:07:36Z,2022,12,transparansi Mahkamah Agung,institusional,kepercayaan_publik
P10hyxJ5_Cg,MA Prihatin Sudrajad Dimyati Ditetapkan Sebagai Tersangka oleh KPK,Kompas.com,2022-09-23T07:45:06Z,2022,9,transparansi Mahkamah Agung,institusional,kepercayaan_publik
umeapF0nwBE,"Tugas Latsar CPNS Mahkamah Agung Video Paparan Berorientasi Pelayanan - Adam Kevin, S.H.",Adam Kevin,2022-09-16T03:40:43Z,2022,9,transparansi Mahkamah Agung,institusional,kepercayaan_publik
19cqpOHi58s,FGD Peningkatan Penjangkauan Publik Mahkamah Agung,Transparency International Indonesia,2022-01-21T09:58:23Z,2022,1,transparansi Mahkamah Agung,institusional,kepercayaan_publik
CE5I_h95wfs,Direktorat Jenderal Badan Peradilan Militer &amp; Peradilan TUN Wujudkan Modernisasi! - MA NEWS,KOMPASTV,2022-07-19T04:18:57Z,2022,7,transparansi Mahkamah Agung,institusional,kepercayaan_publik
K3YrFKiMSg4,Penerapan Akuntabilitas dan Integritas - LATSAR CPNS MAHKAMAH AGUNG 2022,kelompok 2 Angkatan 6,2022-02-22T12:09:57Z,2022,2,akuntabilitas MA,institusional,kepercayaan_publik
K_LMRbV06Sw,VIDEO PENERAPAN CORE VALUE &quot;AKUNTABEL&quot; Di Puskesmas MA&#39;U,Irene Grace Tel,2022-07-18T14:35:50Z,2022,7,akuntabilitas MA,institusional,kepercayaan_publik
j87PYO0X7k8,Video Resume Subtansi Akuntabilitas dan Kompeten || Latihan Dasar CPNS Mahkamah Agung RI 2022,Miftah Kurniawan Susanto,2022-09-13T08:31:57Z,2022,9,akuntabilitas MA,institusional,kepercayaan_publik
wYQc5LGd9tg,Akuntabilitas dan Integritas  - Tugas Latsar Angkatan 6 Kelompok 3 CPNS Mahkamah Agung RI Tahun 2022,Rahma Margaretta S,2022-03-25T08:44:15Z,2022,3,akuntabilitas MA,institusional,kepercayaan_publik
_2kROuG-riA,SIKAP AKUNTABILITAS DAN INTEGRITAS | TUGAS KELOMPOK 4 LATSAR CPNS MAHKAMAH AGUNG RI 2022,Detri Furwanti,2022-03-24T12:12:13Z,2022,3,akuntabilitas MA,institusional,kepercayaan_publik
TZc4cQV-DM4,Learning Journal - Akuntabilitas - CPNS Mahkamah Agung RI,Monica Lowena Pitoy,2022-09-11T05:55:24Z,2022,9,akuntabilitas MA,institusional,kepercayaan_publik
o7hCv6qn0_s,Motto Sikap dan Perilaku Dalam Mewujudkan Akuntabilitas dan Integritas (LatSar CPNS MA 2022),Salma Nur Hasna,2022-02-22T11:32:51Z,2022,2,akuntabilitas MA,institusional,kepercayaan_publik
JX1fKfiA0y4,LATSAR CPNS MAHKAMAH AGUNG RI 2022- VIDEO PEMBELAJARAN (AKUNTABILITAS),icha dinda,2022-03-24T19:35:23Z,2022,3,akuntabilitas MA,institusional,kepercayaan_publik
cq1Sy8X3rHM,Tugas Substansi Akuntabilitas dan Kompeten Latsar CPNS MA 2022,a,2022-09-13T14:46:03Z,2022,9,akuntabilitas MA,institusional,kepercayaan_publik
UpGhzR5-scs,TUGAS IMPLEMENTASI SIKAP INTEGRITAS DAN AKUNTABILITAS -  PESERTA LATSAR CPNS MA RI TAHUN 2022,Handa Yani,2022-03-24T08:01:23Z,2022,3,akuntabilitas MA,institusional,kepercayaan_publik
OLhakJhg3Go,"Kecewa dengan Hukuman Edhy Prabowo Disunat, KPK Singgung MA yang Tidak Mencerminkan Keagungan",deskjabar,2022-03-12T12:42:46Z,2022,3,kecewa putusan MA,institusional,kepercayaan_publik
y47uoJ91mhw,Kok Bisa Masa Hukuman Edhy Prabowo Disunat Mahkamah Agung?,KOMPASTV,2022-03-12T05:52:04Z,2022,3,kecewa putusan MA,institusional,kepercayaan_publik
3Yfv3YWRYsc,MA Potong Hukuman Edhy Prabowo Jadi 5 Tahun Penjara,Kompas.com,2022-03-09T12:11:57Z,2022,3,kecewa putusan MA,institusional,kepercayaan_publik
qT38pn1_6E4,"Daftar Pejabat MA Tersangkut Kasus Korupsi, Siapa Saja?",BeritaSatu,2022-09-23T10:00:28Z,2022,9,kecewa putusan MA,institusional,kepercayaan_publik
LgmIICgomf8,MA Mengadakan Konsinyering Percepatan Penyelesaian Perkara - MA NEWS,KOMPASTV,2022-07-17T02:50:37Z,2022,7,kecewa putusan MA,institusional,kepercayaan_publik
rMSXtqmyCM8,"Edhy Prabowo, Eks Menteri KP Penerima Suap yang Dinilai Bekerja Baik oleh MA",Kompas.com,2022-03-10T08:12:08Z,2022,3,kecewa putusan MA,institusional,kepercayaan_publik
oUbuIgtWpUE,"Kedatangan Kuat Ma&#39;ruf di Persidangan Pembunuhan Brigadir J Disambut Gelak Tawa, Sempat Beri Senyum",Tribun Papua,2022-11-30T09:26:44Z,2022,11,kecewa putusan MA,institusional,kepercayaan_publik
HSgW_bibFsE,Persyaratan dan Cara Mudah Pencabutan SIPP (Surat Izin Praktik Perawat) Online,Meja Perawat,2022-06-18T12:43:55Z,2022,6,ribet aplikasi SIPP,tutorial_website,layanan_digital_ux
-870aODkc4c,Cara menonaktifkan kepesertaan karyawan melalui online SIPP BPJS Ketenagakerjaan,iis syeno channel,2022-02-18T03:00:00Z,2022,2,ribet aplikasi SIPP,tutorial_website,layanan_digital_ux
XbRblnHO9PI,CARA PENGURUSAN SIPP TEMPAT KERJA || PPNI KOTA MADIUN,Ppni Kotamadiun,2022-05-30T09:58:41Z,2022,5,ribet aplikasi SIPP,tutorial_website,layanan_digital_ux
MUGoKd8hQlE,"Hakim Agung Ditangkap KPK Lewat OTT Atas Perbuatan Korupsi Sebesar 2,2 Milyar",Politik Sosial Agama Hukum,2023-08-20T15:29:07Z,2023,8,OTT hakim agung,institusional,integritas_korupsi
br5yjGc5-9g,"KOMISI III DPR RI FIT AND PROPER TEST CALON HAKIM AGUNG - SENIN, 27 MARET 2023",TVR PARLEMEN,2023-03-27T17:26:42Z,2023,3,OTT hakim agung,institusional,integritas_korupsi
jFOgQsXIN9E,🔴Eks Hakim Agung Gazalba Saleh Ditahan KPK Untuk Kedua Kalinya Diduga Terima Gratifikasi &amp; TPPU,TRIBUN TORAJA OFFICIAL,2023-12-01T14:08:05Z,2023,12,OTT hakim agung,institusional,integritas_korupsi
A6gSPFkmwa8,Hakim Agung Sudrajad Dimyati Cs Segera Disidang,METRO TV ,2023-01-23T01:12:15Z,2023,1,OTT hakim agung,institusional,integritas_korupsi
9cxFk9z7Fs4,Vonis Hakim Agung Sudrajat Dimyati #shorts #trijayafm,Trijaya FM,2023-06-01T03:48:18Z,2023,6,OTT hakim agung,institusional,integritas_korupsi
maO2cCr1HTQ,Mantan Hakim Agung Minta Jokowi Tegas soal Kasus Kabasarnas,Kompas.com,2023-07-31T12:52:54Z,2023,7,OTT hakim agung,institusional,integritas_korupsi
UMVWk7LIQV4,"Hasbi Hasan Belum Ditahan Meski Sudah Ditetapkan sebagai Tersangka, Kini Malah Ajukan Cuti 3 Bulan",Tribunnews,2023-06-07T12:28:29Z,2023,6,Hasbi Hasan MA,institusional,integritas_korupsi
ZRBwLdcNDNs,"Sekretaris MA, Hasbi Hasan resmi jadi tahanan KPK",SUARANTBcom,2023-07-14T01:03:52Z,2023,7,Hasbi Hasan MA,institusional,integritas_korupsi
ky0lVlrwFio,"Terjerat Korupsi, KPK Tahan Mantan Sekertaris MA Hasbi Hasan",Buletin iNews GTV,2023-07-13T00:50:42Z,2023,7,Hasbi Hasan MA,institusional,integritas_korupsi
Hs1GFY6ImBE,OCA TEMUI HASBI HASAN DI KPK SERAHKAN REKAMAN PERCAKAPAN SEKMA JADI TARGET TERSANGKA,EBC Media Channel,2023-05-25T05:30:05Z,2023,5,Hasbi Hasan MA,institusional,integritas_korupsi
crIcITYkXRc,"Sekretaris MA Hasbi Hasan Penuhi Panggilan KPK, Perkara Kasus Suap",Official iNews,2023-07-12T11:02:20Z,2023,7,Hasbi Hasan MA,institusional,integritas_korupsi
SNPEVFecYuM,"Sosok Hasbi Hasan, Sekretaris MA Nonaktif yang Terlibat Kasus Dugaan Suap Perkara di Mahkamah Agung",Tribunnews,2023-07-12T10:03:27Z,2023,7,Hasbi Hasan MA,institusional,integritas_korupsi
zTBZEo4hhWA,🔴 BREAKING NEWS: Sekretaris MA Hasbi Hasan Kembali Dipanggil KPK soal Kasus Suap Perkara MA,Tribun Video,2023-07-12T19:13:20Z,2023,7,Hasbi Hasan MA,institusional,integritas_korupsi
ZyE66arm6-Q,Status Hukum Seketaris MA Segera Diumumkan KPK,METRO TV ,2023-05-08T13:49:15Z,2023,5,Hasbi Hasan MA,institusional,integritas_korupsi
Q6yWFGkYYUY,KPK Resmi Tahan Sekertaris MA Hasbi Hasan terkait Dugaan Suap Pengurusan Perkara,Okezone,2023-07-13T07:30:08Z,2023,7,Hasbi Hasan MA,institusional,integritas_korupsi
cgNXxZcG62E,"Sekretaris MA Hasbi Hasan Tak Ditahan KPK Usai Diperiksa 7 Jam, Mengapa?",Suaradotcom,2023-05-25T03:07:51Z,2023,5,Hasbi Hasan MA,institusional,integritas_korupsi
3257391JhT8,KPK Resmi Tahan Sekretaris MA Hasbi Hasan yang Terjerat Kasus Suap Perkara,Kompas TV Medan,2023-07-13T04:25:00Z,2023,7,Hasbi Hasan MA,institusional,integritas_korupsi
gnw0l4VApg0,Hari Ini Sekretaris Mahkamah Agung Hasbi Hasan Penuhi Panggilan KPK,Okezone,2023-07-12T08:30:19Z,2023,7,Hasbi Hasan MA,institusional,integritas_korupsi
EbWRUfU6D8I,Breaking News | KPK Tetapkan Sekretaris Mahkamah Agung Hasbi Hasan Sebagai Tersangka Perkara Suap,BeritaSatu,2023-07-12T10:25:14Z,2023,7,Hasbi Hasan MA,institusional,integritas_korupsi
StwPVngdsbg,"Kajian Umum Tasawuf Modern - Ustadz Nurhadi, MA | LPP-AIK UMJ",aikumj channel,2023-06-09T09:40:21Z,2023,6,Nurhadi MA,institusional,integritas_korupsi
V4mGGtXQVXQ,"#TausiahRamadhan2023 #5 - Dr. H. Nurhadi, MS., MA , &quot;Konsep Pembebasan Roh Dalam Puasa&quot;",Masjid Al-Ittihaad Kemanggisan,2023-03-26T15:07:23Z,2023,3,Nurhadi MA,institusional,integritas_korupsi
a_LrK4oNnOY,Semame Ndek Kulu Atau Nine Ndek Kulu⁉️Ust. Muhammad Nurhadi,Dunia Mujitahidint,2023-01-03T13:31:27Z,2023,1,Nurhadi MA,institusional,integritas_korupsi
suOar4MSZy0,Kajian tafsir Alquran bersama Ustadz DR Nurhadi MA Surat Al Ikhlas,Ta'lim Baitul_Ghafur,2023-09-06T01:25:49Z,2023,9,Nurhadi MA,institusional,integritas_korupsi
c13pikbaZcE,"Hj Eka nurhadi AH, Drono selo",MUHAMMAD HANAFI,2023-07-27T15:58:14Z,2023,7,Nurhadi MA,institusional,integritas_korupsi
OEmBtDDpUdM,"Sesungguhnya Partai Allah Yang Meraih Kemenangan | Ust. Dr. H. Nurhadi Husein, Lc., MA",Hijrah Vibe,2023-07-16T06:00:08Z,2023,7,Nurhadi MA,institusional,integritas_korupsi
NZF8NXYqNvY,"Amalan Penghibur Dialam Kubur - Ustadz Ruslan Nurhadi, Lc",Masjid Nurul Iman Blok M Square,2023-03-12T17:17:31Z,2023,3,Nurhadi MA,institusional,integritas_korupsi
45e_LyZYKBk,KPK Geledah Rumah Pengusaha Dito Mahendra Terkait Kasus Nurhadi,KOMPASTV PEKALONGAN,2023-03-14T04:31:15Z,2023,3,Nurhadi MA,institusional,integritas_korupsi
Q1KdXTuy4Zw,Khutbah Jum&#39;at | Ust. Nurhadi. MA | Masjid Al-Manaar-Slipi,DKM AL-MANAAR SLIPI,2023-03-17T13:24:11Z,2023,3,Nurhadi MA,institusional,integritas_korupsi
eogog8bp7IU,Takziyah lucu bahasa inggris Bima Bali‼️ tuan guru Nurhadi Al jeneper   @officialdawah86,official da'wah ,2023-11-19T08:31:04Z,2023,11,Nurhadi MA,institusional,integritas_korupsi
w5ZTCtbyTao,Kasus Korupsi di Mahkamah Agung Jadi Bukti Lemahnya Integritas,METRO TV ,2023-05-12T12:46:44Z,2023,5,Nurhadi MA,institusional,integritas_korupsi
NzIX6T4R_uw,Ustadz M Nurhadi | 8 Bulan sanggup Senie Tebilin Merantau | Ceramah Lombok Terbaru | Majlis semparu,Tuan Riwe,2023-10-03T12:16:00Z,2023,10,Nurhadi MA,institusional,integritas_korupsi
yrawX2vK66w,KAJIAN KAMIS MALAM BERSAMA UST. DR. Nurhadi MA,Ta'lim Baitul_Ghafur,2023-09-25T02:23:30Z,2023,9,Nurhadi MA,institusional,integritas_korupsi
GvB2921gi24,"Khutbah Jum&#39;at oleh Ust. A. Nurhadi, M. Hi | 17 Maret 2023",Masjid Baiturrohim Tv,2023-03-18T15:46:23Z,2023,3,Nurhadi MA,institusional,integritas_korupsi
F751ju4JIdc,"Ceramah Agama Drs.KH. Nurhadi Aminulloh,MA‼️Di Acara Isra Mi&#39;raj Nabi Muhammad Saw",Rotibul Athos R.M,2023-02-26T04:16:48Z,2023,2,Nurhadi MA,institusional,integritas_korupsi
DkoGqjZJcos,Hakim Agung Nonaktif Sudrajad Dimyati divonis 8 Tahun Terbukti Menerima Suap 80.000 Dollar Singapura,CNN Indonesia Jabar,2023-05-31T13:45:12Z,2023,5,Sudrajad Dimyati,institusional,integritas_korupsi
S5fTmzRfoSc,Hakim Agung Sudrajad Dimyati Divonis 8 Tahun Penjara,Teropong Media,2023-05-30T10:16:57Z,2023,5,Sudrajad Dimyati,institusional,integritas_korupsi
kmZ80CPOEFU,MA Rotasi 17 Personel untuk Putus Rantai Suap,Kompas.com,2023-01-04T13:16:51Z,2023,1,Sudrajad Dimyati,institusional,integritas_korupsi
x2z_DpFfdvw,Hercules Diperiksa KPK sebagai Saksi Dugaan Suap Hakim Agung,Kompas.com,2023-01-19T05:45:14Z,2023,1,Sudrajad Dimyati,institusional,integritas_korupsi
bSkG6EwtiNE,Hakim Agung Nonaktif Sudrajad Dimyati Divonis 8 Tahun Penjara &amp; Denda Kasus Suap KSP Intidana,Tribunnews,2023-05-30T11:44:35Z,2023,5,Sudrajad Dimyati,institusional,integritas_korupsi
zPn_Vy7pSfA,Tok! Hakim Agung Sudrajad Dimyati Divonis 8 Tahun Penjara,kumparan,2023-05-30T09:45:03Z,2023,5,Sudrajad Dimyati,institusional,integritas_korupsi
RskqHZWzGv0,"Suap MA Rp11,2 Miliar, Hakim Agung Nonaktif Sudrajad Dimyati Divonis 8 Tahun Penjara!",KOMPASTV,2023-05-30T16:00:46Z,2023,5,Sudrajad Dimyati,institusional,integritas_korupsi
kyxCa8Zsq_0,"Gazalba Saleh Tersangka Gratifikasi -TPPU, KPK Temukan Aliran Dana Rp 15 Miliar Untuk Beli Aset",Tribunnews,2023-11-30T13:22:04Z,2023,11,Gazalba Saleh,institusional,integritas_korupsi
4rRZzdijHOs,"&quot;Bos Dalem&quot;, Julukan Hakim Agung Gazalba Saleh di Mahkamah Agung",Kompas.com,2023-08-22T11:01:56Z,2023,8,Gazalba Saleh,institusional,integritas_korupsi
ItgxND_f_Z8,"Gazalba Saleh Divonis Bebas, KPK Segera Ajukan Kasasi #shorts",METRO TV ,2023-08-02T02:54:37Z,2023,8,Gazalba Saleh,institusional,integritas_korupsi
Rtbf79DNNfE,"Hakim Agung Nonaktif, Gazalba Saleh Kembali Ditahan KPK atas Dugaan Gratifikasi | Liputan 6",Liputan6,2023-12-01T00:48:07Z,2023,12,Gazalba Saleh,institusional,integritas_korupsi
fgGbf-nqE4I,"GAZALBA SALEH DITAHAN KPK LAGI, DIDUGA TERIMA GRATIFIKASI TERKAIT KASASI EDHY PRABOWO",Forum Keadilan TV,2023-12-01T13:15:32Z,2023,12,Gazalba Saleh,institusional,integritas_korupsi
-mKS2QLBkRA,Hakim Agung Gazalba Saleh Ditetapkan Tersanga Kasus Gratifikasi &amp; TPPU | Kabar Pagi tvOne,tvOneNews ,2023-12-02T02:25:00Z,2023,12,Gazalba Saleh,institusional,integritas_korupsi
DlDVsxptZ5k,KPK Tetapkan Hakim Agung Gazalba Saleh Sebagai Tersangka TPPU &amp; Gratifikasi,METRO TV ,2023-03-21T14:36:39Z,2023,3,Gazalba Saleh,institusional,integritas_korupsi
J3QovayjFuU,KPK Tetapkan Hakim Agung Gazalba Saleh Tersangka Pencucian Uang,Kompas.com,2023-03-21T11:31:24Z,2023,3,Gazalba Saleh,institusional,integritas_korupsi
PF97hIxsYsc,"Belum Lama Bebas, Hakim Agung Gazalba Saleh Ditahan KPK Lagi | Kabar Siang tvOne",tvOneNews ,2023-12-01T06:09:50Z,2023,12,Gazalba Saleh,institusional,integritas_korupsi
sg_CgbkecHI,KPK Kembali Tahan Hakim Agung Gazalba Saleh,Kompas.com,2023-11-30T15:18:50Z,2023,11,Gazalba Saleh,institusional,integritas_korupsi
hh336ElJuTw,KPK Tahan Mantan Hakim MA Gazalba Saleh Atas Kasus Gratifikasi dan Pencucian Uang,METRO TV ,2023-11-30T15:54:53Z,2023,11,Gazalba Saleh,institusional,integritas_korupsi
cdbrSDo96q8,🔴LIVE - KPK Tahan Hakim Agung Nonktif Gazalba Saleh,Kompas.com,2023-12-01T00:33:45Z,2023,12,Gazalba Saleh,institusional,integritas_korupsi
M6oZ5so7PXA,BREAKING NEWS - Sidang Putusan Praperadilan Gazalba Saleh di PN Jakarta Selatan,KOMPASTV,2023-01-10T08:14:25Z,2023,1,Gazalba Saleh,institusional,integritas_korupsi
7HTudeLEjoo,"Hakim Agung Gazalba Saleh Divonis Bebas, Dinilai Tak Terbukti Terima Suap Putusan Kasasi di MA",kumparan,2023-08-01T12:00:10Z,2023,8,Gazalba Saleh,institusional,integritas_korupsi
_u5O55ohN5o,Hakim Agung Gazalba Kembali Ditahan KPK | Kabar Pagi tvOne,tvOneNews ,2023-12-01T01:33:25Z,2023,12,Gazalba Saleh,institusional,integritas_korupsi
yIViKUztNGY,KPK Ajukan Kasasi ke MA Terkait Conis Bebas Hakim Agung Nonaktif Gazalba Saleh | Liputan 6,Liputan6,2023-08-03T01:41:28Z,2023,8,vonis bebas kasasi MA,institusional,integritas_korupsi
kbqFDmL-aes,Mahfud Minta KPK Ajukan Kasasi Atas Vonis Bebas Hakim Agung nonaktif Gazalba,Harian Kompas,2023-08-02T11:04:17Z,2023,8,vonis bebas kasasi MA,institusional,integritas_korupsi
0b1D7V1c11o,Ajukan Banding/Kasasi apakah akan menang?,Arap Legal,2023-02-13T13:17:19Z,2023,2,vonis bebas kasasi MA,institusional,integritas_korupsi
ZzqPTsYuN6g,"Ibu Brigadir Yosua Kecewa, Kasasi Mahkamah Agung Batalkan Hukuman Mati Ferdy Sambo",Tribun Jambi,2023-08-08T13:10:41Z,2023,8,vonis bebas kasasi MA,institusional,integritas_korupsi
6be0oE6q2hM,MA Bebaskan Ferdy Sambo dari Hukuman Mati,METRO TV ,2023-08-08T12:55:27Z,2023,8,vonis bebas kasasi MA,institusional,integritas_korupsi
0NcDqNDiI2I,Rosti Sangat Kecewa dengan Kasasi Mahkamah Agung Batalkan Hukuman Mati Ferdy Sambo,TribunJatim Official,2023-08-08T14:23:21Z,2023,8,vonis bebas kasasi MA,institusional,integritas_korupsi
YqIs2EX-1h8,Jaksa Tak Bisa Ajukan PK Atas Vonis Kasasi Sambo,METRO TV ,2023-08-09T12:13:59Z,2023,8,vonis bebas kasasi MA,institusional,integritas_korupsi
vUtxkIzx8LQ,Kata Pengamat Polisi soal Diskon Hukuman Sambo CS oleh Mahkamah Agung,KOMPASTV,2023-08-10T06:15:01Z,2023,8,diskon hukuman MA,institusional,integritas_korupsi
-BbTadE5Mpk,"Dapat Diskon MA, Hukuman Mati Batal!",KOMPASTV MAKASSAR,2023-08-10T00:33:10Z,2023,8,diskon hukuman MA,institusional,integritas_korupsi
XYNOKf35_FA,"Rincian Diskon Hukuman Ferdy Sambo, Putri Candrawathi, Kuat Ma&#39;ruf, dan Ricky Rizal",Official iNews,2023-08-09T11:10:59Z,2023,8,diskon hukuman MA,institusional,integritas_korupsi
P-sueRlskd4,MA  Ungkap Tak Ada Intervensi Dalam Putusan Kasasi yang Diskon Hukuman Ferdy Sambo Cs,KOMPASTV JAMBI,2023-08-11T05:15:02Z,2023,8,diskon hukuman MA,institusional,integritas_korupsi
7XdIQAcT_Js,Analisis Pakar Hukum soal Hukuman Sambo Cs Dapat Diskon dari MA,KOMPASTV JAMBI,2023-08-11T10:00:05Z,2023,8,diskon hukuman MA,institusional,integritas_korupsi
lbKDz5krVOM,"Tak Bisa Ajukan PK soal Diskon Hukuman Ferdy Sambo, Kejagung Sebut MA Sudah Akomodir Tuntutan Jaksa",Tribunnews,2023-08-09T10:07:40Z,2023,8,diskon hukuman MA,institusional,integritas_korupsi
CoM5CHAnCc0,"🔴Diskon Hukuman Bagi Sambo &amp; Putri, MA Hukum Putri Jadi 10 Tahun Pemicu Pembunuhan Brigadir J, Miris",Tribun Sumsel,2023-08-09T02:06:36Z,2023,8,diskon hukuman MA,institusional,integritas_korupsi
IlqbxkL-fY0,"MA Diskon Hukuman Sambo CS, Presiden: Hormati",METRO TV ,2023-08-11T03:03:59Z,2023,8,diskon hukuman MA,institusional,integritas_korupsi
qtHRAcZEADU,PAKET DISKON HUKUMAN SAMBO CS DI MA,Forum Keadilan TV,2023-08-09T21:00:28Z,2023,8,diskon hukuman MA,institusional,integritas_korupsi
uvHwDYa56ps,"MA Diskon Hukuman Ferdy Sambo, Kejagung: Kami Tak Bisa Ajukan PK",Kompas.com,2023-08-09T10:27:33Z,2023,8,diskon hukuman MA,institusional,integritas_korupsi
9imCDa0vOkI,"Dapat &#39;Diskon&#39; Hukuman dari MA, Kapan Ferdy Sambo Cs Bakal Dieksekusi?",TribunnewsWIKI Official,2023-08-09T11:55:03Z,2023,8,diskon hukuman MA,institusional,integritas_korupsi
NgxzNyTYh4E,"NGERI! Mantan Hakim Agung Jadi Tersangka Korupsi, Terima Gratifikasi Rp 15 Miliar Beli Aset",Tribun Medan Official,2023-12-01T11:30:36Z,2023,12,gratifikasi hakim agung,institusional,integritas_korupsi
H1Z-VCslnZg,KPK Resmi Menahan Hakim Agung Nonaktif Gazalba Saleh Terkait Dugaan Gratifikasi,Nusantara TV,2023-12-01T07:32:58Z,2023,12,gratifikasi hakim agung,institusional,integritas_korupsi
LDWWrEmYi-Q,KPK Tahan Hakim Agung Gazalba Saleh untuk Kedua Kalinya,KOMPASTV JAMBI,2023-12-01T07:30:04Z,2023,12,gratifikasi hakim agung,institusional,integritas_korupsi
ODs5FGMZskk,Sosok Gazalba Saleh Mantan Hakim Agung yang Dua Kali Ditangkap KPK,Harian Kompas,2023-12-01T09:45:27Z,2023,12,gratifikasi hakim agung,institusional,integritas_korupsi
j5KmyA5Yozo,KPK Tahan Hakim Agung Gazalba Saleh untuk Kedua Kalinya #shorts #kpkri #hakimagung,Garis Tengah Media,2023-12-01T12:22:31Z,2023,12,gratifikasi hakim agung,institusional,integritas_korupsi
IsE9s3Pwtuc,KPK Selidiki Transaksi Tak Wajar Hakim Agung Gazalba Saleh Beserta Tersangka Lainnya,Banjarmasin Post News Video,2023-03-05T09:09:46Z,2023,3,gratifikasi hakim agung,institusional,integritas_korupsi
rW7AKCOVNWs,KPK akan Menyelidiki Adakah Pihak Lain yang Terlibat Kasus Suap Penanganan Kasus MA | tvOne,tvOneNews ,2023-07-13T05:45:31Z,2023,7,makelar kasus MA,institusional,integritas_korupsi
nq_L0uzpck0,BERITA SEPEKAN: HARTA KEKAYAAN SEKERTARIS MA SI MAKELAR PERKARA NILAINYA FANTASTIS,Vonis Media,2023-07-16T15:44:09Z,2023,7,makelar kasus MA,institusional,integritas_korupsi
_vdMB5kbsg0,"[FULL] Konferensi Pers KPK Penahanan Sekretaris Mahkamah Agung Hasbi Hasan, Jadi Makelar Kasus?",Tribunnews,2023-07-12T13:38:32Z,2023,7,makelar kasus MA,institusional,integritas_korupsi
itxP-TY4TDk,JOKOWI BASMI MAKELAR KASUS..!! Perintah Tegas Jokowi Ke MA #short #youtubeshorts #trending,PASAR POLITIK ,2023-02-24T06:00:26Z,2023,2,makelar kasus MA,institusional,integritas_korupsi
OISrQcBAdwU,DR Henky Solihin MZ SH MA Klarifikasi Charly Dalam Berita Makelar Kasus,dNEWS STAR,2023-05-19T22:07:05Z,2023,5,makelar kasus MA,institusional,integritas_korupsi
fwqTRmlRxVk,Presiden Jokowi: Mahkamah Agung Benteng Terakhir Pencari Keadilan,IDX CHANNEL,2023-02-23T12:03:10Z,2023,2,makelar kasus MA,institusional,integritas_korupsi
g03MPMDUyV0,BREAKING NEWS - KPK Tahan Sekretaris MA Hasbi Hasan Terkait Kasus Suap Penanganan Perkara,KOMPASTV,2023-07-12T10:21:13Z,2023,7,makelar kasus MA,institusional,integritas_korupsi
sAHTTv7qkVk,"Ma Anulir Hukuman Sambo, Gayus: Jangan Mengharapkan Teori Pembalasan | AKIP tvOne",tvOneNews ,2023-08-11T02:51:40Z,2023,8,makelar kasus MA,institusional,integritas_korupsi
vhf-if31noU,"KAWAL PEMILU - Mantan Napi Bisa Nyaleg, KPU Akan Tindak Lanjuti Putusan MA",METRO TV ,2023-10-03T04:08:18Z,2023,10,putusan MA pilkada,institusional,putusan_kontroversial
U0kR21BYWUM,Mahfud MD Tanggapi Cuitan Denny Indrayana Soal Bocornya Putusan MA | SATU MEJA THRE FORUM,KOMPASTV LAMPUNG,2023-06-01T03:06:30Z,2023,6,putusan MA pilkada,institusional,putusan_kontroversial
PfNM1vRBug4,KPU siap revisi DCS sesuai keputusan MA,Politik News,2023-09-02T06:08:31Z,2023,9,putusan MA pilkada,institusional,putusan_kontroversial
4BkIrr8v8R8,"Sampaikan Laporan Tahunan 2022, MA Berhasil Putus 28 Ribu Perkara",KOMPASTV,2023-02-24T04:47:52Z,2023,2,kepercayaan publik Mahkamah Agung,institusional,kepercayaan_publik
ihOVGB4mutk,Tujuan Mahkamah Agung Gelar Seminar Lomba Karya Ilmiah Berbasis Putusan - MA NEWS,KOMPASTV,2023-10-06T04:39:24Z,2023,10,kepercayaan publik Mahkamah Agung,institusional,kepercayaan_publik
ud7GJbLejrM,Penandatanganan Nota Kesepahaman Mahkamah Agung RI dengan Kementerian Lingkungan Hidup RI,Mahkamah Agung Republik Indonesia,2023-03-21T11:22:32Z,2023,3,kepercayaan publik Mahkamah Agung,institusional,kepercayaan_publik
iDgBiWyCDKY,"Citra Mahkamah Agung Jadi Taruhan, Ahli Ungkap 3 Faktor Ferdy Sambo Bisa Divonis Maksimal Hari Ini",Tribunnews,2023-02-13T04:30:32Z,2023,2,citra Mahkamah Agung,institusional,kepercayaan_publik
JIEfZYFbKKY,Keputusan MA yang Tanpa Alasan Perburuk Citra Hakim Agung,BeritaSatu,2023-08-10T02:30:06Z,2023,8,citra Mahkamah Agung,institusional,kepercayaan_publik
y1KBQAL3TW4,"WENNY Ariani Minta Rezky Aditya Tes DNA Lagi, Usai Kasasi Suami Citra Kirana Ditolak Mahkamah Agung",Tribun Sumsel,2023-06-14T08:31:20Z,2023,6,citra Mahkamah Agung,institusional,kepercayaan_publik
7XQaynF58q0,"Citra Kirana Cuek Soal Putusan MA Rezky Aditya Ayah Biologis Kekey, Posting Kebahagiaan Keluarga",Tribun Sumsel,2023-06-14T08:43:50Z,2023,6,citra Mahkamah Agung,institusional,kepercayaan_publik
pU_QIjpqZm8,Bedanya MA dan MK #mahkamahagung #mahkamahkonstitusi #pidana #hukum #perdata #judicialreview,Script Law,2023-05-21T09:34:41Z,2023,5,reputasi Mahkamah Agung,institusional,kepercayaan_publik
ja8Gz5oE4Js,Mahkamah Agung RI,RAM Law Office,2023-01-18T02:52:50Z,2023,1,reputasi Mahkamah Agung,institusional,kepercayaan_publik
3QjxKhbe4nU,Pakaian Dinas Pegawai Mahkamah Agung RI CHECK!! #shorts,Pengadilan Agama Binjai,2023-10-23T03:07:57Z,2023,10,reputasi Mahkamah Agung,institusional,kepercayaan_publik
SKGvqxTa86Y,Mahkamah Agung Pakai Momen HUT RI untuk Berikan Piagam Satya Karya pada 5 ASN Berdedikasi - MA NEWS,KOMPASTV,2023-08-18T09:52:50Z,2023,8,reputasi Mahkamah Agung,institusional,kepercayaan_publik
hXmbWUe8KJI,Ucapan HUT ke-78 Mahkamah Agung RI | Jaksa Agung RI,Humas Mahkamah Agung RI,2023-08-19T11:29:12Z,2023,8,reputasi Mahkamah Agung,institusional,kepercayaan_publik
dLGrJ8-q5eM,Debat Rocky Gerung vs Hakim Mahkamah Agung #shorts #shortvideo #rockygerung #videoshorts,Official Alfatih,2023-07-09T11:50:22Z,2023,7,reputasi Mahkamah Agung,institusional,kepercayaan_publik
g605iyr2idg,"HUT Mahkamah Agung Republik Indonesia. Sabtu, 19 Agustus 2023.",BNN Kabupaten Bangka Selatan,2023-08-19T01:20:46Z,2023,8,reputasi Mahkamah Agung,institusional,kepercayaan_publik
3was6y_vLJs,Roky Gerung dalam HUT IKAHI 70th | Mahkamah Agung RI,Pusdiklat Teknis Peradilan Mahkamah Agung RI,2023-03-25T16:00:03Z,2023,3,reputasi Mahkamah Agung,institusional,kepercayaan_publik
877ZQCuuorQ,Mahkamah Agung Resmi Larang Hakim Izinkan Nikah Beda Agama!,EL JOHN Media,2023-07-20T06:18:57Z,2023,7,gak percaya Mahkamah Agung,institusional,kepercayaan_publik
wtcSDiLgLYo,MA Keluarkan Edaran Larang Pengadilan Catatkan Pernikahan Beda Agama,Tempodotco,2023-07-19T10:55:40Z,2023,7,gak percaya Mahkamah Agung,institusional,kepercayaan_publik
nTAM0wUhcFM,Mahkamah Agung Yakin Majelis Hakim Iman Wahyu Santosa dkk akan Jaga Independensi soal Vonis Sambo,TribunnewsWIKI Official,2023-01-23T11:34:11Z,2023,1,gak percaya Mahkamah Agung,institusional,kepercayaan_publik
IvxoJQl-S-E,MA Larang Hakim Izinkan Pernikahan Beda Agama | AKIP tvOne,tvOneNews ,2023-07-21T03:44:00Z,2023,7,gak percaya Mahkamah Agung,institusional,kepercayaan_publik
jddshbO3nTc,🔴 Mahkamah Agung Jamin Tak Ada Intervensi dalam Putusan Kasasi Ferdy Sambo Cs,Tribun Pontianak,2023-08-09T02:00:29Z,2023,8,gak percaya Mahkamah Agung,institusional,kepercayaan_publik
DSKRioo5lH4,"HABIB RIZIEQ SHIHAB KUNJUNGI KYAI MA,RUF #shorts #viral #habibrzieqsyihab",NURUL ISLAM TV,2023-01-14T06:17:16Z,2023,1,percuma lapor MA,institusional,kepercayaan_publik
u073HrafCq8,//PERCUMA --MA-MA-MA-//Suara Emas KADES Ds.Dawas--TR.MINI MUSIK,kartimin studio84,2023-03-19T09:40:57Z,2023,3,percuma lapor MA,institusional,kepercayaan_publik
tOCTIKFNlfo,"Bangun Ekosistem Peradilan Digital, Mahkamah Agung Rilis 5 Aplikasi! Apa Saja? - MA NEWS",KOMPASTV,2023-08-19T05:37:27Z,2023,8,transparansi Mahkamah Agung,institusional,kepercayaan_publik
xLM8dIsofzM,Proses Perkara di MA Tak Transparan? #shorts,METRO TV ,2023-08-10T10:33:45Z,2023,8,transparansi Mahkamah Agung,institusional,kepercayaan_publik
1uCij6070Hk,Ayah Brigadir J Minta MA Transparan soal Keringanan Hukuman Ferdy Sambo Cs,METRO TV ,2023-08-09T07:54:09Z,2023,8,transparansi Mahkamah Agung,institusional,kepercayaan_publik
GNPYHO8EUB8,Hasil Rapat Kelompok Kerja Teknologi Informasi dan Komunikasi Mahkamah Agung - MA NEWS,KOMPASTV,2023-09-18T08:15:04Z,2023,9,transparansi Mahkamah Agung,institusional,kepercayaan_publik
BSn8uxoisys,18 Calon Hakim Jalani Seleksi untuk Posisi Wakil Ketua Pengadilan dan Ketua PT TUN | MA NEWS,KOMPASTV,2023-04-14T08:17:58Z,2023,4,transparansi Mahkamah Agung,institusional,kepercayaan_publik
wrEfTDlEKpU,"Keluarga Yosua Kecewa dengan Putusan MA, Kuasa Hukum Pertanyakan Pertimbangan Hakim - BIP 10/08",Buletin iNews GTV,2023-08-10T03:07:52Z,2023,8,kecewa putusan MA,institusional,kepercayaan_publik
AAl9pGvheFk,Kuasa Hukum Brigadir J Kecewa Pada Putusan MA; Kami Tahu akan Ada Lobi lobi Politik,TRIBUN BALI,2023-08-09T05:08:08Z,2023,8,kecewa putusan MA,institusional,kepercayaan_publik
d2RgLizXfZE,AYAH BRIGADIR J SANGAT KECEWA ATAS PUTUSAN MA BATALKAN HUKUMAN MATI FERDY SAMBO,Tribun Jatim Timur,2023-08-09T08:34:21Z,2023,8,kecewa putusan MA,institusional,kepercayaan_publik
SsGLUUiFv_U,Orang Tua Brigadir Yosua Kecewa Putusan MA Yang Diskon Hukuman FS Cs#shorts,KOMPASTV MAKASSAR,2023-08-09T14:16:43Z,2023,8,kecewa putusan MA,institusional,kepercayaan_publik
fXXuYzejcLw,"Keluarga Brigadir Yosua kecewa putusan MA, pengacara: Ada &quot;lobi politik pasukan bawah tanah&quot;",Warta Kota Production,2023-08-09T23:46:49Z,2023,8,kecewa putusan MA,institusional,kepercayaan_publik
ZWUpFk2aMPo,"Keluarga Brigadir Yosua kecewa putusan MA, pengacara: Ada &quot;lobi politik pasukan bawah tanah&quot;",Warta Kota Production,2023-08-10T00:00:28Z,2023,8,kecewa putusan MA,institusional,kepercayaan_publik
k87ewLSCw68,"MA Batalkan Vonis Mati Sambo, Ayah Yosua: Saya Kecewa!",Kompas Tv Bangka,2023-08-12T07:35:38Z,2023,8,kecewa putusan MA,institusional,kepercayaan_publik
rlx1zax-NdY,"Kuasa Hukum Yosua, Sebut Putusan MA Tidak Penuhi Rasa Keadilan",KOMPASTV JAMBI,2023-08-10T17:00:27Z,2023,8,kecewa putusan MA,institusional,kepercayaan_publik
s_Vdj1L1-iI,Keluarga Yosua Kecewa dengan Putusan Kasasi MA,BeritaSatu,2023-08-09T15:03:21Z,2023,8,kecewa putusan MA,institusional,kepercayaan_publik
9ltunlDPjro,🔴NEWS UPDATE: Orang Tua Brigadir J Kecewa Dengan Putusan Kasasi MA Kasus Ferdy Sambo CS,Tribun Kaltim Official,2023-08-09T21:27:34Z,2023,8,kecewa putusan MA,institusional,kepercayaan_publik
0W9u9KCt4B8,Keluarga Yosua Kecewa Hasil Putusan Kasasi Ferdy Sambo Cs,Official iNews,2023-08-10T16:45:19Z,2023,8,kecewa putusan MA,institusional,kepercayaan_publik
PXe10z9dYgI,Hakim Agung Nonaktif Gazalba Saleh Terima Suap Rp200 Juta,BeritaSatu,2024-05-08T04:50:26Z,2024,5,suap Mahkamah Agung,institusional,integritas_korupsi
kDe5pPQSFwc,MAHFUD MD BLAK-BLAKAN JARINGAN MAFIA PERADILAN ZAROF RICAR,METRO TV ,2024-11-01T11:35:00Z,2024,11,mafia peradilan,institusional,integritas_korupsi
EUZK_vCc9lc,Hasil Pemeriksaan Tiga Hakim Agung Ronald Tannur,Investigasi tvOne,2024-11-19T11:23:29Z,2024,11,kode etik hakim agung,institusional,integritas_korupsi
NYJKTwhZdMU,"[FULL] OTT Hakim Agung,  Runtuhnya  Pertahanan Terakhir Pengadilan |  Perempuan Bicara tvOne",Talk Show tvOne RELOAD,2024-10-30T14:15:02Z,2024,10,OTT hakim agung,institusional,integritas_korupsi
IvrSIZhj37M,"Soal Kasus Zarof Ricar, Mahfud BONGKAR Cara Main Hakim",Tribun Banten,2024-10-31T12:01:59Z,2024,10,putusan Mahkamah Agung,institusional,putusan_kontroversial
IzVM8xJmL4U,Zarof Ricar dalam Jejaring Makelar Kasus Mahkamah Agung #shorts,Tempodotco,2024-11-04T10:30:06Z,2024,11,Zarof Ricar,institusional,integritas_korupsi
744FombQolk,Terungkap Pekerjaan Lama Zarof Ricar Sebelum Jadi Makelar Kasus,tribuntimur com,2024-10-29T02:46:00Z,2024,10,Zarof Ricar,institusional,integritas_korupsi
JNA1nvA769c,Kejagung Geledah Rumah Zarof Ricar Terkait Kasus Makelar Kasus Ronald Tannur,Seputar iNews RCTI,2024-10-30T07:02:20Z,2024,10,Zarof Ricar,institusional,integritas_korupsi
UaMuq2n0iJI,Kasus Ronald Tannur Bongkar Fakta: Pensiunan Pejabat MA Zarof Ricar Jadi Makelar Selama 10 Tahun,KOMPASTV JAWA TIMUR,2024-10-28T11:30:17Z,2024,10,Zarof Ricar,institusional,integritas_korupsi
GXODxsAQ5EA,"Kasus Ronald Tannur Ungkap Pensiunan Pejabat MA, Zarof Ricar Jadi Makelar Selama 10 Tahun!",KOMPASTV BENGKULU,2024-10-28T08:31:10Z,2024,10,Zarof Ricar,institusional,integritas_korupsi
TUwYon1cF6E,"[HEADLINE NEWS, 30/10] Penggeledahan Kembali Rumah Zarof Ricar",METRO TV ,2024-10-30T07:17:12Z,2024,10,Zarof Ricar,institusional,integritas_korupsi
3zfyVgBjYZg,Penyidik Kejagung Kembali Geledah Rumah Zarof Ricar - [Metro Siang],METRO TV ,2024-10-30T06:01:00Z,2024,10,Zarof Ricar,institusional,integritas_korupsi
hk0hxDy1gSw,"ZAROF RICAR SIMPAN UANG HAMPIR RP 1 TRILIUN, HANYA LAPORKAN RP 51 MILIAR",Tribunnews Manado,2024-10-27T10:59:59Z,2024,10,Zarof Ricar,institusional,integritas_korupsi
aNRQvtUkVMo,"Zarof Ricar Viral, Makelar Kasus Bekas Pejabat MA Punya Uang Tunai Hampir 1 Triliun di Rumahnya",Tribun Timur,2024-10-28T02:37:14Z,2024,10,Zarof Ricar,institusional,integritas_korupsi
O60Q-56v5rw,"🔴 Penampakan Rumah Mewah Zarof Ricar, Terdapat Brankas hingga Simpan Uang Hampir Rp1 Triliun",Tribun Jateng,2024-10-31T00:28:42Z,2024,10,Zarof Ricar,institusional,integritas_korupsi
KXrNbnR8bh8,"Zarof Ricar Sang Makelar Kasus, Eks Penyidik KPK: Emang Sifatnya Rakus | AKIM tvOne",tvOneNews ,2024-10-31T12:26:10Z,2024,10,Zarof Ricar,institusional,integritas_korupsi
a7XICafVWkg,Fakta di Balik Temuan Kejagung di Rumah Zarof Ricar Kasus Dugaan Suap Ronald Tannur,Official iNews,2024-10-29T08:01:09Z,2024,10,Zarof Ricar,institusional,integritas_korupsi
JewCZ4xTKpw,AUTO SYOK! Mahkamah Agung Kaget Zarof Ricar Jadi Makelar Kasus hingga Bisa Raup Hampir Rp 1 Triliun,TribunbatamID,2024-10-27T08:32:40Z,2024,10,Zarof Ricar,institusional,integritas_korupsi
aFx0H8vjzdg,Sekretaris Nonaktif MA Hasbi Hasan Divonis 6 Tahun Penjara dan Denda Rp 1 Miliar,Kompas.com,2024-04-03T06:30:14Z,2024,4,Hasbi Hasan MA,institusional,integritas_korupsi
eMko7Dx86BI,Sekretaris MA Hasbi Hasan Merasa Dizalimi Dituntut 13 Tahun Penjara,Kompas.com,2024-03-14T10:06:37Z,2024,3,Hasbi Hasan MA,institusional,integritas_korupsi
k1hRg3Y35cE,Sekretaris Nonaktif MA Hasbi Hasan Divonis 6 Tahun Penjara dan Denda Rp 1 Miliar,Kompascom Reporter on Location,2024-04-03T06:30:05Z,2024,4,Hasbi Hasan MA,institusional,integritas_korupsi
WUSlUs_kcQE,Sekretaris MA Hasbi Hasan Dituntut 13 Tahun 8 Bulan Penjara,Kompascom Terkini,2024-03-14T09:08:27Z,2024,3,Hasbi Hasan MA,institusional,integritas_korupsi
Wz2Fe1n-8-E,Sekretaris MA Hasbi Hasan Divonis 6 Tahun Penjara,JurnasTV,2024-04-04T10:00:26Z,2024,4,Hasbi Hasan MA,institusional,integritas_korupsi
e9AzhcMe-Vk,"Tak Terima Divonis 6 Tahun Penjara, Hasbi Hasan Ajukan Banding",Kompascom Terkini,2024-04-03T09:33:29Z,2024,4,Hasbi Hasan MA,institusional,integritas_korupsi
PoepLJVT2ao,"Terbukti Terima Suap, Sekretaris Nonaktif MA Hasbi Hasan Divonis 6 Tahun Penjara",Tribun Pekanbaru Official,2024-04-03T11:04:24Z,2024,4,Hasbi Hasan MA,institusional,integritas_korupsi
te42usDZn8c,Sekretaris MA Hasbi Hasan Merasa Dizalimi Dituntut 13 Tahun Penjara,Kompascom Terkini,2024-03-14T10:27:14Z,2024,3,Hasbi Hasan MA,institusional,integritas_korupsi
zjReNn-ZHqU,Sekretaris MA Hasbi Hasan Dituntut 13 Tahun 8 Bulan Penjara,Kompas.com,2024-03-14T08:49:07Z,2024,3,Hasbi Hasan MA,institusional,integritas_korupsi
GXChPw2Reuw,Hasbi Hasan Divonis 6 Tahun P3njar4,METRO TV ,2024-04-04T02:05:07Z,2024,4,Hasbi Hasan MA,institusional,integritas_korupsi
uwgTq1O5hDY,KPK Buru Saksi Kasus Pencucian Uang Eks Sekretaris MA Hasbi Hasan,JurnasTV,2024-08-03T06:00:32Z,2024,8,Hasbi Hasan MA,institusional,integritas_korupsi
DWxoy43W7DA,"Tak Terima Divonis 6 Tahun Penjara, Hasbi Hasan Ajukan Banding",Kompas.com,2024-04-03T08:27:48Z,2024,4,Hasbi Hasan MA,institusional,integritas_korupsi
HZp6SVxcN-Q,Vonis 6 Tahun Penjara - Sekretaris Non Aktif M.A. Hasbi Hasan #hasbihasan #korupsi #suap,Penyuluh Anti Korupsi Denny Oktaviory,2024-04-07T11:30:11Z,2024,4,Hasbi Hasan MA,institusional,integritas_korupsi
lhlcKj5B3LQ,"Penjajahan Jasmani kepada Rohani | Ust.DR.Nurhadi,MA | khutbah Jum&#39;at (150324) | Masjid Al-Manaar",DKM AL-MANAAR SLIPI,2024-03-15T06:20:36Z,2024,3,Nurhadi MA,institusional,integritas_korupsi
hP913NepPo8,Penyebab Shaf Tarawih selalu berkurang  - DR Nurhadi Husen Lc MA #puasa #puasaramadhan #tarawih,Akhir Zaman,2024-03-15T10:30:27Z,2024,3,Nurhadi MA,institusional,integritas_korupsi
h0Jqw4t1SYA,"YANG BAIK SEBAGAI PEMBANDING , DIMANA NILAI MANUSIA || Ustadz Dr. H. Nurhadi Husein, Lc., M.A.",Barisan Ulama,2024-08-17T04:23:08Z,2024,8,Nurhadi MA,institusional,integritas_korupsi
wzLQX0zNzww,"Ilmu itu Nyatanya bukan Katanya versi Dr. Nurhadi, MA. (Informatif &amp; Konfirmasi). #muhammadiyah",iha channel,2024-09-15T02:45:34Z,2024,9,Nurhadi MA,institusional,integritas_korupsi
ZxVxmjP7kgE,Ustadz Nurhadi Ma&#39;ruf | Riyadhus Shalihin,As-Shof Official,2024-12-07T00:21:07Z,2024,12,Nurhadi MA,institusional,integritas_korupsi
gB4OzvwTCdU,"Unik, menarik dan mencuci otak peserta Baitul Arqam dari Dr. Nurhadi, MA",iha channel,2024-09-15T02:21:11Z,2024,9,Nurhadi MA,institusional,integritas_korupsi
e0fxi_AFb_0,khotbah Jum&#39;at Di Masjid Nurul Iman | Drs. KH. Nurhadi Aminulloh. Ma,Kyai Nurhadi Aminullah ,2024-11-18T03:20:34Z,2024,11,Nurhadi MA,institusional,integritas_korupsi
riF0iln_14I,2 makna taqwa : jauhi &amp; dekati - DR Nurhadi Nixon Husen Lc MA #taqwa,Akhir Zaman,2024-09-25T01:00:25Z,2024,9,Nurhadi MA,institusional,integritas_korupsi
CSBPoSKnEaU,DUNIA MENIPU GAES ‼️ TGH NURHADI ‼️ MAJELIS TA&#39;LIM ASSIBIYAN SEMPARU @officialdawah86,official da'wah ,2024-02-12T10:00:11Z,2024,2,Nurhadi MA,institusional,integritas_korupsi
6CAhSobfTnQ,Hidup vs Mati dengan Narsum Dr. Nurhadi. MA #baitularqam,iha channel,2024-09-15T02:36:44Z,2024,9,Nurhadi MA,institusional,integritas_korupsi
KwP9K4KD-kY,Fakta Gaji Fantastis Hakim Agung Gazalba Saleh! #shorts,METRO TV ,2024-08-08T07:37:41Z,2024,8,Sudrajad Dimyati,institusional,integritas_korupsi
LHeSXWz0c_Q,"Hasbi Hasan, Vonis Sudah Di Kurangi Ehh Malah Minta Banding #korupsi #mahkamahagung #kpk #suap",fitri yani,2024-04-03T17:16:18Z,2024,4,Sudrajad Dimyati,institusional,integritas_korupsi
l0nbPOZh5EE,"Lantik Wakil Ketua MA, Presiden Jokowi Ambil Sumpah Hakim Agung Suharto | Kabar Petang tvOne",tvOneNews ,2024-05-15T11:48:29Z,2024,5,Sudrajad Dimyati,institusional,integritas_korupsi
q4-qxsUTNaI,"MAFIA PERKARA DI MAHKAMAH AGUNG, MASIH PANTAS HAKIM DIJULUKI ANGUNG?",DrEng Rismon H Sianipar,2024-12-23T00:16:57Z,2024,12,Sudrajad Dimyati,institusional,integritas_korupsi
2lgJQ_rC0sA,MASIH PANTAS HAKIM DIJULUKI ANGUNG? GURITA MAFIA PERKARA DI MAHKAMAH AGUNG!,RISMON SIANIPAR  OFFICIAL (TANGKAP TITO KARNAVIAN),2024-12-27T03:01:40Z,2024,12,Sudrajad Dimyati,institusional,integritas_korupsi
pYbMWSGBUAU,"GURITA MAFIA PERKARA DI MAHKAMAH AGUNG, MASIH PANTAS HAKIM DIJULUKI AGUNG?",Balige Academy,2024-12-21T08:27:08Z,2024,12,Sudrajad Dimyati,institusional,integritas_korupsi
dCZFJBDCWO4,"REKAM JEJAK HAKIM &quot;AGUNG&quot; Yohanes Priyana, Penolak PK 7 Terpidana Vina Cirebon -Kasasi 6 Laskar FPI!",Balige Academy,2024-12-26T03:15:36Z,2024,12,Sudrajad Dimyati,institusional,integritas_korupsi
bJvEr3Mtwww,Ikn Hari Ini‼️Desain Kantor Mahkamah Agung Di Nusantara | Tutorial Pakai Ai,Musliadi Arafah,2024-04-29T12:00:37Z,2024,4,Sudrajad Dimyati,institusional,integritas_korupsi
YTYR1lqY1VY,"Saksi Ungkap Gazalba Saleh Beli Rumah Rp7,5 M Cash di Sidang TPPU",BITV,2024-08-06T07:01:36Z,2024,8,Gazalba Saleh,institusional,integritas_korupsi
WNx8BLBqPz8,"Sidang Saksi, Teman Wanita Gazalba Saleh Diperiksa - [Primetime News]",METRO TV ,2024-08-08T12:36:01Z,2024,8,Gazalba Saleh,institusional,integritas_korupsi
zdQwhGY1rEM,Eks Hakim Agung Gazalba Saleh Bungkam Usai Keluar Dari Rutan KPK,Tribun Pekanbaru Official,2024-05-28T07:57:36Z,2024,5,Gazalba Saleh,institusional,integritas_korupsi
YI4hkV6Ndeo,"Kasus Gratifikasi dan Tindak Pidana Pencucian Uang (TPPU) Gazalba Saleh, Jaksa KPK Hadirkan Saksi",KOMPASTV PEKALONGAN,2024-08-06T04:22:14Z,2024,8,Gazalba Saleh,institusional,integritas_korupsi
tcG8RdX9YwM,"Eksepsinya Diterima Hakim, Eks Hakim Agung Gazalba Saleh Lolos dari Jeratan Hukum Kasus Gratifikasi",Kompas TV Medan,2024-05-28T06:37:00Z,2024,5,Gazalba Saleh,institusional,integritas_korupsi
kq6qmUF-ni4,"[Full] Terungkap! Saksi Beberkan Hakim Agung Gazalba Beli Rumah Rp7,5 Miliar Dibayar Cash",KOMPASTV JAWA TIMUR,2024-08-05T13:00:52Z,2024,8,Gazalba Saleh,institusional,integritas_korupsi
WXmYLSBx8TE,Sidang Vonis Hakim Agung Nonaktif Gazalba Saleh [Selamat Pagi Indonesia],METRO TV ,2024-10-15T02:18:34Z,2024,10,Gazalba Saleh,institusional,integritas_korupsi
0SwwMcR6OZA,Sidang tuntutan Gazalba Saleh Hakim Agung Yg Di nonaktif,EBC Media Channel,2024-09-05T06:52:15Z,2024,9,Gazalba Saleh,institusional,integritas_korupsi
mcFGvX5BUS0,Hakim Agung Gazalba Saleh Dibebaskan PN Tipikor,TribunbatamID,2024-05-29T02:00:15Z,2024,5,Gazalba Saleh,institusional,integritas_korupsi
bGMiUf0LHZg,"Terungkap! Hakim Agung Nonaktif Gazalba Saleh Terima Gratifikasi Capai Rp 62,8 Miliar",KOMPASTV,2024-05-07T19:23:51Z,2024,5,Gazalba Saleh,institusional,integritas_korupsi
SYpowNo_TfI,Hakim Agung Gazalba Saleh Kembali Ditahan KPK atas Perintah Pengadilan Tipikor,Kompas.com,2024-07-08T07:30:37Z,2024,7,Gazalba Saleh,institusional,integritas_korupsi
39ji2IkQ_Jo,Gazalba Saleh Dituntut 15 Tahun Penjara [Metro Siang],METRO TV ,2024-09-06T05:59:29Z,2024,9,Gazalba Saleh,institusional,integritas_korupsi
nfsi6AKBAvY,"HAKIM TIPIKOR KABULKAN EKSEPSI, GAZALBA SALEH SEGERA BEBAS",Forum Keadilan TV,2024-05-27T05:09:55Z,2024,5,Gazalba Saleh,institusional,integritas_korupsi
WsbqtfYzlDE,DPR Minta MA dan KY Periksa Hakim Vonis Bebas Ronad Tannur,CNN Indonesia,2024-07-30T05:45:00Z,2024,7,vonis bebas kasasi MA,institusional,integritas_korupsi
tYEYxXjGsso,Pengacara &amp; Keluarga Dini Akan Laporkan Hakim yang Vonis Bebas Ronald Tannur ke MA,Tribunnews,2024-07-25T04:55:58Z,2024,7,vonis bebas kasasi MA,institusional,integritas_korupsi
D8kUclUsyFo,"Mantan Pejabat MA Ditangkap Terkait Bebasnya Ronald Tannur, Uang Hampir Rp 1 Triliun Diamankan",REPUBLIKA Official,2024-10-27T02:57:57Z,2024,10,vonis bebas kasasi MA,institusional,integritas_korupsi
rEMs4bC0K_0,"Kasus Pencemaran Nama Baik Luhut, MA Tolak Kasasi Jaksa, Fatia Haris Tetap Bebas",Tribun Jambi,2024-09-26T15:01:01Z,2024,9,vonis bebas kasasi MA,institusional,integritas_korupsi
u2hY8OZ1JDg,Zarof Ricar Diduga Tak Beroperasi Sendiri jadi Makelar Kasus di Mahkamah Agung,Monitor Indonesia Channel,2024-10-29T12:59:19Z,2024,10,vonis bebas kasasi MA,institusional,integritas_korupsi
MprVSkNeuT0,"Harta Kekayaan MA yang Dianal!S1S PPATK, Apa yang Akan Terungkap?",Update Berita,2024-10-30T02:36:21Z,2024,10,vonis bebas kasasi MA,institusional,integritas_korupsi
X6U4xuPnnvQ,Isak Tangis Keluarga saat MA Tolak PK 7 Terpidana Kasus Vina Cirebon,KOMPASTV,2024-12-17T08:50:45Z,2024,12,vonis bebas kasasi MA,institusional,integritas_korupsi
N3SuBM36aeg,"MA Batalkan Vonis Bebas Ronald Tannur, Kejagung Belum Terima Putusan Kasasi",Kompas.com,2024-10-23T14:33:35Z,2024,10,vonis bebas kasasi MA,institusional,integritas_korupsi
JPsQjIEYeCs,"Libatkan 56 Peserta, MA Gelar Penyusunan Resume dan Pengalihbahasaan Putusan Penting | MA NEWS",KOMPASTV,2024-10-30T00:53:02Z,2024,10,vonis bebas kasasi MA,institusional,integritas_korupsi
Q2fPvoh7Bw4,"Kejaksaan Agung menangkap mantan pejabat tinggi Mahkamah Agung (MA) berinisial ZR,",Link masuk XX1TOTO,2024-10-29T14:30:02Z,2024,10,vonis bebas kasasi MA,institusional,integritas_korupsi
SwSUJjaPLE8,"Terungkap! Hakim Agung Nonaktif Gazalba Saleh Terima Gratifikasi Capai Rp 62,8 Miliar",KOMPASTV JAWA BARAT,2024-05-08T04:31:18Z,2024,5,gratifikasi hakim agung,institusional,integritas_korupsi
p5f9WcQaztI,"Hakim Agung Nonaktif Gazalba Saleh Terima Gratifikasi Capai Rp 62,8 Miliar",KOMPASTV JAWA TIMUR,2024-05-07T19:50:09Z,2024,5,gratifikasi hakim agung,institusional,integritas_korupsi
nWHkwjRT7dw,"Didakwa Terima Gratifikasi Rp650 Juta, Hakim Agung Nonaktifkan  Gazalba Saleh",KOMPASTV GORONTALO,2024-05-07T02:06:10Z,2024,5,gratifikasi hakim agung,institusional,integritas_korupsi
X0UROj-8QVg,Hakim Agung Gazalba Saleh Didakwa Terima Gratifikasi Rp 650 Juta,Kompascom Reporter on Location,2024-05-06T11:38:34Z,2024,5,gratifikasi hakim agung,institusional,integritas_korupsi
yxdFbVvDHho,Hakim Agung Gazalba Saleh Didakwa Gratifikasi,METRO TV ,2024-05-06T06:07:57Z,2024,5,gratifikasi hakim agung,institusional,integritas_korupsi
A0riBQY4YIc,"Hakim Agung Gazalba Saleh Dituntut 15 Tahun Penjara Dalam Kasus Gratifikasi dan TPPU Rp 62,8 Miliar",Monitor Indonesia Channel,2024-09-05T13:58:19Z,2024,9,gratifikasi hakim agung,institusional,integritas_korupsi
j4WPJQR-v8M,KPK Tetapkan Hakim Agung Gazalba Saleh Sebagai Tersangka TPPU &amp; Gratifikasi,indra purnama santi,2024-03-08T23:23:21Z,2024,3,gratifikasi hakim agung,institusional,integritas_korupsi
hE5NIy47OSY,"Hakim Agung Nonaktif, Gazalba Saleh Terima Gratifikasi Capai Rp 62,8 Miliar",KOMPASTV,2024-05-08T13:11:52Z,2024,5,gratifikasi hakim agung,institusional,integritas_korupsi
EQdGPzqRosM,"[FULL] Saksi Ungkap Hakim Agung Gazalba Beli Rumah Rp7,5 Miliar Dibayar Cash",KOMPASTV JEMBER,2024-08-05T10:56:24Z,2024,8,gratifikasi hakim agung,institusional,integritas_korupsi
BcBZAv7QMNs,Hakim Agung Gazalba Saleh Didakwa Terima Gratifikasi Rp 650 Juta,Kompas.com,2024-05-06T11:37:50Z,2024,5,gratifikasi hakim agung,institusional,integritas_korupsi
8lzyS_Bf_vY,Sidang Dugaan Gratifikasi dan TPPU Hakim Agung Nonaktif Gazalba Saleh Kembali Digelar | Liputan 6,Liputan6,2024-07-16T02:08:50Z,2024,7,gratifikasi hakim agung,institusional,integritas_korupsi
_wb5uKSNt3o,Hakim Agung Gazalba Saleh Jalani Sidang Vonis TPPU-Gratifikasi,detikcom,2024-10-15T09:37:42Z,2024,10,gratifikasi hakim agung,institusional,integritas_korupsi
qnEt0j-9Xrw,"🔴LIVE UPDATE | Jadi Saksi Kasus Gratifikasi dan TPPU, Kakak Hakim Agung Gazalba Saleh Ogah Disumpah",Tribunnews,2024-08-12T10:30:15Z,2024,8,gratifikasi hakim agung,institusional,integritas_korupsi
CZhfkbwXvWo,Inilah Bukti Makelar Kasus Merajalela di MA [Metro Pagi Primetime],METRO TV ,2024-10-27T01:55:59Z,2024,10,makelar kasus MA,institusional,integritas_korupsi
29vumcSPu-Y,"Hasil makelar kasus di MA selama 10 tahun, dapat uang hampir 1 triliun, 51 kg emas",ANTARA News,2024-10-26T06:05:31Z,2024,10,makelar kasus MA,institusional,integritas_korupsi
62JJle6dJ0w,Sosok Zarof Ricar! Mantan Pejabat MA yang Kantongi Triliunan jadi Makelar Kasus   - iNews Sore 27/10,Official iNews,2024-10-27T11:48:57Z,2024,10,makelar kasus MA,institusional,integritas_korupsi
pmlrwdcAY7s,Kejagung Kembali Periksa Zarof Ricar Tersangka Makelar Kasus Ronald Tannur!,KOMPASTV,2024-11-04T06:50:30Z,2024,11,makelar kasus MA,institusional,integritas_korupsi
yLDrcTyC6ec,"Dugaan Makelar Kasus di MA, Rekening Zarof Ricar dan Keluarganya Diblokir",Kompas.com,2024-11-01T02:22:17Z,2024,11,makelar kasus MA,institusional,integritas_korupsi
LHPMWhNSku8,"Makelar Kasus di MA, Uang Nyaris Rp 1 Triliun Disimpan dalam Rumah Part 5A",iNews Timur,2024-10-30T07:29:27Z,2024,10,makelar kasus MA,institusional,integritas_korupsi
ef1m7wr85Yc,Uang Hampir Rp 1 T Eks Pejabat MA Diduga Hasil Makelar Kasus Sejak 2012,KOMPASTV JEMBER,2024-10-28T11:31:57Z,2024,10,makelar kasus MA,institusional,integritas_korupsi
L5OubjK0usY,Usut Tuntas! Makelar Kasus Mantan Pejabat Mahkamah Agung - [Metro Siang],METRO TV ,2024-10-28T05:18:20Z,2024,10,makelar kasus MA,institusional,integritas_korupsi
k1xvjn5hNTM,Mantan Pejabat MA Jadi Makelar Kasus      |   Catatan Jurnalis #3,KOMPASTV MAKASSAR,2024-11-05T11:30:09Z,2024,11,makelar kasus MA,institusional,integritas_korupsi
k4AlSugZlEo,Uang Hampir Rp1 T di Rumah Eks Pejabat MA Zarof Ricar Diduga Hasil Makelar Kasus - iNews Siang 26/10,Official iNews,2024-10-26T06:59:25Z,2024,10,makelar kasus MA,institusional,integritas_korupsi
x8B5GZngQv0,Pakar Hukum Pidana: Zarof Ricar Bisa Membantu Mengungkap Praktik Makelar Kasus di MA | AKIM tvOne,tvOneNews ,2024-10-31T12:32:32Z,2024,10,makelar kasus MA,institusional,integritas_korupsi
yWeILsywj5U,Pakar Hukum Tata Negara Kritisi Putusan MA Soal Pilkada | Kabar Pilkada tvOne,tvOneNews ,2024-06-21T09:03:27Z,2024,6,putusan MA pilkada,institusional,putusan_kontroversial
_jZcUyb1lRc,Kata PDI Perjuangan Soal Putusan MA Ubah Syarat Batas Usia Pilkada,Kompas TV Medan,2024-05-31T06:45:02Z,2024,5,putusan MA pilkada,institusional,putusan_kontroversial
tVn1aTQ5OoI,PSI Sebut Tak Ikut Campur Putusan MA Soal Syarat Usia di Pilkada,METRO TV ,2024-06-05T00:27:21Z,2024,6,putusan MA pilkada,institusional,putusan_kontroversial
kAkMQjXDUxU,Jalan Kaesang Menuju Pilkada Jakarta Terbuka Lebar Usai Putusan MA,KOMPASTV JAWA BARAT,2024-06-12T08:22:23Z,2024,6,putusan MA pilkada,institusional,putusan_kontroversial
PaPPSLleMiE,Pakar HTN: Putusan MA Terkait Usia Peserta Pilkada Janggal,CNN Indonesia,2024-06-01T07:00:20Z,2024,6,putusan MA pilkada,institusional,putusan_kontroversial
0ncX_l92Fkk,Kontroversi Putusan Kilat MA Kabulkan Gugatan Cara Hitung Usia Calon Pilkada,KOMPASTV JAMBI,2024-06-03T07:25:55Z,2024,6,putusan MA pilkada,institusional,putusan_kontroversial
04gQHyCWbfU,Gerindra Sepakat dengan Putusan MA Ubah Syarat Usia Peserta Pilkada,KOMPASTV JAWA BARAT,2024-06-03T05:30:47Z,2024,6,putusan MA pilkada,institusional,putusan_kontroversial
smM3YRbSIMs,"Mahfud MD: Putusan MA soal Batas Usia Pilkada Cacat Etik, Moral dan Hukum #shorts",Official iNews,2024-06-06T06:41:10Z,2024,6,putusan MA pilkada,institusional,putusan_kontroversial
Bpw-_ApYdYk,"Kritik Putusan MA Cacat Moral, Mahfud MD Tegaskan PKPU Sudah Sesuai UU Pilkada",KOMPASTV JAWA BARAT,2024-06-06T01:54:05Z,2024,6,putusan MA pilkada,institusional,putusan_kontroversial
Nwi39DPHxFg,"Abdul Hakim: Putusan MA Buat Kisruh di Pilkada, Terlalu Terburu-buru | NTV PRIME",Nusantara TV,2024-06-26T15:04:45Z,2024,6,putusan MA pilkada,institusional,putusan_kontroversial
kn8ZMZWqjGk,Partai Garuda Berharap Putusan MA Diterapkan di Pilkada 2024,METRO TV ,2024-05-31T12:47:14Z,2024,5,putusan MA pilkada,institusional,putusan_kontroversial
XGwJYx8vCF4,Himbauan Ketua Mahkamah Agung RI,Mahkamah Agung Republik Indonesia,2024-11-22T08:49:44Z,2024,11,kepercayaan publik Mahkamah Agung,institusional,kepercayaan_publik
Fz3vFhnSZtM,Ketua Mahkamah Agung RI Sunarto Buka Rapat Pleno Kamar ke-13 Tahun 2024 - MA NEWS,KOMPASTV BENGKULU,2024-11-07T03:57:43Z,2024,11,kepercayaan publik Mahkamah Agung,institusional,kepercayaan_publik
i2X6nGQGC3o,"Rapat Pembinaan Mahkamah Agung, Ketua MA Ingatkan Hakim Jaga Integritas dan Sadar Teknologi",KOMPASTV,2024-07-19T16:25:50Z,2024,7,kepercayaan publik Mahkamah Agung,institusional,kepercayaan_publik
4QQSfYiLaQI,Mahfud MD: &quot;Banyak yang Menyebut Sarang Mafia Ada di Mahkamah Agung&quot; – Pernyataan Mengejutkan!,Critical Thinking,2024-12-01T15:00:05Z,2024,12,kepercayaan publik Mahkamah Agung,institusional,kepercayaan_publik
YrJmTbGG2-Y,KORUPSI DI MAHKAMAH AGUNG SEMAKIN BRUTAL - PERLU TINDAKAN SERIUS - SELAMATKAN NEGARA,Info Ciledug,2024-10-26T04:44:36Z,2024,10,kepercayaan publik Mahkamah Agung,institusional,kepercayaan_publik
P9xbLeyFdAE,Darurat Korupsi! Mantan Pejabat Mahkamah Agung Ditangkap - Kumpulkan Uang Suap Hampir 1 Triliun,Info Ciledug,2024-10-25T23:03:54Z,2024,10,kepercayaan publik Mahkamah Agung,institusional,kepercayaan_publik
dtlNgI7CzNQ,Himbauan Ketua Mahkamah Agung RI,PN Sungai Penuh,2024-11-25T07:44:07Z,2024,11,kepercayaan publik Mahkamah Agung,institusional,kepercayaan_publik
_KbgSFGUA90,"Rapat Pembinaan Mahkamah Agung 2024 Dibuka, Ketua MA Ingatkan Hakim Jaga Integritas!",KOMPASTV,2024-07-20T05:07:30Z,2024,7,kepercayaan publik Mahkamah Agung,institusional,kepercayaan_publik
lGDll9Peq08,Ketua Mahkamah Agung RI Sunarto Buka Rapat Pleno Kamar ke-13 Tahun 2024 - MA NEWS #shorts,KOMPASTV BENGKULU,2024-11-07T04:45:49Z,2024,11,kepercayaan publik Mahkamah Agung,institusional,kepercayaan_publik
LPl_SIP6klk,Kewenangan Mahkamah Agung Menguji Peraturan di Bawah Undang-Undang #hukum #lawyer #pengacara,Gerald.Advokat,2024-09-05T05:49:01Z,2024,9,kepercayaan publik Mahkamah Agung,institusional,kepercayaan_publik
Tqk0JOCAh9g,"Ahmad Suleman, Merusak Citra Mahkamah Agung",TV Harian Nasional,2024-03-09T18:22:01Z,2024,3,citra Mahkamah Agung,institusional,kepercayaan_publik
H3AiaZ_Q_ig,Pengadilan Tercoreng Kasus Hitakara MA Masih Punya Kesempatan Untuk Perbaiki Citra!!!,HukumID Channel,2024-04-01T09:13:21Z,2024,4,citra Mahkamah Agung,institusional,kepercayaan_publik
T1NL854z0uE,Penandatanganan Pakta Integritas Aparatur Kepaniteraan MA,KOMPASTV,2024-03-19T04:31:05Z,2024,3,citra Mahkamah Agung,institusional,kepercayaan_publik
fgYxkLx4M7Q,Pastikan Reformasi MA Menyala,METRO TV ,2024-10-17T00:44:40Z,2024,10,citra Mahkamah Agung,institusional,kepercayaan_publik
5NmPanNag5w,Sorotan Tajam untuk Kinerja Mahkamah Agung: Kasus Vina dan Vonis Ronald Tannur Tak Kunjung Selesai,TRIBUNWOW OFFICIAL,2024-11-22T08:52:04Z,2024,11,citra Mahkamah Agung,institusional,kepercayaan_publik
ClGl4jyllow,Learning Journal Day 1 Latsar CPNS Mahkamah Agung 2024,ayuta puspa,2024-09-30T07:56:59Z,2024,9,citra Mahkamah Agung,institusional,kepercayaan_publik
cxysmsOxz8E,Pastikan Reformasi MA Menyala - Bedah Editorial MI,METRO TV ,2024-10-17T01:47:58Z,2024,10,citra Mahkamah Agung,institusional,kepercayaan_publik
yks4mjQInQM,Himbauan Ketua Mahkamah Agung RI,Humas Mahkamah Agung RI,2024-11-23T08:41:47Z,2024,11,reputasi Mahkamah Agung,institusional,kepercayaan_publik
9dACmwn3V2g,KETUA KOMISI III KRITIK Mahkamah Agung : Saya Telepon Aja Ditolak,Tribun MedanTV,2024-12-28T10:30:04Z,2024,12,reputasi Mahkamah Agung,institusional,kepercayaan_publik
AlvHQ7IHk9U,Sidang Istimewa Laporan Tahunan Tahun 2023 Mahkamah Agung RI Kembali Digelar #viral #mahkamahagung,Direktorat Jenderal Badan Peradilan Umum,2024-02-22T03:02:04Z,2024,2,reputasi Mahkamah Agung,institusional,kepercayaan_publik
53JOsw7vp9M,8 NILAI UTAMA MAHKAMAH AGUNG,Dilmil II-07 Bandung,2024-08-19T08:40:06Z,2024,8,reputasi Mahkamah Agung,institusional,kepercayaan_publik
RRQbewvaaw0,Respon Mahkamah Agung Terkait Cuti Bersama Hakim #shorts,METRO TV ,2024-10-04T07:24:33Z,2024,10,reputasi Mahkamah Agung,institusional,kepercayaan_publik
tRWr4YYlcw8,RESTORATIVE JUSTICE: Peraturan Mahkamah Agung Nomor 1 Tahun 2024,Direktorat Jenderal Badan Peradilan Umum,2024-07-08T01:00:31Z,2024,7,reputasi Mahkamah Agung,institusional,kepercayaan_publik
WeDCiilGHLw,Pengadilan Tata Usaha Negara (PTUN) Jakarta | Mahkamah Agung,Idik Saeful Bahri,2024-02-25T02:32:21Z,2024,2,reputasi Mahkamah Agung,institusional,kepercayaan_publik
Arkf-PFHhJ8,Perseteruan dan Tantangan Hukum Hingga Ke Mahkamah Agung #shorts,METRO TV ,2024-08-04T12:20:57Z,2024,8,reputasi Mahkamah Agung,institusional,kepercayaan_publik
cAOq7ogDOe8,Kebijakan Mahkamah Agung RI Tentang Tindak Pidana Narkotika,Direktorat Jenderal Badan Peradilan Umum,2024-04-29T01:00:27Z,2024,4,reputasi Mahkamah Agung,institusional,kepercayaan_publik
isuwQYls9oA,Putusan MA untuk kepentingan siapa ?? #jokowi #mahkamahagung #demokrasi,gersospol. id,2024-06-03T11:58:25Z,2024,6,reputasi Mahkamah Agung,institusional,kepercayaan_publik
NCYz88SOgUg,Nasib Awyu “DIGANTUNG” Mahkamah Agung #keepalleyesonpapua #alleyesonpapua,Greenpeace Indonesia,2024-07-25T10:31:03Z,2024,7,reputasi Mahkamah Agung,institusional,kepercayaan_publik
c8hyZ2-tbr4,"Udah siap jadi pegawai Mahkamah Agung RI? Pendaftaran CPNS MA RI sudah dibuka, lho! #palumajang",Pengadilan Agama Lumajang,2024-09-18T03:00:17Z,2024,9,reputasi Mahkamah Agung,institusional,kepercayaan_publik
za__qYq0v4M,JESSICA WONGSO AJUKAN PK KE MAHKAMAH AGUNG #indonesiaupdates,indo_vlog,2024-10-09T12:35:58Z,2024,10,gak percaya Mahkamah Agung,institusional,kepercayaan_publik
GEwKfBpA_Fs,Mahfud MD Singgung &#39;Badut Penghuni Istana&#39; Diduga Sindir Putusan MA: Istana Panggung Sirkus,INDONESIA LIVE UPDATE,2024-06-07T03:11:46Z,2024,6,gak percaya Mahkamah Agung,institusional,kepercayaan_publik
gGeoYRchgqs,Momen Keluarga 7 Terpidana Kasus Vina Nangis Histeris setelah PK Ditolak MA | News Flash,Official iNews,2024-12-17T04:20:56Z,2024,12,gak percaya Mahkamah Agung,institusional,kepercayaan_publik
UzvKiqfHZ1A,TERBONGKAR...!! GUS ALI MASYHURI DISEBUT TERLIBAT KASUS HAKIM AGUNG GAZALBA SALEH; IKUT TERSERET?,Hodari Podcast Rakyat,2024-05-13T13:50:25Z,2024,5,gak percaya Mahkamah Agung,institusional,kepercayaan_publik
pU5elqbmvXo,"Hukum Diperkosa, Mulyono Jelas Mengangkangi MK &amp; MA Untuk Kepentingan Dinasti #pilkada2024 #jokowi",Warkop Bicara,2024-09-11T04:54:00Z,2024,9,gak percaya Mahkamah Agung,institusional,kepercayaan_publik
L0FFkkwdalU,"Putusan PK Vina, Jutek: Saya Yakin MA Tak Main-main Karena Kasus Ini Dikawal Media | NTV PRIME",Nusantara TV,2024-11-09T13:30:11Z,2024,11,gak percaya Mahkamah Agung,institusional,kepercayaan_publik
0TTP_i3XqRA,"Tingkatkan Transparansi, MA Optimalkan Layanan Elektronik dalam Penanganan Perkara - MA NEWS",KOMPASTV,2024-12-31T15:35:42Z,2024,12,transparansi Mahkamah Agung,institusional,kepercayaan_publik
lxKyUDY5UfY,Mahkamah Agung atau MA RI menggelar Refleksi Kinerja Tahun 2024 hari ini.,JACKTVNews,2024-12-27T16:47:42Z,2024,12,transparansi Mahkamah Agung,institusional,kepercayaan_publik
u9nDMQd-Vcg,"🔴Mahkamah Agung Lambat &amp; Tak Ada Transparansi, Kasus Vina dan Vonis Ronald Tannur Berujung Sama?",TRIBUNWOW OFFICIAL,2024-11-23T00:00:36Z,2024,11,transparansi Mahkamah Agung,institusional,kepercayaan_publik
QvZxfGqMvRc,"LATSAR CPNS MAHKAMAH AGUNG 2024 - HARMONIS, LOYAL DAN ADAPTIF (AGENDA 2)",Yogi Riswanto,2024-10-07T06:42:26Z,2024,10,transparansi Mahkamah Agung,institusional,kepercayaan_publik
iY-ZTsdfm9M,Mahkamah Agung Janji Percepat Putusan PK Kasus Vina: &quot;Karena Kasus Ini Dipantau Rakyat&quot;,TRIBUNWOW OFFICIAL,2024-11-11T05:09:28Z,2024,11,transparansi Mahkamah Agung,institusional,kepercayaan_publik
1cGsobwmwfA,MENGURAS EMOSI! Titin Pertanyakan Kinerja MA soal Kasus Vina: Masa Kasus Viral Harus Pakai Berkas,TRIBUNWOW OFFICIAL,2024-11-22T09:26:59Z,2024,11,transparansi Mahkamah Agung,institusional,kepercayaan_publik
IjSxEEQqjX8,Reaksi AHP | Calon Hakim Agung TUN Khusus Pajak Wajarkan Pelanggaran? Keadilan Dipertanyakan! Part 1,Ikatan Wajib Pajak Indonesia (IWPI),2024-07-20T01:00:08Z,2024,7,transparansi Mahkamah Agung,institusional,kepercayaan_publik
18S_1p8Rt6M,Kegiatan Penguatan Akuntabilitas Kinerja pada MTs dan MA se Kabupaten Tabalong #akuntabilitas,Sapar_Channel,2024-06-12T11:47:30Z,2024,6,akuntabilitas MA,institusional,kepercayaan_publik
UPnU4OWw0GU,Keluarga Terpidana Kasus Vina Kecewa Putusan MA - Sindo Today 17/12,SINDOnews,2024-12-17T03:55:36Z,2024,12,kecewa putusan MA,institusional,kepercayaan_publik
8nonmIJbW6Q,Mahfud MD Katakan Kecewa Berat Dan Mual Dengan Putusan MA #mahfudmd #kaesangpangarep,Yuristen,2024-09-09T08:57:52Z,2024,9,kecewa putusan MA,institusional,kepercayaan_publik
z5RUzIZRZz0,Atah Rivaldi kecewa mendengar putusan MA #terpidana #kasusvinacirebon,Kabe Hade,2024-12-19T23:25:01Z,2024,12,kecewa putusan MA,institusional,kepercayaan_publik
iBtePizGOsc,"[FULL]  Kasus Vina, Keluarga Terpidana Kecewa Putusan MA - iNews Prime 16/12",Official iNews,2024-12-16T15:35:23Z,2024,12,kecewa putusan MA,institusional,kepercayaan_publik
xNcEJCTpwGg,"PK Ditolak MA, Pengacara Pegi setiawan Kecewa Berat! - [Top News]",METRO TV ,2024-12-16T14:42:35Z,2024,12,kecewa putusan MA,institusional,kepercayaan_publik
haNe4ULXGGM,"PK Ditolak MA, Kuasa Hukum Terpidana Kasus Vina dan Eky Siap Ajukan Banding | News Flash",Official iNews,2024-12-16T10:14:37Z,2024,12,kecewa putusan MA,institusional,kepercayaan_publik
q-_ljuUvJUk,MA Kecewa OTT Hakim Sidang Ronald Tannur Cederai Kebahagiaan Para Hakim Lainnya,merahputih.com,2024-10-24T10:06:47Z,2024,10,kecewa putusan MA,institusional,kepercayaan_publik
XHZcoOLIqvc,Dede kecewa atas putusan MA #kasusvina #dedimulyadi #susnoduadji,asfa aryan,2024-12-17T06:42:23Z,2024,12,kecewa putusan MA,institusional,kepercayaan_publik
qTlz1sTKeMA,Keluarga Terpidana Kasus Vina Kecewa Usai Permohonan PK Ditolak MA | OneNews Update,tvOnenewscom,2024-12-16T11:32:18Z,2024,12,kecewa putusan MA,institusional,kepercayaan_publik
719GZJAVqEQ,Ini Penampakan Emas Batangan 51 Kg Milik Zarof Ricar Tersangka Dugaan TPPU,Kompas.com,2025-04-29T23:03:33Z,2025,4,Zarof Ricar,institusional,integritas_korupsi
yYYuXdJDPg0,"Sidang Lanjutan Zarof Ricar dengan Agenda Pleidoi, Dirinya Mengaku Menyesal | Kabar Petang tvOne",tvOneNews ,2025-06-11T10:57:07Z,2025,6,Zarof Ricar,institusional,integritas_korupsi
TXj0RR2z_gY,BREAKING NEWS - Sidang Pemeriksaan Zarof Ricar Kasus Suap Vonis Ronald Tannur,KOMPASTV,2025-05-19T06:15:52Z,2025,5,Zarof Ricar,institusional,integritas_korupsi
yBTST9qLM2g,Istri dan Anak Zarof Ricar Ngaku Tak Tahu Asal-usul Duit 1 T dan Emas 51 Kg,Tribun Sumsel,2025-04-28T16:10:51Z,2025,4,Zarof Ricar,institusional,integritas_korupsi
qm8aeD2NfCo,Blak-blakan Zarof Ricar sebut Hakim Agung soal Pemufakatan Jahat,METRO TV ,2025-05-08T01:16:14Z,2025,5,Zarof Ricar,institusional,integritas_korupsi
fcUCFewlHRk,Penampakan Gepokan Uang dan Emas dalam Kontainer di Ruman Mantan Pejabat MA Zarof Ricar,Katadata Indonesia,2025-04-29T07:08:19Z,2025,4,Zarof Ricar,institusional,integritas_korupsi
hRwlodur03M,Zarof Ricar Keberatan Istri dan Anak Dihadirkan Sebagai Saksi oleh Jaksa,KOMPASTV PEKALONGAN,2025-04-30T10:12:01Z,2025,4,Zarof Ricar,institusional,integritas_korupsi
VSyaFz5mHa8,"Zarof Ricar, Eks Pejabat MA Penerima Gratifikasi Rp915 Miliar Divonis 16 Tahun | Narasi Daily",Narasi Newsroom,2025-06-19T07:30:22Z,2025,6,Zarof Ricar,institusional,integritas_korupsi
iJ5YRJ_OAXo,"Penampakan Penggeledahan Rumah Zarof Ricar, Ada Rp 920 Miliar dan Emas 51 Kg",Kompas.com,2025-04-29T12:12:58Z,2025,4,Zarof Ricar,institusional,integritas_korupsi
1vOsu6UjTzY,Zarof Ricar Ngaku Dapat Rp 200 Miliar Urus Perkara - [Top News],METRO TV ,2025-05-20T15:25:04Z,2025,5,Zarof Ricar,institusional,integritas_korupsi
XHb_pgemw8s,"USAI VONIS, MAHFUD MD DORONG KEJAKSAAN LANJUTKAN KASUS ZAROF RICAR UNTUK KASUS 915 M DAN 51 KG",Mahfud MD Official ,2025-06-20T04:31:06Z,2025,6,Zarof Ricar,institusional,integritas_korupsi
_mXxom9Yj8k,"Terbukti Serakah, Zarof Ricar Divonis 16 Tahun Penjara - [Metro Pagi Primetime]",METRO TV ,2025-06-21T01:22:29Z,2025,6,Zarof Ricar,institusional,integritas_korupsi
VdKE6xrTbgg,"Tangis Hakim Baca Vonis Zarof Ricar, Pengamat: Punya Banyak Uang, Tapi Serakah #shorts",KOMPASTV,2025-06-21T08:39:58Z,2025,6,Zarof Ricar,institusional,integritas_korupsi
s-ZCcf6CpCY,KPK Periksa Mantan Sekretaris MA Hasbi Hasan,Tribun Timur,2025-04-22T14:01:39Z,2025,4,Hasbi Hasan MA,institusional,integritas_korupsi
gez59CufbLc,"Babak Baru Kasus Suap Rp 9,8 M KPK Seret Eks Sekretaris MA Hasbi Hasan ke Pengadilan",TribunnewsWIKI Official,2025-12-31T08:34:22Z,2025,12,Hasbi Hasan MA,institusional,integritas_korupsi
GQBI_uP1eQw,KPK Periksa Mantan Sekretaris MA Hasbi Hasan,tribuntimur com,2025-04-22T15:02:29Z,2025,4,Hasbi Hasan MA,institusional,integritas_korupsi
OpcW46sxvwA,KPK Periksa Mantan Sekretaris MA Hasbi Hasan Terkait Kasus Pencucian Uang | Beritasatu,BeritaSatu,2025-04-22T11:46:48Z,2025,4,Hasbi Hasan MA,institusional,integritas_korupsi
Y3y0NHgt3I0,KPK Tangkap Menas Erwin Djohansyah Penyuap Eks Sekretaris MA Hasbi Hasan,Official iNews,2025-09-24T16:26:39Z,2025,9,Hasbi Hasan MA,institusional,integritas_korupsi
aZkX-YD4u18,"KPK Ungkap Suap Rp9,8 Miliar, Mantan Sekretaris MA Hasbi Hasan. #beritaterkini #beritaterbaru",SARANG BERITA ,2025-09-25T16:12:43Z,2025,9,Hasbi Hasan MA,institusional,integritas_korupsi
EwfBFGDf0dg,KPK GEBRAK LAGI! PENYUAP EKS SEKRETARIS MA HASBI HASAN DITANGKAP MENDADAK,ACHwan,2025-09-24T15:45:47Z,2025,9,Hasbi Hasan MA,institusional,integritas_korupsi
AkwhYfckztY,"KPK Tangkap Menas Erwin, Penyuap Eks Sekretaris MA Hasbi Hasan",Tempodotco,2025-09-25T04:03:37Z,2025,9,Hasbi Hasan MA,institusional,integritas_korupsi
WGmtmM58gPw,Windy Idol Diperiksa KPK Terkait Kasus Pencucian Uang Eks Sekretaris MA,Investigasi tvOne,2025-04-26T08:00:26Z,2025,4,Hasbi Hasan MA,institusional,integritas_korupsi
PyrKidOgmG4,KPK Tangkap Menas Erwin soal Suap Eks Sekretaris MA Hasbi Hasan - [Metro Hari Ini],METRO TV ,2025-09-25T09:59:25Z,2025,9,Hasbi Hasan MA,institusional,integritas_korupsi
9nMQcj0cmdA,"Sidang Perdana,  Jaksa Ungkap Aliran Uang Gelap Eks Sekretaris MA - [Metro Hari Ini]",METRO TV ,2025-11-18T11:22:55Z,2025,11,Nurhadi MA,institusional,integritas_korupsi
Uu_8aHdA9jQ,🔴LIVE UPDATE | Jet Pribadi Kaesang Disorot di Kasus Gratifikasi Eks Sekretaris MA Nurhadi,Tribunnews,2025-11-28T12:06:30Z,2025,11,Nurhadi MA,institusional,integritas_korupsi
3twmr64GXxM,"KPK Sita Rp4,6 M Kasus TPPU Hasil Sawit Milik Eks Sekretaris MA Nurhadi",Media Indonesia,2025-10-24T07:44:12Z,2025,10,Nurhadi MA,institusional,integritas_korupsi
U7_b0VKrOqw,KPK SITA UANG MILIARAN HASIL PRODUKSI SAWIT NURHADI EKS SEKRETARIS MA,JAVA TV NASIONAL,2025-07-18T10:37:11Z,2025,7,Nurhadi MA,institusional,integritas_korupsi
w7l976u9bR4,Mantan Sekjen MA Nurhadi Kembali Ditangkap KPK | Liputan 6,Liputan6,2025-07-01T03:17:15Z,2025,7,Nurhadi MA,institusional,integritas_korupsi
9D01LIzW7VI,🔴 Nama Kaesang Terseret soal Jet Pribadi dalam Kasus Gratifikasi Eks Sekretaris MA Nurhadi,Tribun Jogja Official,2025-11-29T03:32:50Z,2025,11,Nurhadi MA,institusional,integritas_korupsi
YTpFTHzRCIc,"Belum Taubat! Nurhadi, Mantan Sekretaris MA Ditangkap KPK Lagi | iNews Room | 30/06",Official iNews,2025-06-30T14:36:06Z,2025,6,Nurhadi MA,institusional,integritas_korupsi
HkiT5iZMIR8,Eks Sekretaris MA Nurhadi Kembali Ditangkap KPK,ACHwan,2025-07-01T03:45:55Z,2025,7,Nurhadi MA,institusional,integritas_korupsi
0t2fnKMuMpM,KPK Kembali Tangkap Eks Sekretaris MA Nurhadi #berita #news #fypage #politik #politics,JurnasTV,2025-07-01T06:20:34Z,2025,7,Nurhadi MA,institusional,integritas_korupsi
R14RQ4Zod1E,Jaksa Ungkap Eks Sekretaris MA Nurhadi Cuci Uang Pakai Rekening Menantu,Relung Media,2025-11-19T04:30:28Z,2025,11,Nurhadi MA,institusional,integritas_korupsi
rVdlO1N0PmE,"🔴 LIVE | Usai Dibebaskan, KPK Tangkap Lagi Eks Sekretaris MA Nurhadi - Beritasatu Sore",BeritaSatu,2025-07-01T11:12:00Z,2025,7,Nurhadi MA,institusional,integritas_korupsi
Dmtg4sCAMXc,"Eks Sekretaris MA Nurhadi Ditangkap KPK Lagi Usai Bebas, Tersangka Pencucian Uang",PodNews ID,2025-07-01T07:54:18Z,2025,7,Nurhadi MA,institusional,integritas_korupsi
WqbAyhkYTGM,"Baru Bebas, Eks Sekretaris MA Nurhadi Kembali Ditangkap KPK Terkait Kasus TPPU | Fokus",Fokus Indosiar,2025-07-01T03:48:29Z,2025,7,Nurhadi MA,institusional,integritas_korupsi
gOxVWYJQaag,"Eks Sekretaris MA Nurhadi Didakwa Gratifikasi Lagi, Terima Rp 137 M",Waspada TV,2025-11-18T19:20:00Z,2025,11,Nurhadi MA,institusional,integritas_korupsi
v0rhe2K43yo,Eks Sekretaris MA Nurhadi Kembali Ditangkap KPK,Tribun Jambi,2025-06-30T14:30:44Z,2025,6,Nurhadi MA,institusional,integritas_korupsi
ln0KfucPYko,💥 Uang &amp; Emas Rp 1 Triliun! Hakim Bongkar Harta Tak Wajar Eks Pejabat MA ⚖️🔥,Teguh_vbx On Channel,2025-06-18T18:56:20Z,2025,6,Sudrajad Dimyati,institusional,integritas_korupsi
ZViHvSkZmkU,INILAH 4 PENJAHAT HAKIM AGUNG DAN KONSTITUSI,literatus,2025-08-21T14:26:19Z,2025,8,Sudrajad Dimyati,institusional,integritas_korupsi
Rd0rIRebxDE,"Penelusuran Koperasi Inti Dana, yang Menjadi Cikal Bakal Terjadinya Kasus Suap Hakim Agung | tvOne",Talk Show tvOne RELOAD,2025-04-16T21:00:26Z,2025,4,Sudrajad Dimyati,institusional,integritas_korupsi
PVbgnpQ561E,"Pertama Kalinya, Hakim Agung Ditangkap Tangan oleh KPK atas Kasus Dugaan Suap | Fakta tvOne",Talk Show tvOne RELOAD,2025-04-16T17:00:34Z,2025,4,Sudrajad Dimyati,institusional,integritas_korupsi
8JpfK8ytAck,"Berdasarkan Konstruksi Hukum, Mantan Hakim Agung, Gayus Lumbuun, Berpendapat Kejahatan Terstruktur",Talk Show tvOne RELOAD,2025-04-17T05:00:15Z,2025,4,Sudrajad Dimyati,institusional,integritas_korupsi
2sAEeB1uoX4,"Kasus Suap Menyuap Hakim Agung, Wakil Ketua KPK: Bagi KPK Itu Sangat Ironi &amp; Menyedihkan | tvOne",Talk Show tvOne RELOAD,2025-04-17T03:00:05Z,2025,4,Sudrajad Dimyati,institusional,integritas_korupsi
QxlP4eg35lY,"[FULL] Hakim Agung Terima Suap, Runtuhnya Benteng Keadilan | Fakta tvOne",Talk Show tvOne RELOAD,2025-04-17T07:00:32Z,2025,4,Sudrajad Dimyati,institusional,integritas_korupsi
PFEqR7ssrSM,Panggil Ketua MA ke RDP KOMISI 3 DPR RI! Jangan cuma diwakili sekretaris MA!,DrEng Rismon H Sianipar,2025-01-21T00:56:06Z,2025,1,Sudrajad Dimyati,institusional,integritas_korupsi
eHqY3dD_N0A,"Wakil Ketua KPK, Nurul Ghufron, Jelaskan Konstruksi Kasus hingga Praktik Suap Hakim Agung Terbongkar",Talk Show tvOne RELOAD,2025-04-16T23:00:43Z,2025,4,Sudrajad Dimyati,institusional,integritas_korupsi
m_JIFZP29kE,Hukuman Gazalba Saleh Disunat! Kok Bisa?,METRO TV ,2025-06-25T12:44:55Z,2025,6,Gazalba Saleh,institusional,integritas_korupsi
XbgFEjO4pRM,Keluarga Gazalba Saleh Kompak Nyuci Duit!,METRO TV ,2025-06-25T12:49:29Z,2025,6,Gazalba Saleh,institusional,integritas_korupsi
8afF1fth3KQ,"Sunat Hukuman Gazalba Saleh, MA: Males Adil? | Meet Nite Live",METRO TV ,2025-06-25T11:03:15Z,2025,6,Gazalba Saleh,institusional,integritas_korupsi
XJio8sumeeQ,"HUKUMAN HAKIM AGUNG GAZALBA SALEH DIRINGANKAN Mahkamah Agung, Kini Resmi Divonis 10 Tahun",TribunJatim Official,2025-06-21T07:07:59Z,2025,6,Gazalba Saleh,institusional,integritas_korupsi
o9uw_M9Mq90,MA Pangkas Hukuman Gazalba Saleh jadi 10 Tahun #berita #fypage #news #politik #politics,JurnasTV,2025-06-23T09:31:37Z,2025,6,Gazalba Saleh,institusional,integritas_korupsi
VayQu5xUVN0,MA Pangkas Hukuman Gazalba Saleh jadi 10 Tahun #berita #news #fypage #politik #politics,katakini channel,2025-06-23T09:23:47Z,2025,6,Gazalba Saleh,institusional,integritas_korupsi
vpV7h9DX-Gw,"HUKUMAN GAZALBA SALEH DIRINGANKAN 2 TAHUN di Mahkamah Agung, Kini Resmi Divonis 10 Tahun",TribunJatim Official,2025-06-21T06:53:18Z,2025,6,Gazalba Saleh,institusional,integritas_korupsi
0d5LKzOENgM,Mantan Hakim Agung Dapet Diskon Hukuman! #shorts,leksikal,2025-06-24T07:00:01Z,2025,6,Gazalba Saleh,institusional,integritas_korupsi
0285CylkCOo,Judicial Corruption in Indonesia: The Gazalba Saleh Case_Fatimah Azzahra_English for Law Unsoed,i m a,2025-12-18T10:42:24Z,2025,12,Gazalba Saleh,institusional,integritas_korupsi
g7czdmO_GbA,"MA Kabulkan Kasasi, 3 Terdakwa Korupsi Lahan di Bangka Batal Bebas, Dijatuhi Hukuman Penjara",Tribunnews,2025-10-17T08:47:39Z,2025,10,vonis bebas kasasi MA,institusional,integritas_korupsi
pyXSwr4-84A,Akhir Penantian: Klien Cahaya Gemilang Firm Bebas Usai Putusan Kasasi MA | Mojokerto,NEWJURNALIS | NEWS,2025-05-20T09:37:00Z,2025,5,vonis bebas kasasi MA,institusional,integritas_korupsi
PUd9_0sh18Q,"MA Kabulkan Kasasi, Agnez Mo Bebas dari Denda Rp 1,5 Miliar",Maha_chanel,2025-08-15T00:00:29Z,2025,8,vonis bebas kasasi MA,institusional,integritas_korupsi
8ZCEH4OgDtQ,"MA Tolak Kasasi Mario Dandy, Total Hukuman Tetap 18 Tahun Penjara | MA NEWS",KOMPASTV,2025-11-28T01:49:22Z,2025,11,vonis bebas kasasi MA,institusional,integritas_korupsi
yEIfYRbY_xA,"MANTAN PEJABAT BUMN DI PADANG, URUNG MENGHIRUP UDARA BEBAS,  SETELAH MA MENGABULKAN KASASI JAKSA",BERITA PADANG,2025-01-22T00:00:52Z,2025,1,vonis bebas kasasi MA,institusional,integritas_korupsi
G_AQPybHjkU,Putusan MA Pastikan Mario Dandy Dipenjara Kasus Pencabulan - [BERANTAS],METRO TV ,2025-11-27T06:24:03Z,2025,11,vonis bebas kasasi MA,institusional,integritas_korupsi
5MofXhksS0o,"Ajukan Kasasi ke Mahkamah Agung, Akankah Nikita Mirzani Berpeluang Bebas? #nikitamirzani #nikmir",KapanLagiDotCom,2025-12-10T07:24:14Z,2025,12,vonis bebas kasasi MA,institusional,integritas_korupsi
FKrnqvQxENo,"MA Tolak Kasasi Jaksa, Vonis Bebas Septia Eks Karyawan Jhon LBF .#videoshorts #shorts #jaksa #.",kelik mansyur,2025-07-13T12:22:00Z,2025,7,vonis bebas kasasi MA,institusional,integritas_korupsi
3yTU-fJ9r-M,"Ma Tolak Kasasi Jaksa, Vonis Bebas Septia Eks Karyawan Jhon LBF Inkrah.",Uritanet Chanel,2025-07-25T08:06:10Z,2025,7,vonis bebas kasasi MA,institusional,integritas_korupsi
zFIFry4AlrE,"DIFITNAH BERTAHUN-TAHUN, AKHIRNYA BEBAS! MA Menangkan Gasper Tipnoni",FHN.,2025-12-17T17:46:02Z,2025,12,vonis bebas kasasi MA,institusional,integritas_korupsi
msYccMlyIVA,MA Diskon Hukuman Mantan Dirut Garuda,Jelajah Hukum,2025-07-22T04:27:44Z,2025,7,diskon hukuman MA,institusional,integritas_korupsi
A7kfDaLCT8c,"MA Sunat Hukuman Setya Novanto, Angin Segar Bagi Koruptor?",CNN Indonesia,2025-07-05T16:30:02Z,2025,7,diskon hukuman MA,institusional,integritas_korupsi
lkWbDtV3BU0,Benny DPR Tak Butuh Penjelasan Cecar Calon Hakim Agung: Atas Nama Tuhan Bapak Cabut Nyawa Sambo,MerdekaDotCom,2025-09-12T07:43:21Z,2025,9,gratifikasi hakim agung,institusional,integritas_korupsi
fX7VLHkCz3g,TERLIBAT KASUS GRATIFIKASI! Zarof Ricar Pakai Uang Suap Rp 5 M Biayai Produksi Film Sang Pengadil,Tribun Banten,2025-06-19T11:36:46Z,2025,6,gratifikasi hakim agung,institusional,integritas_korupsi
kxsLqWWM_EA,Pengambilan Sumpah Jabatan dan Pelantikan 9 (Sembilan) Hakim agung dan 1 (Satu) Hakim Adhoc,Mahkamah Agung Republik Indonesia,2025-10-23T02:28:10Z,2025,10,gratifikasi hakim agung,institusional,integritas_korupsi
mQRbLLExEjo,[LIVE] Wawancara Terbuka Calon Hakim Agung dan Calon Hakim ad hoc HAM di MA Tahun 2025 #2,Komisi Yudisial (Menjaga Kehormatan Hakim),2025-08-07T11:00:10Z,2025,8,gratifikasi hakim agung,institusional,integritas_korupsi
a8waOLxJPVw,Mantan Pejabat MA Penerima Suap dan Gratifikasi 1 T Divonis 16 Tahun #beritaviral #profkurniawan,kurniawan unram,2025-06-19T07:43:40Z,2025,6,gratifikasi hakim agung,institusional,integritas_korupsi
u-4lyGlgm48,NASIB CALON HAKIM Agung Yang Kukuh Vonis Mati Ferdy Sambo Dapat Suara Nol di Komisi III DPR,Tribun MedanTV,2025-09-16T12:15:10Z,2025,9,gratifikasi hakim agung,institusional,integritas_korupsi
27qO4oPkWA8,"Kasus Gratifikasi, Zarof Ricar Dituntut 20 Tahun Penjara | iNews Sore | 11/06",Official iNews,2025-06-11T12:11:36Z,2025,6,gratifikasi hakim agung,institusional,integritas_korupsi
3rHJVhw99aw,Sidang Makelar Kasus MA: Zarof Ricar Tolak Keluarga Dihadirkan Sebagai Saksi,KOMPASTV BENGKULU,2025-04-29T06:00:31Z,2025,4,makelar kasus MA,institusional,integritas_korupsi
AYlXXRe42lE,Makelar Kasus Zarof Ricar Jadi Tersangka TPPU | Kabar Siang tvOne,tvOneNews ,2025-04-29T04:59:06Z,2025,4,makelar kasus MA,institusional,integritas_korupsi
0oUSxYQ6-lo,🔴 Menolak Lupa Makelar Kasus Pejabat MA❗ Zarof Ricar  Timbun Uang 1 Trilyun dan Emas 51 Kg di Rumah❗,Langkah Update,2025-03-28T09:00:02Z,2025,3,makelar kasus MA,institusional,integritas_korupsi
cd60U10YFzI,Buntut Makelar Kasus Ronald Tannur Eks Pejabat MA Zarof Ricar Divonis 16 Tahun Penjara,KOMPASTV SORONG,2025-06-19T08:50:04Z,2025,6,makelar kasus MA,institusional,integritas_korupsi
lNmibm4eP5I,"Zarof Ricar Jadi Makelar Kasus MA, Divonis 16 Tahun Penjara [Top News]",METRO TV ,2025-06-20T15:49:51Z,2025,6,makelar kasus MA,institusional,integritas_korupsi
yrScxaZUSlc,Sidang Makelar Kasus MA Zarof Ricar Tolak Keluarga Dihadirkan Sebagai Saksi,KOMPASTV KENDARI,2025-04-29T10:22:35Z,2025,4,makelar kasus MA,institusional,integritas_korupsi
vomZQ8irVxk,"Mengungkap Aliran Dana Makelar Kasus Zarof Ricar, Pejabat Nakal Lain Bisa Diseret? #shorts",METRO TV ,2025-04-29T14:34:19Z,2025,4,makelar kasus MA,institusional,integritas_korupsi
BH68WmQ_DvM,"Paket Makelar Kasus Zarof Ricar, Bayar Rp 1 Miliar dan Bisa Urus Perkara di MA",TV Tempo,2025-04-30T04:30:06Z,2025,4,makelar kasus MA,institusional,integritas_korupsi
FOztilVk0OQ,Kejagung Geledah Rumah Mewah-Blokir Aset Makelar Kasus MA Zarof Ricar | iNews Siang | 29/04,Official iNews,2025-04-29T08:40:55Z,2025,4,makelar kasus MA,institusional,integritas_korupsi
l-fVSOLW_Ug,Terdakwa Makelar Kasus MA Zarof Ricar Keberatan Keluarganya Jadi Saksi di Pengadilan,KOMPASTV BENGKULU,2025-04-30T06:22:28Z,2025,4,makelar kasus MA,institusional,integritas_korupsi
lFRpycpESGY,Gayus: Makelar Kasus Zarof Ricar Harus Ungkap Asal dan Aliran Suap | Beritasatu,BeritaSatu,2025-04-29T13:22:02Z,2025,4,makelar kasus MA,institusional,integritas_korupsi
o2Sr_WggnZA,Mahfud MD apresiasi MK mengoreksi MA,Gray Border,2025-11-20T05:00:59Z,2025,11,putusan MA pilkada,institusional,putusan_kontroversial
NhlmfCmlpDs,"DPR Panggil Mahkamah Agung Soal Penundaan Pemilu, Ada Apa?",Ahmad Doli Kurnia Tandjung,2025-07-16T20:03:37Z,2025,7,putusan MA pilkada,institusional,putusan_kontroversial
U_7CVY2VIDQ,Kejagung Ungkap Alasan Banding Vonis 16 Tahun Bui Eks Pejabat MA Zarof Ricar,Hana Arsyiah,2025-06-26T06:00:33Z,2025,6,putusan MA pilkada,institusional,putusan_kontroversial
_YdyOVNFNNw,Kejagung Ungkap Alasan Banding Vonis 16 Tahun Bui Eks Pejabat MA Zarof Ricar,Hana Arsyiah,2025-06-26T07:30:30Z,2025,6,putusan MA pilkada,institusional,putusan_kontroversial
xMH9o-gEz9U,"Transformasi Peradilan Pajak di Bawah MA RI, Jadi Momentum Bangun Kepercayaan Publik",KOMPASTV BENGKULU,2025-09-17T04:41:48Z,2025,9,kepercayaan publik Mahkamah Agung,institusional,kepercayaan_publik
0DryZD4dJAI,"Transformasi Peradilan Pajak di Bawah MA RI, Jadi Momentum Bangun Kepercayaan Publik",KOMPASTV KENDARI,2025-09-19T13:28:27Z,2025,9,kepercayaan publik Mahkamah Agung,institusional,kepercayaan_publik
vpsa0dhOhgc,"Transformasi Peradilan Pajak di Bawah MA RI, Jadi Momentum Bangun Kepercayaan Publik",KOMPASTV KENDARI,2025-09-19T02:52:17Z,2025,9,kepercayaan publik Mahkamah Agung,institusional,kepercayaan_publik
pQwH5XAaK6U,Nasihat Menohok Ketua MA ke Hakim Baru: Korupsi Rusak Citra Lembaga Peradilan,MerdekaDotCom,2025-06-13T09:32:41Z,2025,6,kepercayaan publik Mahkamah Agung,institusional,kepercayaan_publik
SBFfzaGPx00,Mahkamah Agung Bangkit !!! - Deka ft. Ikbal &amp; Zaini,Pengadilan Negeri Paringin,2025-04-30T07:08:55Z,2025,4,kepercayaan publik Mahkamah Agung,institusional,kepercayaan_publik
Y6KzboX55YI,"MA Bongkar Formasi, 199 Hakim Kena Mutasi - [Metro Siang]",METRO TV ,2025-04-26T05:36:44Z,2025,4,kepercayaan publik Mahkamah Agung,institusional,kepercayaan_publik
lEoX9juFLSI,GEGER! MAHFUD MD SEBUT MAHKAMAH AGUNG SEKARANG PALING JOROK DALAM SEJARAH! INI FAKTA MENGEJUTKANNYA!,PolitikPintar,2025-05-13T10:15:04Z,2025,5,kepercayaan publik Mahkamah Agung,institusional,kepercayaan_publik
WHtalX6zxPs,Mahasiswa Gruduk MA ! Tuntut 3 Hakim Yang Kontroversial,Trijaya FM,2025-10-13T09:44:13Z,2025,10,citra Mahkamah Agung,institusional,kepercayaan_publik
EOT9mhil-f8,Pakar Hukum Deolipa Yumara Buka Suara Soal Gugatan 29 Musisi Di Mahkamah Agung | CUMISTORY,Cumicumi,2025-03-14T05:00:09Z,2025,3,citra Mahkamah Agung,institusional,kepercayaan_publik
wxQflBwIb1g,POLRI BERHASIL MERAIH JUARA I DALAM PAYUNG HUKUM MAHKAMAH AGUNG.,Pak Bhabin Mujadi,2025-02-21T05:55:26Z,2025,2,citra Mahkamah Agung,institusional,kepercayaan_publik
D_LZrDgTNb4,"MA : TEGAS, Dalam Ricuh Persidangan Hotman VS Razman",JST-NEWSTV©MEDIA ,2025-02-10T10:43:33Z,2025,2,citra Mahkamah Agung,institusional,kepercayaan_publik
AtINIIxC9pI,Tangis Ketua Majelis Hakim Pecah Saat Bacakan Vonis Zarof Ricar #Beritasatu,BeritaSatu,2025-06-19T03:45:58Z,2025,6,citra Mahkamah Agung,institusional,kepercayaan_publik
CrBGbjkPRyE,MAHKAMAH AGUNG TOLAK KASASI MARIO DANDY,CERDASFAJAR NEWS OFFICIAL,2025-11-27T12:50:28Z,2025,11,citra Mahkamah Agung,institusional,kepercayaan_publik
9sSfSNblEi0,Ketua Mahkamah Agung: Korupsi Rusak Citra Lembaga Peradilan #beritasatu,BeritaSatu,2025-06-13T18:30:21Z,2025,6,citra Mahkamah Agung,institusional,kepercayaan_publik
DtVQZoERdsU,Daftar Ketua Mahkamah Agung RI 🇮🇩 dari masa ke masa #mahkamahagung #hakimagung #ketuamari #mydata,My Data,2025-05-21T13:12:03Z,2025,5,reputasi Mahkamah Agung,institusional,kepercayaan_publik
ASNozNKdimM,"Mengenal Sengketa Hak Uji Materil di Mahkamah Agung, Bagaimana Proses Penanganannya",KOMPASTV BENGKULU,2025-09-12T05:29:51Z,2025,9,reputasi Mahkamah Agung,institusional,kepercayaan_publik
14iClRkI7Bo,Apresiasi dan Refleksi Mahkamah Agung RI Tahun 2025,Mahkamah Agung Republik Indonesia,2025-12-30T05:54:57Z,2025,12,reputasi Mahkamah Agung,institusional,kepercayaan_publik
5KaFgKFaT9o,Mahkamah Agung (MA) Resmi Miliki Pelat Nomor Khusus “MA”.,Katadata Indonesia,2025-08-20T11:54:48Z,2025,8,reputasi Mahkamah Agung,institusional,kepercayaan_publik
1TmoAgo2-cg,Kebijakan Mahkamah Agung dalam Penanganan Tindak Pidana Korupsi,Direktorat Jenderal Badan Peradilan Umum,2025-09-08T01:00:01Z,2025,9,reputasi Mahkamah Agung,institusional,kepercayaan_publik
7dV4f9avPMY,Kesalahan Dari Hakim Mahkamah Agung #hakim #mahkamahagung #hukum #keadilan #trending #viralshort,ARTILERI,2025-03-08T02:20:04Z,2025,3,reputasi Mahkamah Agung,institusional,kepercayaan_publik
-_OZlMxw2oY,8 I#Video Shorts REVISI PERBEDAAN ​MAHKAMAH AGUNG VS MAHKAMAH KONSTITUSI ?? @MediaPengetahuanHukum ​,Media Pengetahuan Hukum,2025-04-05T10:18:54Z,2025,4,reputasi Mahkamah Agung,institusional,kepercayaan_publik
VsvekcDOeSE,Mahkamah Agung Gelar Pembinaan Teknis dan Administrasi Yudisial Panitera se Indonesia  MA NEWS,KOMPASTV SUKABUMI,2025-11-04T03:20:22Z,2025,11,reputasi Mahkamah Agung,institusional,kepercayaan_publik
9KgRMtWYau4,"MAHKAMAH AGUNG HARUS PUNYA BADAN INTELIJEN SENDIRI, MENGGAGAS BIMA: PENJAGA MARWAH PERADILAN!",Vonis Media,2025-10-18T13:07:32Z,2025,10,reputasi Mahkamah Agung,institusional,kepercayaan_publik
IB4PzQhOcAQ,"KALAU MAHKAMAH AGUNG MAU MENJAGA MARWAH, UMUMKAN DAN PECAT HAKIM YANG MELANGGAR❗",Mahfud MD Official ,2025-04-24T13:30:13Z,2025,4,reputasi Mahkamah Agung,institusional,kepercayaan_publik
jmrwrCblnlg,"Rumah Hakim Terbakar Saat Tangani Kasus Korupsi, Mahkamah Agung dan Pakar Hukum Tanggapi",KOMPASTV JEMBER,2025-11-06T10:35:04Z,2025,11,reputasi Mahkamah Agung,institusional,kepercayaan_publik
-eoJljlvq-E,"Transformasi Peradilan Pajak di Bawah MA RI, Jadi Momentum Bangun Kepercayaan Publik | MA NEWS",KOMPASTV,2025-09-17T04:04:43Z,2025,9,gak percaya Mahkamah Agung,institusional,kepercayaan_publik
OULFs5T6u3Q,MUTASI : Bukan Relokasi Tapi Reformasi - Solusi Bersih-bersih - Mutasi Besar-besaran Hakim oleh MA,Ruang Anti Korupsi,2025-04-26T13:24:59Z,2025,4,gak percaya Mahkamah Agung,institusional,kepercayaan_publik
gUu3dDjyRNk,Pembinaan Ketua Pengadilan Tingkat Pertama dan Banding Tata Usaha Negara - MA NEWS,KOMPASTV,2025-05-16T04:34:22Z,2025,5,gak percaya Mahkamah Agung,institusional,kepercayaan_publik
7EUHITofMrs,Ketua MA:  Percuma Hakim Smart tapi Tak Takut Tuhan,Official iNews,2025-12-31T09:57:35Z,2025,12,percuma lapor MA,institusional,kepercayaan_publik
HWh1sIDQx1o,PERCUMA _ Lagu rap sedih emosional ( MA ),Aron Mky 〽️,2025-06-03T09:19:31Z,2025,6,percuma lapor MA,institusional,kepercayaan_publik
vR5f4fW53uQ,E-Court Mahkamah Agung: Terobosan Digital untuk Peradilan Cepat dan Transparan - MA NEWS,KOMPASTV,2025-05-13T03:34:56Z,2025,5,transparansi Mahkamah Agung,institusional,kepercayaan_publik
GrLjdFyJ-bU,Putusan Pengadilan: Pilar Keadilan yang Transparan dan Berlandaskan Hukum | MA NEWS,KOMPASTV,2025-03-22T02:38:19Z,2025,3,transparansi Mahkamah Agung,institusional,kepercayaan_publik
ABN9lbGZ3wc,Mengenal e-Court: Inovasi Digital Mahkamah Agung dalam Layanan Hukum Modern - MA NEWS,KOMPASTV,2025-05-12T02:30:34Z,2025,5,transparansi Mahkamah Agung,institusional,kepercayaan_publik
UOYztBGo1-4,Aplikasi Direktori Putusan dan Sistem Info Perkara Mahkamah Agung,Pengadilan Negeri Blora,2025-08-14T06:47:37Z,2025,8,transparansi Mahkamah Agung,institusional,kepercayaan_publik
lYx5Osf9jTc,Mengenal Pengadilan Militer: Penegak Disiplin dan Integritas Prajurit TNI - MA NEWS,KOMPASTV,2025-08-18T04:07:54Z,2025,8,transparansi Mahkamah Agung,institusional,kepercayaan_publik
WMkHBHFTAKs,"MA Gelar Apresiasi dan Refleksi Akhir Tahun 2025, Tegaskan Akuntabilitas Publik | MA NEWS",KOMPASTV,2025-12-31T03:38:37Z,2025,12,akuntabilitas MA,institusional,kepercayaan_publik
iQsjE_N7khs,"Penuhi Akuntabilitas, MA Gelar Rapat Terbuka soal Penanganan Sengketa Jasa Keuangan - MA NEWS",KOMPASTV SUKABUMI,2025-03-06T04:06:20Z,2025,3,akuntabilitas MA,institusional,kepercayaan_publik
k1Y3jGLFC6o,"Penuhi Akuntabilitas, MA Gelar Rapat Terbuka soal Penanganan Sengketa Jasa Keuangan - MA NEWS",KOMPASTV BENGKULU,2025-03-06T02:47:11Z,2025,3,akuntabilitas MA,institusional,kepercayaan_publik
JLFsTANoiiw,Anak alm Ilyas Abdurrahman kecewa atas putusan MA #shorts,Sejati 76,2025-10-21T13:00:41Z,2025,10,kecewa putusan MA,institusional,kepercayaan_publik
N9WgBfOak2A,"Kecewa Hasil Putusan MA, Keluarga Bos Rental Mobil Sedih Hukuman Tiga Eks Prajurit TNI AL “Disunat”",Tribunnews,2025-10-24T09:04:11Z,2025,10,kecewa putusan MA,institusional,kepercayaan_publik
HvHrkOeuZ9M,"Ditanya Alasan BUKTI Kasus Vina Cirebon Tak Dianggap Novum, Begini Dalih MA",TRIBUNWOW OFFICIAL,2025-01-01T03:52:49Z,2025,1,kecewa putusan MA,institusional,kepercayaan_publik
Rat0VgX-NaQ,"🔴Faisal Salahi MA, Namun Dosanya Diungkap Abdul Muis, Datangi Rumahnya dan Mengancam",Sriwijaya Post,2025-11-14T22:50:37Z,2025,11,kecewa putusan MA,institusional,kepercayaan_publik
UqBBM7PyKPw,Begini Respons Pakar Hukum Pidana seusai PK Terpidana Kasus Vina Ditolak MA: Potret Suram Hukum,TRIBUNWOW OFFICIAL,2025-01-01T04:55:17Z,2025,1,kecewa putusan MA,institusional,kepercayaan_publik
