2026-09-08 08:48:52,972 INFO file_cache is only supported with oauth2client<4.0.0
2026-09-08 08:48:53,000 INFO Video yang udah ada di output/youtube_videos.csv: 0
2026-09-08 08:48:53,779 INFO Keyword 'putusan Mahkamah Agung' (channel_id=None, category=institusional): ditemukan 15 video mentah
2026-09-08 08:48:54,533 INFO Keyword 'vonis MA' (channel_id=None, category=institusional): ditemukan 15 video mentah
2026-09-08 08:48:55,308 INFO Keyword 'kasasi MA' (channel_id=None, category=institusional): ditemukan 15 video mentah
2026-09-08 08:48:56,005 INFO Keyword 'peninjauan kembali MA' (channel_id=None, category=institusional): ditemukan 15 video mentah
2026-09-08 08:48:56,760 INFO Keyword 'mafia peradilan' (channel_id=None, category=institusional): ditemukan 15 video mentah
2026-09-08 08:48:57,494 INFO Keyword 'kode etik hakim agung' (channel_id=None, category=institusional): ditemukan 15 video mentah
2026-09-08 08:48:58,177 INFO Keyword 'direktori putusan MA' (channel_id=None, category=institusional): ditemukan 15 video mentah
2026-09-08 08:48:58,841 INFO Keyword 'cara cari putusan online Mahkamah Agung' (channel_id=None, category=tutorial_website): ditemukan 15 video mentah
2026-09-08 08:48:59,650 INFO Keyword 'tutorial e-court Indonesia' (channel_id=None, category=tutorial_website): ditemukan 15 video mentah
2026-09-08 08:49:00,450 INFO Keyword 'cara daftar e-court' (channel_id=None, category=tutorial_website): ditemukan 15 video mentah
2026-09-08 08:49:01,174 INFO Keyword 'cara download putusan MA' (channel_id=None, category=tutorial_website): ditemukan 15 video mentah
2026-09-08 08:49:01,838 INFO Keyword 'tutorial SIPP pengadilan' (channel_id=None, category=tutorial_website): ditemukan 15 video mentah
2026-09-08 08:49:02,562 INFO Keyword 'cara cek jadwal sidang online' (channel_id=None, category=tutorial_website): ditemukan 15 video mentah
2026-09-08 08:49:03,277 INFO Keyword 'cara pakai aplikasi SIPP' (channel_id=None, category=tutorial_website): ditemukan 15 video mentah
2026-09-08 08:49:03,792 INFO Cache mentah disimpan: 210 video -> output/_raw_search_cache.json
2026-09-08 08:49:03,795 INFO Hasil search: 194 video unik mentah, 123 dibuang (gak relevan), 0 dibuang (konten MK bukan MA), 0 udah pernah discrap (skip), 71 baru
2026-09-08 08:49:11,378 WARNING Encountered 403 Forbidden with reason "commentsDisabled"
2026-09-08 08:49:11,379 WARNING Gagal ambil komentar video D-6WODxTIn8: <HttpError 403 when requesting https://youtube.googleapis.com/youtube/v3/commentThreads?part=snippet&videoId=D-6WODxTIn8&maxResults=100&order=relevance&textFormat=plainText&key=AIzaSyAWm6nCpbJgc2Hk_VXTCkJ8E60Fw9HTLAE&alt=json returned "The video identified by the <code><a href="/youtube/v3/docs/commentThreads/list#videoId">videoId</a></code> parameter has disabled comments.". Details: "[{'message': 'The video identified by the <code><a href="/youtube/v3/docs/commentThreads/list#videoId">videoId</a></code> parameter has disabled comments.', 'domain': 'youtube.commentThread', 'reason': 'commentsDisabled', 'location': 'videoId', 'locationType': 'parameter'}]">
2026-09-08 08:49:25,603 WARNING Encountered 403 Forbidden with reason "commentsDisabled"
2026-09-08 08:49:25,603 WARNING Gagal ambil komentar video dDjUkjRzugA: <HttpError 403 when requesting https://youtube.googleapis.com/youtube/v3/commentThreads?part=snippet&videoId=dDjUkjRzugA&maxResults=100&order=relevance&textFormat=plainText&key=AIzaSyAWm6nCpbJgc2Hk_VXTCkJ8E60Fw9HTLAE&alt=json returned "The video identified by the <code><a href="/youtube/v3/docs/commentThreads/list#videoId">videoId</a></code> parameter has disabled comments.". Details: "[{'message': 'The video identified by the <code><a href="/youtube/v3/docs/commentThreads/list#videoId">videoId</a></code> parameter has disabled comments.', 'domain': 'youtube.commentThread', 'reason': 'commentsDisabled', 'location': 'videoId', 'locationType': 'parameter'}]">
2026-09-08 08:49:26,300 WARNING Encountered 403 Forbidden with reason "commentsDisabled"
2026-09-08 08:49:26,300 WARNING Gagal ambil komentar video BMdZMCEvv3U: <HttpError 403 when requesting https://youtube.googleapis.com/youtube/v3/commentThreads?part=snippet&videoId=BMdZMCEvv3U&maxResults=100&order=relevance&textFormat=plainText&key=AIzaSyAWm6nCpbJgc2Hk_VXTCkJ8E60Fw9HTLAE&alt=json returned "The video identified by the <code><a href="/youtube/v3/docs/commentThreads/list#videoId">videoId</a></code> parameter has disabled comments.". Details: "[{'message': 'The video identified by the <code><a href="/youtube/v3/docs/commentThreads/list#videoId">videoId</a></code> parameter has disabled comments.', 'domain': 'youtube.commentThread', 'reason': 'commentsDisabled', 'location': 'videoId', 'locationType': 'parameter'}]">
2026-09-08 08:49:28,096 WARNING Encountered 403 Forbidden with reason "commentsDisabled"
2026-09-08 08:49:28,096 WARNING Gagal ambil komentar video RIW1b-jehvI: <HttpError 403 when requesting https://youtube.googleapis.com/youtube/v3/commentThreads?part=snippet&videoId=RIW1b-jehvI&maxResults=100&order=relevance&textFormat=plainText&key=AIzaSyAWm6nCpbJgc2Hk_VXTCkJ8E60Fw9HTLAE&alt=json returned "The video identified by the <code><a href="/youtube/v3/docs/commentThreads/list#videoId">videoId</a></code> parameter has disabled comments.". Details: "[{'message': 'The video identified by the <code><a href="/youtube/v3/docs/commentThreads/list#videoId">videoId</a></code> parameter has disabled comments.', 'domain': 'youtube.commentThread', 'reason': 'commentsDisabled', 'location': 'videoId', 'locationType': 'parameter'}]">
2026-09-08 08:49:32,714 INFO Selesai. 71 video baru, 1773 komentar baru (12 nyebut pengalaman website).
2026-09-08 09:30:21,847 INFO file_cache is only supported with oauth2client<4.0.0
2026-09-08 09:30:21,852 INFO Video yang udah ada di output/youtube_videos.csv: 71
2026-09-08 09:30:22,656 INFO Keyword 'suap Mahkamah Agung' (channel_id=None, category=institusional, dimension=integritas_korupsi): ditemukan 15 video mentah
2026-09-08 09:30:23,466 INFO Keyword 'mafia peradilan' (channel_id=None, category=institusional, dimension=integritas_korupsi): ditemukan 15 video mentah
2026-09-08 09:30:24,201 INFO Keyword 'kode etik hakim agung' (channel_id=None, category=institusional, dimension=integritas_korupsi): ditemukan 15 video mentah
2026-09-08 09:30:25,001 INFO Keyword 'OTT hakim agung' (channel_id=None, category=institusional, dimension=integritas_korupsi): ditemukan 15 video mentah
2026-09-08 09:30:25,783 INFO Keyword 'putusan Mahkamah Agung' (channel_id=None, category=institusional, dimension=putusan_kontroversial): ditemukan 15 video mentah
2026-09-08 09:30:26,533 INFO Keyword 'vonis MA' (channel_id=None, category=institusional, dimension=putusan_kontroversial): ditemukan 15 video mentah
2026-09-08 09:30:27,358 INFO Keyword 'kasasi MA' (channel_id=None, category=institusional, dimension=putusan_kontroversial): ditemukan 15 video mentah
2026-09-08 09:30:28,178 INFO Keyword 'peninjauan kembali MA' (channel_id=None, category=institusional, dimension=putusan_kontroversial): ditemukan 15 video mentah
2026-09-08 09:30:29,094 INFO Keyword 'direktori putusan MA' (channel_id=None, category=institusional, dimension=layanan_digital_ux): ditemukan 15 video mentah
2026-09-08 09:30:29,868 INFO Keyword 'e-court Mahkamah Agung' (channel_id=None, category=institusional, dimension=layanan_digital_ux): ditemukan 15 video mentah
2026-09-08 09:30:30,637 INFO Keyword 'SIPP pengadilan' (channel_id=None, category=institusional, dimension=layanan_digital_ux): ditemukan 15 video mentah
2026-09-08 09:30:31,458 INFO Keyword 'cara cari putusan online Mahkamah Agung' (channel_id=None, category=tutorial_website, dimension=layanan_digital_ux): ditemukan 15 video mentah
2026-09-08 09:30:32,273 INFO Keyword 'tutorial e-court Indonesia' (channel_id=None, category=tutorial_website, dimension=layanan_digital_ux): ditemukan 15 video mentah
2026-09-08 09:30:33,055 INFO Keyword 'cara daftar e-court' (channel_id=None, category=tutorial_website, dimension=layanan_digital_ux): ditemukan 15 video mentah
2026-09-08 09:30:33,922 INFO Keyword 'cara download putusan MA' (channel_id=None, category=tutorial_website, dimension=layanan_digital_ux): ditemukan 15 video mentah
2026-09-08 09:30:34,727 INFO Keyword 'tutorial SIPP pengadilan' (channel_id=None, category=tutorial_website, dimension=layanan_digital_ux): ditemukan 15 video mentah
2026-09-08 09:30:35,556 INFO Keyword 'cara cek jadwal sidang online' (channel_id=None, category=tutorial_website, dimension=layanan_digital_ux): ditemukan 15 video mentah
2026-09-08 09:30:36,270 INFO Keyword 'cara pakai aplikasi SIPP' (channel_id=None, category=tutorial_website, dimension=layanan_digital_ux): ditemukan 15 video mentah
2026-09-08 09:30:36,784 INFO Cache mentah disimpan: 270 video -> output/_raw_search_cache_2022.json
2026-09-08 09:30:36,786 INFO Hasil search: 205 video unik mentah, 77 dibuang (gak relevan), 0 dibuang (konten MK bukan MA), 0 udah pernah discrap (skip), 128 baru
2026-09-08 09:30:52,455 WARNING Encountered 403 Forbidden with reason "commentsDisabled"
2026-09-08 09:30:52,456 WARNING Gagal ambil komentar video fHtT1ndYygE: <HttpError 403 when requesting https://youtube.googleapis.com/youtube/v3/commentThreads?part=snippet&videoId=fHtT1ndYygE&maxResults=100&order=relevance&textFormat=plainText&key=AIzaSyAWm6nCpbJgc2Hk_VXTCkJ8E60Fw9HTLAE&alt=json returned "The video identified by the <code><a href="/youtube/v3/docs/commentThreads/list#videoId">videoId</a></code> parameter has disabled comments.". Details: "[{'message': 'The video identified by the <code><a href="/youtube/v3/docs/commentThreads/list#videoId">videoId</a></code> parameter has disabled comments.', 'domain': 'youtube.commentThread', 'reason': 'commentsDisabled', 'location': 'videoId', 'locationType': 'parameter'}]">
2026-09-08 09:31:01,624 WARNING Encountered 403 Forbidden with reason "commentsDisabled"
2026-09-08 09:31:01,624 WARNING Gagal ambil komentar video yIx48ZW3AJ0: <HttpError 403 when requesting https://youtube.googleapis.com/youtube/v3/commentThreads?part=snippet&videoId=yIx48ZW3AJ0&maxResults=100&order=relevance&textFormat=plainText&key=AIzaSyAWm6nCpbJgc2Hk_VXTCkJ8E60Fw9HTLAE&alt=json returned "The video identified by the <code><a href="/youtube/v3/docs/commentThreads/list#videoId">videoId</a></code> parameter has disabled comments.". Details: "[{'message': 'The video identified by the <code><a href="/youtube/v3/docs/commentThreads/list#videoId">videoId</a></code> parameter has disabled comments.', 'domain': 'youtube.commentThread', 'reason': 'commentsDisabled', 'location': 'videoId', 'locationType': 'parameter'}]">
2026-09-08 09:31:08,199 WARNING Encountered 403 Forbidden with reason "commentsDisabled"
2026-09-08 09:31:08,199 WARNING Gagal ambil komentar video drMMsia4jkE: <HttpError 403 when requesting https://youtube.googleapis.com/youtube/v3/commentThreads?part=snippet&videoId=drMMsia4jkE&maxResults=100&order=relevance&textFormat=plainText&key=AIzaSyAWm6nCpbJgc2Hk_VXTCkJ8E60Fw9HTLAE&alt=json returned "The video identified by the <code><a href="/youtube/v3/docs/commentThreads/list#videoId">videoId</a></code> parameter has disabled comments.". Details: "[{'message': 'The video identified by the <code><a href="/youtube/v3/docs/commentThreads/list#videoId">videoId</a></code> parameter has disabled comments.', 'domain': 'youtube.commentThread', 'reason': 'commentsDisabled', 'location': 'videoId', 'locationType': 'parameter'}]">
2026-09-08 09:31:17,763 WARNING Encountered 403 Forbidden with reason "commentsDisabled"
2026-09-08 09:31:17,763 WARNING Gagal ambil komentar video DaCI7YKbuJA: <HttpError 403 when requesting https://youtube.googleapis.com/youtube/v3/commentThreads?part=snippet&videoId=DaCI7YKbuJA&maxResults=100&order=relevance&textFormat=plainText&key=AIzaSyAWm6nCpbJgc2Hk_VXTCkJ8E60Fw9HTLAE&alt=json returned "The video identified by the <code><a href="/youtube/v3/docs/commentThreads/list#videoId">videoId</a></code> parameter has disabled comments.". Details: "[{'message': 'The video identified by the <code><a href="/youtube/v3/docs/commentThreads/list#videoId">videoId</a></code> parameter has disabled comments.', 'domain': 'youtube.commentThread', 'reason': 'commentsDisabled', 'location': 'videoId', 'locationType': 'parameter'}]">
2026-09-08 09:31:20,009 WARNING Encountered 403 Forbidden with reason "commentsDisabled"
2026-09-08 09:31:20,010 WARNING Gagal ambil komentar video HyZEumSgADg: <HttpError 403 when requesting https://youtube.googleapis.com/youtube/v3/commentThreads?part=snippet&videoId=HyZEumSgADg&maxResults=100&order=relevance&textFormat=plainText&key=AIzaSyAWm6nCpbJgc2Hk_VXTCkJ8E60Fw9HTLAE&alt=json returned "The video identified by the <code><a href="/youtube/v3/docs/commentThreads/list#videoId">videoId</a></code> parameter has disabled comments.". Details: "[{'message': 'The video identified by the <code><a href="/youtube/v3/docs/commentThreads/list#videoId">videoId</a></code> parameter has disabled comments.', 'domain': 'youtube.commentThread', 'reason': 'commentsDisabled', 'location': 'videoId', 'locationType': 'parameter'}]">
2026-09-08 09:31:20,861 WARNING Encountered 403 Forbidden with reason "commentsDisabled"
2026-09-08 09:31:20,861 WARNING Gagal ambil komentar video IEpBVSLBCU0: <HttpError 403 when requesting https://youtube.googleapis.com/youtube/v3/commentThreads?part=snippet&videoId=IEpBVSLBCU0&maxResults=100&order=relevance&textFormat=plainText&key=AIzaSyAWm6nCpbJgc2Hk_VXTCkJ8E60Fw9HTLAE&alt=json returned "The video identified by the <code><a href="/youtube/v3/docs/commentThreads/list#videoId">videoId</a></code> parameter has disabled comments.". Details: "[{'message': 'The video identified by the <code><a href="/youtube/v3/docs/commentThreads/list#videoId">videoId</a></code> parameter has disabled comments.', 'domain': 'youtube.commentThread', 'reason': 'commentsDisabled', 'location': 'videoId', 'locationType': 'parameter'}]">
2026-09-08 09:31:22,129 WARNING Encountered 403 Forbidden with reason "commentsDisabled"
2026-09-08 09:31:22,129 WARNING Gagal ambil komentar video ATu3wjUTMls: <HttpError 403 when requesting https://youtube.googleapis.com/youtube/v3/commentThreads?part=snippet&videoId=ATu3wjUTMls&maxResults=100&order=relevance&textFormat=plainText&key=AIzaSyAWm6nCpbJgc2Hk_VXTCkJ8E60Fw9HTLAE&alt=json returned "The video identified by the <code><a href="/youtube/v3/docs/commentThreads/list#videoId">videoId</a></code> parameter has disabled comments.". Details: "[{'message': 'The video identified by the <code><a href="/youtube/v3/docs/commentThreads/list#videoId">videoId</a></code> parameter has disabled comments.', 'domain': 'youtube.commentThread', 'reason': 'commentsDisabled', 'location': 'videoId', 'locationType': 'parameter'}]">
2026-09-08 09:31:23,913 WARNING Encountered 403 Forbidden with reason "commentsDisabled"
2026-09-08 09:31:23,913 WARNING Gagal ambil komentar video ccvyzxMklFw: <HttpError 403 when requesting https://youtube.googleapis.com/youtube/v3/commentThreads?part=snippet&videoId=ccvyzxMklFw&maxResults=100&order=relevance&textFormat=plainText&key=AIzaSyAWm6nCpbJgc2Hk_VXTCkJ8E60Fw9HTLAE&alt=json returned "The video identified by the <code><a href="/youtube/v3/docs/commentThreads/list#videoId">videoId</a></code> parameter has disabled comments.". Details: "[{'message': 'The video identified by the <code><a href="/youtube/v3/docs/commentThreads/list#videoId">videoId</a></code> parameter has disabled comments.', 'domain': 'youtube.commentThread', 'reason': 'commentsDisabled', 'location': 'videoId', 'locationType': 'parameter'}]">
2026-09-08 09:31:24,638 WARNING Encountered 403 Forbidden with reason "commentsDisabled"
2026-09-08 09:31:24,639 WARNING Gagal ambil komentar video rJgek1RWQMA: <HttpError 403 when requesting https://youtube.googleapis.com/youtube/v3/commentThreads?part=snippet&videoId=rJgek1RWQMA&maxResults=100&order=relevance&textFormat=plainText&key=AIzaSyAWm6nCpbJgc2Hk_VXTCkJ8E60Fw9HTLAE&alt=json returned "The video identified by the <code><a href="/youtube/v3/docs/commentThreads/list#videoId">videoId</a></code> parameter has disabled comments.". Details: "[{'message': 'The video identified by the <code><a href="/youtube/v3/docs/commentThreads/list#videoId">videoId</a></code> parameter has disabled comments.', 'domain': 'youtube.commentThread', 'reason': 'commentsDisabled', 'location': 'videoId', 'locationType': 'parameter'}]">
2026-09-08 09:31:24,978 WARNING Encountered 403 Forbidden with reason "commentsDisabled"
2026-09-08 09:31:24,979 WARNING Gagal ambil komentar video NRCKkmURW2I: <HttpError 403 when requesting https://youtube.googleapis.com/youtube/v3/commentThreads?part=snippet&videoId=NRCKkmURW2I&maxResults=100&order=relevance&textFormat=plainText&key=AIzaSyAWm6nCpbJgc2Hk_VXTCkJ8E60Fw9HTLAE&alt=json returned "The video identified by the <code><a href="/youtube/v3/docs/commentThreads/list#videoId">videoId</a></code> parameter has disabled comments.". Details: "[{'message': 'The video identified by the <code><a href="/youtube/v3/docs/commentThreads/list#videoId">videoId</a></code> parameter has disabled comments.', 'domain': 'youtube.commentThread', 'reason': 'commentsDisabled', 'location': 'videoId', 'locationType': 'parameter'}]">
2026-09-08 09:31:34,478 INFO Selesai. 128 video baru, 1880 komentar baru (27 nyebut pengalaman website).
2026-09-08 22:19:33,897 INFO file_cache is only supported with oauth2client<4.0.0
2026-09-08 22:20:06,056 INFO file_cache is only supported with oauth2client<4.0.0
2026-09-08 22:20:06,177 INFO Video yang udah ada di output/youtube_videos.csv: 199
2026-09-08 22:20:06,913 INFO Keyword 'suap Mahkamah Agung' (channel_id=None, category=institusional, dimension=integritas_korupsi): ditemukan 15 video mentah
2026-09-08 22:20:07,848 INFO Keyword 'mafia peradilan' (channel_id=None, category=institusional, dimension=integritas_korupsi): ditemukan 15 video mentah
2026-09-08 22:20:08,784 INFO Keyword 'kode etik hakim agung' (channel_id=None, category=institusional, dimension=integritas_korupsi): ditemukan 15 video mentah
2026-09-08 22:20:09,769 INFO Keyword 'OTT hakim agung' (channel_id=None, category=institusional, dimension=integritas_korupsi): ditemukan 15 video mentah
2026-09-08 22:20:10,645 INFO Keyword 'putusan Mahkamah Agung' (channel_id=None, category=institusional, dimension=putusan_kontroversial): ditemukan 15 video mentah
2026-09-08 22:20:11,684 INFO Keyword 'vonis MA' (channel_id=None, category=institusional, dimension=putusan_kontroversial): ditemukan 15 video mentah
2026-09-08 22:20:12,700 INFO Keyword 'kasasi MA' (channel_id=None, category=institusional, dimension=putusan_kontroversial): ditemukan 15 video mentah
2026-09-08 22:20:13,830 INFO Keyword 'peninjauan kembali MA' (channel_id=None, category=institusional, dimension=putusan_kontroversial): ditemukan 15 video mentah
2026-09-08 22:20:15,499 INFO Keyword 'direktori putusan MA' (channel_id=None, category=institusional, dimension=layanan_digital_ux): ditemukan 15 video mentah
2026-09-08 22:20:16,344 INFO Keyword 'e-court Mahkamah Agung' (channel_id=None, category=institusional, dimension=layanan_digital_ux): ditemukan 15 video mentah
2026-09-08 22:20:17,156 INFO Keyword 'SIPP pengadilan' (channel_id=None, category=institusional, dimension=layanan_digital_ux): ditemukan 15 video mentah
2026-09-08 22:20:18,302 INFO Keyword 'cara cari putusan online Mahkamah Agung' (channel_id=None, category=tutorial_website, dimension=layanan_digital_ux): ditemukan 15 video mentah
2026-09-08 22:20:19,192 INFO Keyword 'tutorial e-court Indonesia' (channel_id=None, category=tutorial_website, dimension=layanan_digital_ux): ditemukan 15 video mentah
2026-09-08 22:20:20,030 INFO Keyword 'cara daftar e-court' (channel_id=None, category=tutorial_website, dimension=layanan_digital_ux): ditemukan 15 video mentah
2026-09-08 22:20:20,938 INFO Keyword 'cara download putusan MA' (channel_id=None, category=tutorial_website, dimension=layanan_digital_ux): ditemukan 15 video mentah
2026-09-08 22:20:21,767 INFO Keyword 'tutorial SIPP pengadilan' (channel_id=None, category=tutorial_website, dimension=layanan_digital_ux): ditemukan 15 video mentah
2026-09-08 22:20:22,842 INFO Keyword 'cara cek jadwal sidang online' (channel_id=None, category=tutorial_website, dimension=layanan_digital_ux): ditemukan 15 video mentah
2026-09-08 22:20:23,942 INFO Keyword 'cara pakai aplikasi SIPP' (channel_id=None, category=tutorial_website, dimension=layanan_digital_ux): ditemukan 15 video mentah
2026-09-08 22:20:24,446 INFO Cache mentah disimpan: 270 video -> output/_raw_search_cache_2020.json
2026-09-08 22:20:24,447 INFO Hasil search: 215 video unik mentah, 99 dibuang (gak relevan), 0 dibuang (konten MK bukan MA), 0 udah pernah discrap (skip), 116 baru
2026-09-08 22:20:40,913 WARNING Encountered 403 Forbidden with reason "commentsDisabled"
2026-09-08 22:20:40,913 WARNING Gagal ambil komentar video MbLPGl2I98c: <HttpError 403 when requesting https://youtube.googleapis.com/youtube/v3/commentThreads?part=snippet&videoId=MbLPGl2I98c&maxResults=100&order=relevance&textFormat=plainText&key=AIzaSyAWm6nCpbJgc2Hk_VXTCkJ8E60Fw9HTLAE&alt=json returned "The video identified by the <code><a href="/youtube/v3/docs/commentThreads/list#videoId">videoId</a></code> parameter has disabled comments.". Details: "[{'message': 'The video identified by the <code><a href="/youtube/v3/docs/commentThreads/list#videoId">videoId</a></code> parameter has disabled comments.', 'domain': 'youtube.commentThread', 'reason': 'commentsDisabled', 'location': 'videoId', 'locationType': 'parameter'}]">
2026-09-08 22:21:05,364 WARNING Gagal ambil komentar video GefCJrcV3fQ: <HttpError 400 when requesting https://youtube.googleapis.com/youtube/v3/commentThreads?part=snippet&videoId=GefCJrcV3fQ&maxResults=100&order=relevance&textFormat=plainText&key=AIzaSyAWm6nCpbJgc2Hk_VXTCkJ8E60Fw9HTLAE&alt=json returned "The API server failed to successfully process the request. While this can be a transient error, it usually indicates that the request's input is invalid. Check the structure of the <code>commentThread</code> resource in the request body to ensure that it is valid.". Details: "[{'message': "The API server failed to successfully process the request. While this can be a transient error, it usually indicates that the request's input is invalid. Check the structure of the <code>commentThread</code> resource in the request body to ensure that it is valid.", 'domain': 'youtube.commentThread', 'reason': 'processingFailure', 'location': 'body', 'locationType': 'other'}]">
2026-09-08 22:21:06,973 WARNING Gagal ambil komentar video y9svfKmDewY: <HttpError 400 when requesting https://youtube.googleapis.com/youtube/v3/commentThreads?part=snippet&videoId=y9svfKmDewY&maxResults=100&order=relevance&textFormat=plainText&key=AIzaSyAWm6nCpbJgc2Hk_VXTCkJ8E60Fw9HTLAE&alt=json returned "The API server failed to successfully process the request. While this can be a transient error, it usually indicates that the request's input is invalid. Check the structure of the <code>commentThread</code> resource in the request body to ensure that it is valid.". Details: "[{'message': "The API server failed to successfully process the request. While this can be a transient error, it usually indicates that the request's input is invalid. Check the structure of the <code>commentThread</code> resource in the request body to ensure that it is valid.", 'domain': 'youtube.commentThread', 'reason': 'processingFailure', 'location': 'body', 'locationType': 'other'}]">
2026-09-08 22:21:59,271 INFO Selesai. 116 video baru, 2028 komentar baru (30 nyebut pengalaman website).
2026-09-08 22:22:33,974 INFO file_cache is only supported with oauth2client<4.0.0
2026-09-08 22:22:34,272 INFO Video yang udah ada di output/youtube_videos.csv: 315
2026-09-08 22:22:34,867 INFO Keyword 'suap Mahkamah Agung' (channel_id=None, category=institusional, dimension=integritas_korupsi): ditemukan 15 video mentah
2026-09-08 22:22:36,056 INFO Keyword 'mafia peradilan' (channel_id=None, category=institusional, dimension=integritas_korupsi): ditemukan 15 video mentah
2026-09-08 22:22:37,263 INFO Keyword 'kode etik hakim agung' (channel_id=None, category=institusional, dimension=integritas_korupsi): ditemukan 15 video mentah
2026-09-08 22:22:39,179 INFO Keyword 'OTT hakim agung' (channel_id=None, category=institusional, dimension=integritas_korupsi): ditemukan 15 video mentah
2026-09-08 22:22:40,571 INFO Keyword 'putusan Mahkamah Agung' (channel_id=None, category=institusional, dimension=putusan_kontroversial): ditemukan 15 video mentah
2026-09-08 22:22:42,905 INFO Keyword 'vonis MA' (channel_id=None, category=institusional, dimension=putusan_kontroversial): ditemukan 15 video mentah
2026-09-08 22:22:44,714 INFO Keyword 'kasasi MA' (channel_id=None, category=institusional, dimension=putusan_kontroversial): ditemukan 15 video mentah
2026-09-08 22:22:48,201 INFO Keyword 'peninjauan kembali MA' (channel_id=None, category=institusional, dimension=putusan_kontroversial): ditemukan 15 video mentah
2026-09-08 22:22:52,377 INFO Keyword 'direktori putusan MA' (channel_id=None, category=institusional, dimension=layanan_digital_ux): ditemukan 15 video mentah
2026-09-08 22:22:54,503 INFO Keyword 'e-court Mahkamah Agung' (channel_id=None, category=institusional, dimension=layanan_digital_ux): ditemukan 15 video mentah
2026-09-08 22:22:56,432 INFO Keyword 'SIPP pengadilan' (channel_id=None, category=institusional, dimension=layanan_digital_ux): ditemukan 15 video mentah
2026-09-08 22:22:58,497 INFO Keyword 'cara cari putusan online Mahkamah Agung' (channel_id=None, category=tutorial_website, dimension=layanan_digital_ux): ditemukan 15 video mentah
2026-09-08 22:22:59,372 INFO Keyword 'tutorial e-court Indonesia' (channel_id=None, category=tutorial_website, dimension=layanan_digital_ux): ditemukan 15 video mentah
2026-09-08 22:23:00,230 INFO Keyword 'cara daftar e-court' (channel_id=None, category=tutorial_website, dimension=layanan_digital_ux): ditemukan 15 video mentah
2026-09-08 22:23:01,001 INFO Keyword 'cara download putusan MA' (channel_id=None, category=tutorial_website, dimension=layanan_digital_ux): ditemukan 15 video mentah
2026-09-08 22:23:01,871 INFO Keyword 'tutorial SIPP pengadilan' (channel_id=None, category=tutorial_website, dimension=layanan_digital_ux): ditemukan 15 video mentah
2026-09-08 22:23:03,091 INFO Keyword 'cara cek jadwal sidang online' (channel_id=None, category=tutorial_website, dimension=layanan_digital_ux): ditemukan 15 video mentah
2026-09-08 22:23:03,921 INFO Keyword 'cara pakai aplikasi SIPP' (channel_id=None, category=tutorial_website, dimension=layanan_digital_ux): ditemukan 15 video mentah
2026-09-08 22:23:04,428 INFO Cache mentah disimpan: 270 video -> output/_raw_search_cache_2021.json
2026-09-08 22:23:04,428 INFO Hasil search: 220 video unik mentah, 114 dibuang (gak relevan), 0 dibuang (konten MK bukan MA), 3 udah pernah discrap (skip), 103 baru
2026-09-08 22:23:14,037 WARNING Encountered 403 Forbidden with reason "commentsDisabled"
2026-09-08 22:23:14,037 WARNING Gagal ambil komentar video 8U0-px3EhLA: <HttpError 403 when requesting https://youtube.googleapis.com/youtube/v3/commentThreads?part=snippet&videoId=8U0-px3EhLA&maxResults=100&order=relevance&textFormat=plainText&key=AIzaSyAWm6nCpbJgc2Hk_VXTCkJ8E60Fw9HTLAE&alt=json returned "The video identified by the <code><a href="/youtube/v3/docs/commentThreads/list#videoId">videoId</a></code> parameter has disabled comments.". Details: "[{'message': 'The video identified by the <code><a href="/youtube/v3/docs/commentThreads/list#videoId">videoId</a></code> parameter has disabled comments.', 'domain': 'youtube.commentThread', 'reason': 'commentsDisabled', 'location': 'videoId', 'locationType': 'parameter'}]">
2026-09-08 22:23:19,269 WARNING Encountered 403 Forbidden with reason "commentsDisabled"
2026-09-08 22:23:19,270 WARNING Gagal ambil komentar video QJiOD_V1qX4: <HttpError 403 when requesting https://youtube.googleapis.com/youtube/v3/commentThreads?part=snippet&videoId=QJiOD_V1qX4&maxResults=100&order=relevance&textFormat=plainText&key=AIzaSyAWm6nCpbJgc2Hk_VXTCkJ8E60Fw9HTLAE&alt=json returned "The video identified by the <code><a href="/youtube/v3/docs/commentThreads/list#videoId">videoId</a></code> parameter has disabled comments.". Details: "[{'message': 'The video identified by the <code><a href="/youtube/v3/docs/commentThreads/list#videoId">videoId</a></code> parameter has disabled comments.', 'domain': 'youtube.commentThread', 'reason': 'commentsDisabled', 'location': 'videoId', 'locationType': 'parameter'}]">
2026-09-08 22:23:22,767 WARNING Encountered 403 Forbidden with reason "commentsDisabled"
2026-09-08 22:23:22,768 WARNING Gagal ambil komentar video 2Jk03kdgL24: <HttpError 403 when requesting https://youtube.googleapis.com/youtube/v3/commentThreads?part=snippet&videoId=2Jk03kdgL24&maxResults=100&order=relevance&textFormat=plainText&key=AIzaSyAWm6nCpbJgc2Hk_VXTCkJ8E60Fw9HTLAE&alt=json returned "The video identified by the <code><a href="/youtube/v3/docs/commentThreads/list#videoId">videoId</a></code> parameter has disabled comments.". Details: "[{'message': 'The video identified by the <code><a href="/youtube/v3/docs/commentThreads/list#videoId">videoId</a></code> parameter has disabled comments.', 'domain': 'youtube.commentThread', 'reason': 'commentsDisabled', 'location': 'videoId', 'locationType': 'parameter'}]">
2026-09-08 22:23:26,747 WARNING Encountered 403 Forbidden with reason "commentsDisabled"
2026-09-08 22:23:26,747 WARNING Gagal ambil komentar video JggotnVDJd8: <HttpError 403 when requesting https://youtube.googleapis.com/youtube/v3/commentThreads?part=snippet&videoId=JggotnVDJd8&maxResults=100&order=relevance&textFormat=plainText&key=AIzaSyAWm6nCpbJgc2Hk_VXTCkJ8E60Fw9HTLAE&alt=json returned "The video identified by the <code><a href="/youtube/v3/docs/commentThreads/list#videoId">videoId</a></code> parameter has disabled comments.". Details: "[{'message': 'The video identified by the <code><a href="/youtube/v3/docs/commentThreads/list#videoId">videoId</a></code> parameter has disabled comments.', 'domain': 'youtube.commentThread', 'reason': 'commentsDisabled', 'location': 'videoId', 'locationType': 'parameter'}]">
2026-09-08 22:23:31,066 WARNING Encountered 403 Forbidden with reason "commentsDisabled"
2026-09-08 22:23:31,066 WARNING Gagal ambil komentar video fpSOetzceVg: <HttpError 403 when requesting https://youtube.googleapis.com/youtube/v3/commentThreads?part=snippet&videoId=fpSOetzceVg&maxResults=100&order=relevance&textFormat=plainText&key=AIzaSyAWm6nCpbJgc2Hk_VXTCkJ8E60Fw9HTLAE&alt=json returned "The video identified by the <code><a href="/youtube/v3/docs/commentThreads/list#videoId">videoId</a></code> parameter has disabled comments.". Details: "[{'message': 'The video identified by the <code><a href="/youtube/v3/docs/commentThreads/list#videoId">videoId</a></code> parameter has disabled comments.', 'domain': 'youtube.commentThread', 'reason': 'commentsDisabled', 'location': 'videoId', 'locationType': 'parameter'}]">
2026-09-08 22:23:44,225 WARNING Encountered 403 Forbidden with reason "commentsDisabled"
2026-09-08 22:23:44,225 WARNING Gagal ambil komentar video eIHO9Kytsrs: <HttpError 403 when requesting https://youtube.googleapis.com/youtube/v3/commentThreads?part=snippet&videoId=eIHO9Kytsrs&maxResults=100&order=relevance&textFormat=plainText&key=AIzaSyAWm6nCpbJgc2Hk_VXTCkJ8E60Fw9HTLAE&alt=json returned "The video identified by the <code><a href="/youtube/v3/docs/commentThreads/list#videoId">videoId</a></code> parameter has disabled comments.". Details: "[{'message': 'The video identified by the <code><a href="/youtube/v3/docs/commentThreads/list#videoId">videoId</a></code> parameter has disabled comments.', 'domain': 'youtube.commentThread', 'reason': 'commentsDisabled', 'location': 'videoId', 'locationType': 'parameter'}]">
2026-09-08 22:23:47,014 WARNING Encountered 403 Forbidden with reason "commentsDisabled"
2026-09-08 22:23:47,014 WARNING Gagal ambil komentar video cR5pewYDD2I: <HttpError 403 when requesting https://youtube.googleapis.com/youtube/v3/commentThreads?part=snippet&videoId=cR5pewYDD2I&maxResults=100&order=relevance&textFormat=plainText&key=AIzaSyAWm6nCpbJgc2Hk_VXTCkJ8E60Fw9HTLAE&alt=json returned "The video identified by the <code><a href="/youtube/v3/docs/commentThreads/list#videoId">videoId</a></code> parameter has disabled comments.". Details: "[{'message': 'The video identified by the <code><a href="/youtube/v3/docs/commentThreads/list#videoId">videoId</a></code> parameter has disabled comments.', 'domain': 'youtube.commentThread', 'reason': 'commentsDisabled', 'location': 'videoId', 'locationType': 'parameter'}]">
2026-09-08 22:23:55,079 WARNING Encountered 403 Forbidden with reason "commentsDisabled"
2026-09-08 22:23:55,080 WARNING Gagal ambil komentar video RL8tLzeSIk0: <HttpError 403 when requesting https://youtube.googleapis.com/youtube/v3/commentThreads?part=snippet&videoId=RL8tLzeSIk0&maxResults=100&order=relevance&textFormat=plainText&key=AIzaSyAWm6nCpbJgc2Hk_VXTCkJ8E60Fw9HTLAE&alt=json returned "The video identified by the <code><a href="/youtube/v3/docs/commentThreads/list#videoId">videoId</a></code> parameter has disabled comments.". Details: "[{'message': 'The video identified by the <code><a href="/youtube/v3/docs/commentThreads/list#videoId">videoId</a></code> parameter has disabled comments.', 'domain': 'youtube.commentThread', 'reason': 'commentsDisabled', 'location': 'videoId', 'locationType': 'parameter'}]">
2026-09-08 22:23:59,071 WARNING Encountered 403 Forbidden with reason "commentsDisabled"
2026-09-08 22:23:59,072 WARNING Gagal ambil komentar video kFU3BrAXUUI: <HttpError 403 when requesting https://youtube.googleapis.com/youtube/v3/commentThreads?part=snippet&videoId=kFU3BrAXUUI&maxResults=100&order=relevance&textFormat=plainText&key=AIzaSyAWm6nCpbJgc2Hk_VXTCkJ8E60Fw9HTLAE&alt=json returned "The video identified by the <code><a href="/youtube/v3/docs/commentThreads/list#videoId">videoId</a></code> parameter has disabled comments.". Details: "[{'message': 'The video identified by the <code><a href="/youtube/v3/docs/commentThreads/list#videoId">videoId</a></code> parameter has disabled comments.', 'domain': 'youtube.commentThread', 'reason': 'commentsDisabled', 'location': 'videoId', 'locationType': 'parameter'}]">
2026-09-08 22:24:09,295 WARNING Encountered 403 Forbidden with reason "commentsDisabled"
2026-09-08 22:24:09,295 WARNING Gagal ambil komentar video zqHuwc9P-F0: <HttpError 403 when requesting https://youtube.googleapis.com/youtube/v3/commentThreads?part=snippet&videoId=zqHuwc9P-F0&maxResults=100&order=relevance&textFormat=plainText&key=AIzaSyAWm6nCpbJgc2Hk_VXTCkJ8E60Fw9HTLAE&alt=json returned "The video identified by the <code><a href="/youtube/v3/docs/commentThreads/list#videoId">videoId</a></code> parameter has disabled comments.". Details: "[{'message': 'The video identified by the <code><a href="/youtube/v3/docs/commentThreads/list#videoId">videoId</a></code> parameter has disabled comments.', 'domain': 'youtube.commentThread', 'reason': 'commentsDisabled', 'location': 'videoId', 'locationType': 'parameter'}]">
2026-09-08 22:24:20,613 INFO Selesai. 103 video baru, 705 komentar baru (13 nyebut pengalaman website).
2026-09-08 22:24:27,570 INFO file_cache is only supported with oauth2client<4.0.0
2026-09-08 22:24:27,992 INFO Video yang udah ada di output/youtube_videos.csv: 418
2026-09-08 22:24:28,963 INFO Keyword 'suap Mahkamah Agung' (channel_id=None, category=institusional, dimension=integritas_korupsi): ditemukan 15 video mentah
2026-09-08 22:24:29,889 INFO Keyword 'mafia peradilan' (channel_id=None, category=institusional, dimension=integritas_korupsi): ditemukan 15 video mentah
2026-09-08 22:24:30,770 INFO Keyword 'kode etik hakim agung' (channel_id=None, category=institusional, dimension=integritas_korupsi): ditemukan 15 video mentah
2026-09-08 22:24:31,658 INFO Keyword 'OTT hakim agung' (channel_id=None, category=institusional, dimension=integritas_korupsi): ditemukan 15 video mentah
2026-09-08 22:24:32,490 INFO Keyword 'putusan Mahkamah Agung' (channel_id=None, category=institusional, dimension=putusan_kontroversial): ditemukan 15 video mentah
2026-09-08 22:24:33,522 INFO Keyword 'vonis MA' (channel_id=None, category=institusional, dimension=putusan_kontroversial): ditemukan 15 video mentah
2026-09-08 22:24:34,436 INFO Keyword 'kasasi MA' (channel_id=None, category=institusional, dimension=putusan_kontroversial): ditemukan 15 video mentah
2026-09-08 22:24:35,211 INFO Keyword 'peninjauan kembali MA' (channel_id=None, category=institusional, dimension=putusan_kontroversial): ditemukan 15 video mentah
2026-09-08 22:24:36,085 INFO Keyword 'direktori putusan MA' (channel_id=None, category=institusional, dimension=layanan_digital_ux): ditemukan 15 video mentah
2026-09-08 22:24:36,879 INFO Keyword 'e-court Mahkamah Agung' (channel_id=None, category=institusional, dimension=layanan_digital_ux): ditemukan 15 video mentah
2026-09-08 22:24:37,707 INFO Keyword 'SIPP pengadilan' (channel_id=None, category=institusional, dimension=layanan_digital_ux): ditemukan 15 video mentah
2026-09-08 22:24:38,589 INFO Keyword 'cara cari putusan online Mahkamah Agung' (channel_id=None, category=tutorial_website, dimension=layanan_digital_ux): ditemukan 15 video mentah
2026-09-08 22:24:39,475 INFO Keyword 'tutorial e-court Indonesia' (channel_id=None, category=tutorial_website, dimension=layanan_digital_ux): ditemukan 15 video mentah
2026-09-08 22:24:40,475 INFO Keyword 'cara daftar e-court' (channel_id=None, category=tutorial_website, dimension=layanan_digital_ux): ditemukan 15 video mentah
2026-09-08 22:24:41,301 INFO Keyword 'cara download putusan MA' (channel_id=None, category=tutorial_website, dimension=layanan_digital_ux): ditemukan 15 video mentah
2026-09-08 22:24:42,225 INFO Keyword 'tutorial SIPP pengadilan' (channel_id=None, category=tutorial_website, dimension=layanan_digital_ux): ditemukan 15 video mentah
2026-09-08 22:24:43,203 INFO Keyword 'cara cek jadwal sidang online' (channel_id=None, category=tutorial_website, dimension=layanan_digital_ux): ditemukan 15 video mentah
2026-09-08 22:24:44,276 INFO Keyword 'cara pakai aplikasi SIPP' (channel_id=None, category=tutorial_website, dimension=layanan_digital_ux): ditemukan 15 video mentah
2026-09-08 22:24:44,780 INFO Cache mentah disimpan: 270 video -> output/_raw_search_cache_2023.json
2026-09-08 22:24:44,781 INFO Hasil search: 199 video unik mentah, 96 dibuang (gak relevan), 1 dibuang (konten MK bukan MA), 1 udah pernah discrap (skip), 101 baru
2026-09-08 22:25:37,397 INFO Selesai. 101 video baru, 1229 komentar baru (16 nyebut pengalaman website).
2026-09-08 22:25:42,722 INFO file_cache is only supported with oauth2client<4.0.0
2026-09-08 22:25:42,858 INFO Video yang udah ada di output/youtube_videos.csv: 519
2026-09-08 22:25:43,477 INFO Keyword 'suap Mahkamah Agung' (channel_id=None, category=institusional, dimension=integritas_korupsi): ditemukan 15 video mentah
2026-09-08 22:25:46,098 INFO Keyword 'mafia peradilan' (channel_id=None, category=institusional, dimension=integritas_korupsi): ditemukan 15 video mentah
2026-09-08 22:25:47,081 INFO Keyword 'kode etik hakim agung' (channel_id=None, category=institusional, dimension=integritas_korupsi): ditemukan 15 video mentah
2026-09-08 22:25:47,985 INFO Keyword 'OTT hakim agung' (channel_id=None, category=institusional, dimension=integritas_korupsi): ditemukan 15 video mentah
2026-09-08 22:25:48,960 INFO Keyword 'putusan Mahkamah Agung' (channel_id=None, category=institusional, dimension=putusan_kontroversial): ditemukan 15 video mentah
2026-09-08 22:25:50,017 INFO Keyword 'vonis MA' (channel_id=None, category=institusional, dimension=putusan_kontroversial): ditemukan 15 video mentah
2026-09-08 22:25:50,845 INFO Keyword 'kasasi MA' (channel_id=None, category=institusional, dimension=putusan_kontroversial): ditemukan 15 video mentah
2026-09-08 22:25:52,777 INFO Keyword 'peninjauan kembali MA' (channel_id=None, category=institusional, dimension=putusan_kontroversial): ditemukan 15 video mentah
2026-09-08 22:25:53,654 INFO Keyword 'direktori putusan MA' (channel_id=None, category=institusional, dimension=layanan_digital_ux): ditemukan 15 video mentah
2026-09-08 22:25:54,631 INFO Keyword 'e-court Mahkamah Agung' (channel_id=None, category=institusional, dimension=layanan_digital_ux): ditemukan 15 video mentah
2026-09-08 22:25:55,463 INFO Keyword 'SIPP pengadilan' (channel_id=None, category=institusional, dimension=layanan_digital_ux): ditemukan 15 video mentah
2026-09-08 22:25:56,240 INFO Keyword 'cara cari putusan online Mahkamah Agung' (channel_id=None, category=tutorial_website, dimension=layanan_digital_ux): ditemukan 15 video mentah
2026-09-08 22:25:57,100 INFO Keyword 'tutorial e-court Indonesia' (channel_id=None, category=tutorial_website, dimension=layanan_digital_ux): ditemukan 15 video mentah
2026-09-08 22:26:01,547 INFO Keyword 'cara daftar e-court' (channel_id=None, category=tutorial_website, dimension=layanan_digital_ux): ditemukan 15 video mentah
2026-09-08 22:26:02,437 INFO Keyword 'cara download putusan MA' (channel_id=None, category=tutorial_website, dimension=layanan_digital_ux): ditemukan 15 video mentah
2026-09-08 22:26:03,286 INFO Keyword 'tutorial SIPP pengadilan' (channel_id=None, category=tutorial_website, dimension=layanan_digital_ux): ditemukan 15 video mentah
2026-09-08 22:26:04,050 INFO Keyword 'cara cek jadwal sidang online' (channel_id=None, category=tutorial_website, dimension=layanan_digital_ux): ditemukan 15 video mentah
2026-09-08 22:26:04,962 INFO Keyword 'cara pakai aplikasi SIPP' (channel_id=None, category=tutorial_website, dimension=layanan_digital_ux): ditemukan 15 video mentah
2026-09-08 22:26:05,466 INFO Cache mentah disimpan: 270 video -> output/_raw_search_cache_2024.json
2026-09-08 22:26:05,467 INFO Hasil search: 230 video unik mentah, 110 dibuang (gak relevan), 0 dibuang (konten MK bukan MA), 3 udah pernah discrap (skip), 117 baru
2026-09-08 22:26:53,434 WARNING Encountered 403 Forbidden with reason "commentsDisabled"
2026-09-08 22:26:53,434 WARNING Gagal ambil komentar video X0quA21wl7k: <HttpError 403 when requesting https://youtube.googleapis.com/youtube/v3/commentThreads?part=snippet&videoId=X0quA21wl7k&maxResults=100&order=relevance&textFormat=plainText&key=AIzaSyAWm6nCpbJgc2Hk_VXTCkJ8E60Fw9HTLAE&alt=json returned "The video identified by the <code><a href="/youtube/v3/docs/commentThreads/list#videoId">videoId</a></code> parameter has disabled comments.". Details: "[{'message': 'The video identified by the <code><a href="/youtube/v3/docs/commentThreads/list#videoId">videoId</a></code> parameter has disabled comments.', 'domain': 'youtube.commentThread', 'reason': 'commentsDisabled', 'location': 'videoId', 'locationType': 'parameter'}]">
2026-09-08 22:27:08,426 WARNING Encountered 403 Forbidden with reason "commentsDisabled"
2026-09-08 22:27:08,426 WARNING Gagal ambil komentar video d29MPRhhgPI: <HttpError 403 when requesting https://youtube.googleapis.com/youtube/v3/commentThreads?part=snippet&videoId=d29MPRhhgPI&maxResults=100&order=relevance&textFormat=plainText&key=AIzaSyAWm6nCpbJgc2Hk_VXTCkJ8E60Fw9HTLAE&alt=json returned "The video identified by the <code><a href="/youtube/v3/docs/commentThreads/list#videoId">videoId</a></code> parameter has disabled comments.". Details: "[{'message': 'The video identified by the <code><a href="/youtube/v3/docs/commentThreads/list#videoId">videoId</a></code> parameter has disabled comments.', 'domain': 'youtube.commentThread', 'reason': 'commentsDisabled', 'location': 'videoId', 'locationType': 'parameter'}]">
2026-09-08 22:27:10,795 WARNING Encountered 403 Forbidden with reason "commentsDisabled"
2026-09-08 22:27:10,796 WARNING Gagal ambil komentar video 8wO81C8xCA8: <HttpError 403 when requesting https://youtube.googleapis.com/youtube/v3/commentThreads?part=snippet&videoId=8wO81C8xCA8&maxResults=100&order=relevance&textFormat=plainText&key=AIzaSyAWm6nCpbJgc2Hk_VXTCkJ8E60Fw9HTLAE&alt=json returned "The video identified by the <code><a href="/youtube/v3/docs/commentThreads/list#videoId">videoId</a></code> parameter has disabled comments.". Details: "[{'message': 'The video identified by the <code><a href="/youtube/v3/docs/commentThreads/list#videoId">videoId</a></code> parameter has disabled comments.', 'domain': 'youtube.commentThread', 'reason': 'commentsDisabled', 'location': 'videoId', 'locationType': 'parameter'}]">
2026-09-08 22:27:14,079 INFO Selesai. 117 video baru, 1794 komentar baru (22 nyebut pengalaman website).
2026-09-08 22:27:20,045 INFO file_cache is only supported with oauth2client<4.0.0
2026-09-08 22:27:20,175 INFO Video yang udah ada di output/youtube_videos.csv: 636
2026-09-08 22:27:21,377 INFO Keyword 'suap Mahkamah Agung' (channel_id=None, category=institusional, dimension=integritas_korupsi): ditemukan 15 video mentah
2026-09-08 22:27:22,430 INFO Keyword 'mafia peradilan' (channel_id=None, category=institusional, dimension=integritas_korupsi): ditemukan 15 video mentah
2026-09-08 22:27:23,465 INFO Keyword 'kode etik hakim agung' (channel_id=None, category=institusional, dimension=integritas_korupsi): ditemukan 15 video mentah
2026-09-08 22:27:24,575 INFO Keyword 'OTT hakim agung' (channel_id=None, category=institusional, dimension=integritas_korupsi): ditemukan 15 video mentah
2026-09-08 22:27:25,674 INFO Keyword 'putusan Mahkamah Agung' (channel_id=None, category=institusional, dimension=putusan_kontroversial): ditemukan 15 video mentah
2026-09-08 22:27:26,903 INFO Keyword 'vonis MA' (channel_id=None, category=institusional, dimension=putusan_kontroversial): ditemukan 15 video mentah
2026-09-08 22:27:27,774 INFO Keyword 'kasasi MA' (channel_id=None, category=institusional, dimension=putusan_kontroversial): ditemukan 15 video mentah
2026-09-08 22:27:28,569 INFO Keyword 'peninjauan kembali MA' (channel_id=None, category=institusional, dimension=putusan_kontroversial): ditemukan 15 video mentah
2026-09-08 22:27:29,292 INFO Keyword 'direktori putusan MA' (channel_id=None, category=institusional, dimension=layanan_digital_ux): ditemukan 15 video mentah
2026-09-08 22:27:30,103 INFO Keyword 'e-court Mahkamah Agung' (channel_id=None, category=institusional, dimension=layanan_digital_ux): ditemukan 15 video mentah
2026-09-08 22:27:31,778 INFO Keyword 'SIPP pengadilan' (channel_id=None, category=institusional, dimension=layanan_digital_ux): ditemukan 15 video mentah
2026-09-08 22:27:32,527 INFO Keyword 'cara cari putusan online Mahkamah Agung' (channel_id=None, category=tutorial_website, dimension=layanan_digital_ux): ditemukan 15 video mentah
2026-09-08 22:27:33,318 INFO Keyword 'tutorial e-court Indonesia' (channel_id=None, category=tutorial_website, dimension=layanan_digital_ux): ditemukan 15 video mentah
2026-09-08 22:27:34,079 INFO Keyword 'cara daftar e-court' (channel_id=None, category=tutorial_website, dimension=layanan_digital_ux): ditemukan 15 video mentah
2026-09-08 22:27:35,274 INFO Keyword 'cara download putusan MA' (channel_id=None, category=tutorial_website, dimension=layanan_digital_ux): ditemukan 15 video mentah
2026-09-08 22:27:36,037 INFO Keyword 'tutorial SIPP pengadilan' (channel_id=None, category=tutorial_website, dimension=layanan_digital_ux): ditemukan 15 video mentah
2026-09-08 22:27:37,503 INFO Keyword 'cara cek jadwal sidang online' (channel_id=None, category=tutorial_website, dimension=layanan_digital_ux): ditemukan 15 video mentah
2026-09-08 22:27:38,349 INFO Keyword 'cara pakai aplikasi SIPP' (channel_id=None, category=tutorial_website, dimension=layanan_digital_ux): ditemukan 15 video mentah
2026-09-08 22:27:39,511 INFO Cache mentah disimpan: 270 video -> output/_raw_search_cache_2025.json
2026-09-08 22:27:39,512 INFO Hasil search: 211 video unik mentah, 94 dibuang (gak relevan), 0 dibuang (konten MK bukan MA), 6 udah pernah discrap (skip), 111 baru
2026-09-08 22:28:38,690 WARNING Encountered 403 Forbidden with reason "commentsDisabled"
2026-09-08 22:28:38,690 WARNING Gagal ambil komentar video kE8oBUJzfZg: <HttpError 403 when requesting https://youtube.googleapis.com/youtube/v3/commentThreads?part=snippet&videoId=kE8oBUJzfZg&maxResults=100&order=relevance&textFormat=plainText&key=AIzaSyAWm6nCpbJgc2Hk_VXTCkJ8E60Fw9HTLAE&alt=json returned "The video identified by the <code><a href="/youtube/v3/docs/commentThreads/list#videoId">videoId</a></code> parameter has disabled comments.". Details: "[{'message': 'The video identified by the <code><a href="/youtube/v3/docs/commentThreads/list#videoId">videoId</a></code> parameter has disabled comments.', 'domain': 'youtube.commentThread', 'reason': 'commentsDisabled', 'location': 'videoId', 'locationType': 'parameter'}]">
2026-09-08 22:28:45,577 INFO Selesai. 111 video baru, 1743 komentar baru (37 nyebut pengalaman website).
2026-09-08 22:54:25,306 INFO file_cache is only supported with oauth2client<4.0.0
2026-09-08 22:54:25,472 INFO Video yang udah ada di output/youtube_videos.csv: 747
2026-09-08 22:54:26,188 INFO Keyword 'suap Mahkamah Agung' (channel_id=None, category=institusional, dimension=integritas_korupsi): ditemukan 15 video mentah
2026-09-08 22:54:26,975 INFO Keyword 'mafia peradilan' (channel_id=None, category=institusional, dimension=integritas_korupsi): ditemukan 15 video mentah
2026-09-08 22:54:27,834 INFO Keyword 'kode etik hakim agung' (channel_id=None, category=institusional, dimension=integritas_korupsi): ditemukan 15 video mentah
2026-09-08 22:54:28,769 INFO Keyword 'OTT hakim agung' (channel_id=None, category=institusional, dimension=integritas_korupsi): ditemukan 15 video mentah
2026-09-08 22:54:29,634 INFO Keyword 'Zarof Ricar' (channel_id=None, category=institusional, dimension=integritas_korupsi): ditemukan 15 video mentah
2026-09-08 22:54:30,430 INFO Keyword 'Hasbi Hasan MA' (channel_id=None, category=institusional, dimension=integritas_korupsi): ditemukan 15 video mentah
2026-09-08 22:54:31,270 INFO Keyword 'Nurhadi MA' (channel_id=None, category=institusional, dimension=integritas_korupsi): ditemukan 15 video mentah
2026-09-08 22:54:32,008 INFO Keyword 'Sudrajad Dimyati' (channel_id=None, category=institusional, dimension=integritas_korupsi): ditemukan 9 video mentah
2026-09-08 22:54:32,674 INFO Keyword 'Gazalba Saleh' (channel_id=None, category=institusional, dimension=integritas_korupsi): ditemukan 3 video mentah
2026-09-08 22:54:33,414 INFO Keyword 'vonis bebas kasasi MA' (channel_id=None, category=institusional, dimension=integritas_korupsi): ditemukan 15 video mentah
2026-09-08 22:54:34,197 INFO Keyword 'diskon hukuman MA' (channel_id=None, category=institusional, dimension=integritas_korupsi): ditemukan 15 video mentah
2026-09-08 22:54:34,754 ERROR Search error for keyword 'gratifikasi hakim agung': <HttpError 429 when requesting https://youtube.googleapis.com/youtube/v3/search?q=gratifikasi+hakim+agung&part=id%2Csnippet&type=video&order=relevance&publishedAfter=2026-01-01T00%3A00%3A00%2B00%3A00&relevanceLanguage=id&maxResults=15&publishedBefore=2027-01-01T00%3A00%3A00%2B00%3A00&key=AIzaSyAWm6nCpbJgc2Hk_VXTCkJ8E60Fw9HTLAE&alt=json returned "Quota exceeded for quota metric 'Search Queries' and limit 'Search Queries per day' of service 'youtube.googleapis.com' for consumer 'project_number:387735685651'.". Details: "[{'message': "Quota exceeded for quota metric 'Search Queries' and limit 'Search Queries per day' of service 'youtube.googleapis.com' for consumer 'project_number:387735685651'.", 'domain': 'global', 'reason': 'rateLimitExceeded'}]">
2026-09-08 22:54:34,754 INFO Keyword 'gratifikasi hakim agung' (channel_id=None, category=institusional, dimension=integritas_korupsi): ditemukan 0 video mentah
2026-09-08 22:54:35,498 INFO Keyword 'makelar kasus MA' (channel_id=None, category=institusional, dimension=integritas_korupsi): ditemukan 15 video mentah
2026-09-08 22:54:36,323 INFO Keyword 'putusan Mahkamah Agung' (channel_id=None, category=institusional, dimension=putusan_kontroversial): ditemukan 15 video mentah
2026-09-08 22:54:37,175 INFO Keyword 'vonis MA' (channel_id=None, category=institusional, dimension=putusan_kontroversial): ditemukan 15 video mentah
2026-09-08 22:54:38,027 INFO Keyword 'kasasi MA' (channel_id=None, category=institusional, dimension=putusan_kontroversial): ditemukan 15 video mentah
2026-09-08 22:54:38,911 INFO Keyword 'peninjauan kembali MA' (channel_id=None, category=institusional, dimension=putusan_kontroversial): ditemukan 15 video mentah
2026-09-08 22:54:39,443 ERROR Search error for keyword 'putusan MA pilkada': <HttpError 429 when requesting https://youtube.googleapis.com/youtube/v3/search?q=putusan+MA+pilkada&part=id%2Csnippet&type=video&order=relevance&publishedAfter=2026-01-01T00%3A00%3A00%2B00%3A00&relevanceLanguage=id&maxResults=15&publishedBefore=2027-01-01T00%3A00%3A00%2B00%3A00&key=AIzaSyAWm6nCpbJgc2Hk_VXTCkJ8E60Fw9HTLAE&alt=json returned "Quota exceeded for quota metric 'Search Queries' and limit 'Search Queries per day' of service 'youtube.googleapis.com' for consumer 'project_number:387735685651'.". Details: "[{'message': "Quota exceeded for quota metric 'Search Queries' and limit 'Search Queries per day' of service 'youtube.googleapis.com' for consumer 'project_number:387735685651'.", 'domain': 'global', 'reason': 'rateLimitExceeded'}]">
2026-09-08 22:54:39,443 INFO Keyword 'putusan MA pilkada' (channel_id=None, category=institusional, dimension=putusan_kontroversial): ditemukan 0 video mentah
2026-09-08 22:54:40,044 ERROR Search error for keyword 'direktori putusan MA': <HttpError 429 when requesting https://youtube.googleapis.com/youtube/v3/search?q=direktori+putusan+MA&part=id%2Csnippet&type=video&order=relevance&publishedAfter=2026-01-01T00%3A00%3A00%2B00%3A00&relevanceLanguage=id&maxResults=15&publishedBefore=2027-01-01T00%3A00%3A00%2B00%3A00&key=AIzaSyAWm6nCpbJgc2Hk_VXTCkJ8E60Fw9HTLAE&alt=json returned "Quota exceeded for quota metric 'Search Queries' and limit 'Search Queries per day' of service 'youtube.googleapis.com' for consumer 'project_number:387735685651'.". Details: "[{'message': "Quota exceeded for quota metric 'Search Queries' and limit 'Search Queries per day' of service 'youtube.googleapis.com' for consumer 'project_number:387735685651'.", 'domain': 'global', 'reason': 'rateLimitExceeded'}]">
2026-09-08 22:54:40,044 INFO Keyword 'direktori putusan MA' (channel_id=None, category=institusional, dimension=layanan_digital_ux): ditemukan 0 video mentah
2026-09-08 22:54:40,598 ERROR Search error for keyword 'e-court Mahkamah Agung': <HttpError 429 when requesting https://youtube.googleapis.com/youtube/v3/search?q=e-court+Mahkamah+Agung&part=id%2Csnippet&type=video&order=relevance&publishedAfter=2026-01-01T00%3A00%3A00%2B00%3A00&relevanceLanguage=id&maxResults=15&publishedBefore=2027-01-01T00%3A00%3A00%2B00%3A00&key=AIzaSyAWm6nCpbJgc2Hk_VXTCkJ8E60Fw9HTLAE&alt=json returned "Quota exceeded for quota metric 'Search Queries' and limit 'Search Queries per day' of service 'youtube.googleapis.com' for consumer 'project_number:387735685651'.". Details: "[{'message': "Quota exceeded for quota metric 'Search Queries' and limit 'Search Queries per day' of service 'youtube.googleapis.com' for consumer 'project_number:387735685651'.", 'domain': 'global', 'reason': 'rateLimitExceeded'}]">
2026-09-08 22:54:40,598 INFO Keyword 'e-court Mahkamah Agung' (channel_id=None, category=institusional, dimension=layanan_digital_ux): ditemukan 0 video mentah
2026-09-08 22:54:41,167 ERROR Search error for keyword 'SIPP pengadilan': <HttpError 429 when requesting https://youtube.googleapis.com/youtube/v3/search?q=SIPP+pengadilan&part=id%2Csnippet&type=video&order=relevance&publishedAfter=2026-01-01T00%3A00%3A00%2B00%3A00&relevanceLanguage=id&maxResults=15&publishedBefore=2027-01-01T00%3A00%3A00%2B00%3A00&key=AIzaSyAWm6nCpbJgc2Hk_VXTCkJ8E60Fw9HTLAE&alt=json returned "Quota exceeded for quota metric 'Search Queries' and limit 'Search Queries per day' of service 'youtube.googleapis.com' for consumer 'project_number:387735685651'.". Details: "[{'message': "Quota exceeded for quota metric 'Search Queries' and limit 'Search Queries per day' of service 'youtube.googleapis.com' for consumer 'project_number:387735685651'.", 'domain': 'global', 'reason': 'rateLimitExceeded'}]">
2026-09-08 22:54:41,167 INFO Keyword 'SIPP pengadilan' (channel_id=None, category=institusional, dimension=layanan_digital_ux): ditemukan 0 video mentah
2026-09-08 22:54:41,978 INFO Keyword 'kepercayaan publik Mahkamah Agung' (channel_id=None, category=institusional, dimension=kepercayaan_publik): ditemukan 15 video mentah
2026-09-08 22:54:42,524 ERROR Search error for keyword 'citra Mahkamah Agung': <HttpError 429 when requesting https://youtube.googleapis.com/youtube/v3/search?q=citra+Mahkamah+Agung&part=id%2Csnippet&type=video&order=relevance&publishedAfter=2026-01-01T00%3A00%3A00%2B00%3A00&relevanceLanguage=id&maxResults=15&publishedBefore=2027-01-01T00%3A00%3A00%2B00%3A00&key=AIzaSyAWm6nCpbJgc2Hk_VXTCkJ8E60Fw9HTLAE&alt=json returned "Quota exceeded for quota metric 'Search Queries' and limit 'Search Queries per day' of service 'youtube.googleapis.com' for consumer 'project_number:387735685651'.". Details: "[{'message': "Quota exceeded for quota metric 'Search Queries' and limit 'Search Queries per day' of service 'youtube.googleapis.com' for consumer 'project_number:387735685651'.", 'domain': 'global', 'reason': 'rateLimitExceeded'}]">
2026-09-08 22:54:42,524 INFO Keyword 'citra Mahkamah Agung' (channel_id=None, category=institusional, dimension=kepercayaan_publik): ditemukan 0 video mentah
2026-09-08 22:54:43,262 INFO Keyword 'reputasi Mahkamah Agung' (channel_id=None, category=institusional, dimension=kepercayaan_publik): ditemukan 15 video mentah
2026-09-08 22:54:43,823 ERROR Search error for keyword 'gak percaya Mahkamah Agung': <HttpError 429 when requesting https://youtube.googleapis.com/youtube/v3/search?q=gak+percaya+Mahkamah+Agung&part=id%2Csnippet&type=video&order=relevance&publishedAfter=2026-01-01T00%3A00%3A00%2B00%3A00&relevanceLanguage=id&maxResults=15&publishedBefore=2027-01-01T00%3A00%3A00%2B00%3A00&key=AIzaSyAWm6nCpbJgc2Hk_VXTCkJ8E60Fw9HTLAE&alt=json returned "Quota exceeded for quota metric 'Search Queries' and limit 'Search Queries per day' of service 'youtube.googleapis.com' for consumer 'project_number:387735685651'.". Details: "[{'message': "Quota exceeded for quota metric 'Search Queries' and limit 'Search Queries per day' of service 'youtube.googleapis.com' for consumer 'project_number:387735685651'.", 'domain': 'global', 'reason': 'rateLimitExceeded'}]">
2026-09-08 22:54:43,823 INFO Keyword 'gak percaya Mahkamah Agung' (channel_id=None, category=institusional, dimension=kepercayaan_publik): ditemukan 0 video mentah
2026-09-08 22:54:44,421 ERROR Search error for keyword 'percuma lapor MA': <HttpError 429 when requesting https://youtube.googleapis.com/youtube/v3/search?q=percuma+lapor+MA&part=id%2Csnippet&type=video&order=relevance&publishedAfter=2026-01-01T00%3A00%3A00%2B00%3A00&relevanceLanguage=id&maxResults=15&publishedBefore=2027-01-01T00%3A00%3A00%2B00%3A00&key=AIzaSyAWm6nCpbJgc2Hk_VXTCkJ8E60Fw9HTLAE&alt=json returned "Quota exceeded for quota metric 'Search Queries' and limit 'Search Queries per day' of service 'youtube.googleapis.com' for consumer 'project_number:387735685651'.". Details: "[{'message': "Quota exceeded for quota metric 'Search Queries' and limit 'Search Queries per day' of service 'youtube.googleapis.com' for consumer 'project_number:387735685651'.", 'domain': 'global', 'reason': 'rateLimitExceeded'}]">
2026-09-08 22:54:44,422 INFO Keyword 'percuma lapor MA' (channel_id=None, category=institusional, dimension=kepercayaan_publik): ditemukan 0 video mentah
2026-09-08 22:54:44,964 ERROR Search error for keyword 'transparansi Mahkamah Agung': <HttpError 429 when requesting https://youtube.googleapis.com/youtube/v3/search?q=transparansi+Mahkamah+Agung&part=id%2Csnippet&type=video&order=relevance&publishedAfter=2026-01-01T00%3A00%3A00%2B00%3A00&relevanceLanguage=id&maxResults=15&publishedBefore=2027-01-01T00%3A00%3A00%2B00%3A00&key=AIzaSyAWm6nCpbJgc2Hk_VXTCkJ8E60Fw9HTLAE&alt=json returned "Quota exceeded for quota metric 'Search Queries' and limit 'Search Queries per day' of service 'youtube.googleapis.com' for consumer 'project_number:387735685651'.". Details: "[{'message': "Quota exceeded for quota metric 'Search Queries' and limit 'Search Queries per day' of service 'youtube.googleapis.com' for consumer 'project_number:387735685651'.", 'domain': 'global', 'reason': 'rateLimitExceeded'}]">
2026-09-08 22:54:44,964 INFO Keyword 'transparansi Mahkamah Agung' (channel_id=None, category=institusional, dimension=kepercayaan_publik): ditemukan 0 video mentah
2026-09-08 22:54:45,510 ERROR Search error for keyword 'akuntabilitas MA': <HttpError 429 when requesting https://youtube.googleapis.com/youtube/v3/search?q=akuntabilitas+MA&part=id%2Csnippet&type=video&order=relevance&publishedAfter=2026-01-01T00%3A00%3A00%2B00%3A00&relevanceLanguage=id&maxResults=15&publishedBefore=2027-01-01T00%3A00%3A00%2B00%3A00&key=AIzaSyAWm6nCpbJgc2Hk_VXTCkJ8E60Fw9HTLAE&alt=json returned "Quota exceeded for quota metric 'Search Queries' and limit 'Search Queries per day' of service 'youtube.googleapis.com' for consumer 'project_number:387735685651'.". Details: "[{'message': "Quota exceeded for quota metric 'Search Queries' and limit 'Search Queries per day' of service 'youtube.googleapis.com' for consumer 'project_number:387735685651'.", 'domain': 'global', 'reason': 'rateLimitExceeded'}]">
2026-09-08 22:54:45,511 INFO Keyword 'akuntabilitas MA' (channel_id=None, category=institusional, dimension=kepercayaan_publik): ditemukan 0 video mentah
2026-09-08 22:54:46,046 ERROR Search error for keyword 'kecewa putusan MA': <HttpError 429 when requesting https://youtube.googleapis.com/youtube/v3/search?q=kecewa+putusan+MA&part=id%2Csnippet&type=video&order=relevance&publishedAfter=2026-01-01T00%3A00%3A00%2B00%3A00&relevanceLanguage=id&maxResults=15&publishedBefore=2027-01-01T00%3A00%3A00%2B00%3A00&key=AIzaSyAWm6nCpbJgc2Hk_VXTCkJ8E60Fw9HTLAE&alt=json returned "Quota exceeded for quota metric 'Search Queries' and limit 'Search Queries per day' of service 'youtube.googleapis.com' for consumer 'project_number:387735685651'.". Details: "[{'message': "Quota exceeded for quota metric 'Search Queries' and limit 'Search Queries per day' of service 'youtube.googleapis.com' for consumer 'project_number:387735685651'.", 'domain': 'global', 'reason': 'rateLimitExceeded'}]">
2026-09-08 22:54:46,046 INFO Keyword 'kecewa putusan MA' (channel_id=None, category=institusional, dimension=kepercayaan_publik): ditemukan 0 video mentah
2026-09-08 22:54:46,635 ERROR Search error for keyword 'hukum tumpul ke atas': <HttpError 429 when requesting https://youtube.googleapis.com/youtube/v3/search?q=hukum+tumpul+ke+atas&part=id%2Csnippet&type=video&order=relevance&publishedAfter=2026-01-01T00%3A00%3A00%2B00%3A00&relevanceLanguage=id&maxResults=15&publishedBefore=2027-01-01T00%3A00%3A00%2B00%3A00&key=AIzaSyAWm6nCpbJgc2Hk_VXTCkJ8E60Fw9HTLAE&alt=json returned "Quota exceeded for quota metric 'Search Queries' and limit 'Search Queries per day' of service 'youtube.googleapis.com' for consumer 'project_number:387735685651'.". Details: "[{'message': "Quota exceeded for quota metric 'Search Queries' and limit 'Search Queries per day' of service 'youtube.googleapis.com' for consumer 'project_number:387735685651'.", 'domain': 'global', 'reason': 'rateLimitExceeded'}]">
2026-09-08 22:54:46,636 INFO Keyword 'hukum tumpul ke atas' (channel_id=None, category=institusional, dimension=kepercayaan_publik): ditemukan 0 video mentah
2026-09-08 22:54:47,294 ERROR Search error for keyword 'cara cari putusan online Mahkamah Agung': <HttpError 429 when requesting https://youtube.googleapis.com/youtube/v3/search?q=cara+cari+putusan+online+Mahkamah+Agung&part=id%2Csnippet&type=video&order=relevance&publishedAfter=2026-01-01T00%3A00%3A00%2B00%3A00&relevanceLanguage=id&maxResults=15&publishedBefore=2027-01-01T00%3A00%3A00%2B00%3A00&key=AIzaSyAWm6nCpbJgc2Hk_VXTCkJ8E60Fw9HTLAE&alt=json returned "Quota exceeded for quota metric 'Search Queries' and limit 'Search Queries per day' of service 'youtube.googleapis.com' for consumer 'project_number:387735685651'.". Details: "[{'message': "Quota exceeded for quota metric 'Search Queries' and limit 'Search Queries per day' of service 'youtube.googleapis.com' for consumer 'project_number:387735685651'.", 'domain': 'global', 'reason': 'rateLimitExceeded'}]">
2026-09-08 22:54:47,294 INFO Keyword 'cara cari putusan online Mahkamah Agung' (channel_id=None, category=tutorial_website, dimension=layanan_digital_ux): ditemukan 0 video mentah
2026-09-08 22:54:47,850 ERROR Search error for keyword 'tutorial e-court Indonesia': <HttpError 429 when requesting https://youtube.googleapis.com/youtube/v3/search?q=tutorial+e-court+Indonesia&part=id%2Csnippet&type=video&order=relevance&publishedAfter=2026-01-01T00%3A00%3A00%2B00%3A00&relevanceLanguage=id&maxResults=15&publishedBefore=2027-01-01T00%3A00%3A00%2B00%3A00&key=AIzaSyAWm6nCpbJgc2Hk_VXTCkJ8E60Fw9HTLAE&alt=json returned "Quota exceeded for quota metric 'Search Queries' and limit 'Search Queries per day' of service 'youtube.googleapis.com' for consumer 'project_number:387735685651'.". Details: "[{'message': "Quota exceeded for quota metric 'Search Queries' and limit 'Search Queries per day' of service 'youtube.googleapis.com' for consumer 'project_number:387735685651'.", 'domain': 'global', 'reason': 'rateLimitExceeded'}]">
2026-09-08 22:54:47,850 INFO Keyword 'tutorial e-court Indonesia' (channel_id=None, category=tutorial_website, dimension=layanan_digital_ux): ditemukan 0 video mentah
2026-09-08 22:54:48,436 ERROR Search error for keyword 'cara daftar e-court': <HttpError 429 when requesting https://youtube.googleapis.com/youtube/v3/search?q=cara+daftar+e-court&part=id%2Csnippet&type=video&order=relevance&publishedAfter=2026-01-01T00%3A00%3A00%2B00%3A00&relevanceLanguage=id&maxResults=15&publishedBefore=2027-01-01T00%3A00%3A00%2B00%3A00&key=AIzaSyAWm6nCpbJgc2Hk_VXTCkJ8E60Fw9HTLAE&alt=json returned "Quota exceeded for quota metric 'Search Queries' and limit 'Search Queries per day' of service 'youtube.googleapis.com' for consumer 'project_number:387735685651'.". Details: "[{'message': "Quota exceeded for quota metric 'Search Queries' and limit 'Search Queries per day' of service 'youtube.googleapis.com' for consumer 'project_number:387735685651'.", 'domain': 'global', 'reason': 'rateLimitExceeded'}]">
2026-09-08 22:54:48,436 INFO Keyword 'cara daftar e-court' (channel_id=None, category=tutorial_website, dimension=layanan_digital_ux): ditemukan 0 video mentah
2026-09-08 22:54:49,443 INFO Keyword 'cara download putusan MA' (channel_id=None, category=tutorial_website, dimension=layanan_digital_ux): ditemukan 15 video mentah
2026-09-08 22:54:50,064 ERROR Search error for keyword 'tutorial SIPP pengadilan': <HttpError 429 when requesting https://youtube.googleapis.com/youtube/v3/search?q=tutorial+SIPP+pengadilan&part=id%2Csnippet&type=video&order=relevance&publishedAfter=2026-01-01T00%3A00%3A00%2B00%3A00&relevanceLanguage=id&maxResults=15&publishedBefore=2027-01-01T00%3A00%3A00%2B00%3A00&key=AIzaSyAWm6nCpbJgc2Hk_VXTCkJ8E60Fw9HTLAE&alt=json returned "Quota exceeded for quota metric 'Search Queries' and limit 'Search Queries per day' of service 'youtube.googleapis.com' for consumer 'project_number:387735685651'.". Details: "[{'message': "Quota exceeded for quota metric 'Search Queries' and limit 'Search Queries per day' of service 'youtube.googleapis.com' for consumer 'project_number:387735685651'.", 'domain': 'global', 'reason': 'rateLimitExceeded'}]">
2026-09-08 22:54:50,064 INFO Keyword 'tutorial SIPP pengadilan' (channel_id=None, category=tutorial_website, dimension=layanan_digital_ux): ditemukan 0 video mentah
2026-09-08 22:54:50,858 INFO Keyword 'cara cek jadwal sidang online' (channel_id=None, category=tutorial_website, dimension=layanan_digital_ux): ditemukan 15 video mentah
2026-09-08 22:54:51,486 ERROR Search error for keyword 'cara pakai aplikasi SIPP': <HttpError 429 when requesting https://youtube.googleapis.com/youtube/v3/search?q=cara+pakai+aplikasi+SIPP&part=id%2Csnippet&type=video&order=relevance&publishedAfter=2026-01-01T00%3A00%3A00%2B00%3A00&relevanceLanguage=id&maxResults=15&publishedBefore=2027-01-01T00%3A00%3A00%2B00%3A00&key=AIzaSyAWm6nCpbJgc2Hk_VXTCkJ8E60Fw9HTLAE&alt=json returned "Quota exceeded for quota metric 'Search Queries' and limit 'Search Queries per day' of service 'youtube.googleapis.com' for consumer 'project_number:387735685651'.". Details: "[{'message': "Quota exceeded for quota metric 'Search Queries' and limit 'Search Queries per day' of service 'youtube.googleapis.com' for consumer 'project_number:387735685651'.", 'domain': 'global', 'reason': 'rateLimitExceeded'}]">
2026-09-08 22:54:51,486 INFO Keyword 'cara pakai aplikasi SIPP' (channel_id=None, category=tutorial_website, dimension=layanan_digital_ux): ditemukan 0 video mentah
2026-09-08 22:54:52,035 ERROR Search error for keyword 'males pake e-court': <HttpError 429 when requesting https://youtube.googleapis.com/youtube/v3/search?q=males+pake+e-court&part=id%2Csnippet&type=video&order=relevance&publishedAfter=2026-01-01T00%3A00%3A00%2B00%3A00&relevanceLanguage=id&maxResults=15&publishedBefore=2027-01-01T00%3A00%3A00%2B00%3A00&key=AIzaSyAWm6nCpbJgc2Hk_VXTCkJ8E60Fw9HTLAE&alt=json returned "Quota exceeded for quota metric 'Search Queries' and limit 'Search Queries per day' of service 'youtube.googleapis.com' for consumer 'project_number:387735685651'.". Details: "[{'message': "Quota exceeded for quota metric 'Search Queries' and limit 'Search Queries per day' of service 'youtube.googleapis.com' for consumer 'project_number:387735685651'.", 'domain': 'global', 'reason': 'rateLimitExceeded'}]">
2026-09-08 22:54:52,035 INFO Keyword 'males pake e-court' (channel_id=None, category=tutorial_website, dimension=layanan_digital_ux): ditemukan 0 video mentah
2026-09-08 22:54:52,574 ERROR Search error for keyword 'ribet aplikasi SIPP': <HttpError 429 when requesting https://youtube.googleapis.com/youtube/v3/search?q=ribet+aplikasi+SIPP&part=id%2Csnippet&type=video&order=relevance&publishedAfter=2026-01-01T00%3A00%3A00%2B00%3A00&relevanceLanguage=id&maxResults=15&publishedBefore=2027-01-01T00%3A00%3A00%2B00%3A00&key=AIzaSyAWm6nCpbJgc2Hk_VXTCkJ8E60Fw9HTLAE&alt=json returned "Quota exceeded for quota metric 'Search Queries' and limit 'Search Queries per day' of service 'youtube.googleapis.com' for consumer 'project_number:387735685651'.". Details: "[{'message': "Quota exceeded for quota metric 'Search Queries' and limit 'Search Queries per day' of service 'youtube.googleapis.com' for consumer 'project_number:387735685651'.", 'domain': 'global', 'reason': 'rateLimitExceeded'}]">
2026-09-08 22:54:52,574 INFO Keyword 'ribet aplikasi SIPP' (channel_id=None, category=tutorial_website, dimension=layanan_digital_ux): ditemukan 0 video mentah
2026-09-08 22:54:53,128 ERROR Search error for keyword 'gak percaya sistem pengadilan online': <HttpError 429 when requesting https://youtube.googleapis.com/youtube/v3/search?q=gak+percaya+sistem+pengadilan+online&part=id%2Csnippet&type=video&order=relevance&publishedAfter=2026-01-01T00%3A00%3A00%2B00%3A00&relevanceLanguage=id&maxResults=15&publishedBefore=2027-01-01T00%3A00%3A00%2B00%3A00&key=AIzaSyAWm6nCpbJgc2Hk_VXTCkJ8E60Fw9HTLAE&alt=json returned "Quota exceeded for quota metric 'Search Queries' and limit 'Search Queries per day' of service 'youtube.googleapis.com' for consumer 'project_number:387735685651'.". Details: "[{'message': "Quota exceeded for quota metric 'Search Queries' and limit 'Search Queries per day' of service 'youtube.googleapis.com' for consumer 'project_number:387735685651'.", 'domain': 'global', 'reason': 'rateLimitExceeded'}]">
2026-09-08 22:54:53,128 INFO Keyword 'gak percaya sistem pengadilan online' (channel_id=None, category=tutorial_website, dimension=layanan_digital_ux): ditemukan 0 video mentah
2026-09-08 22:54:53,678 ERROR Search error for keyword 'mending sidang manual daripada online': <HttpError 429 when requesting https://youtube.googleapis.com/youtube/v3/search?q=mending+sidang+manual+daripada+online&part=id%2Csnippet&type=video&order=relevance&publishedAfter=2026-01-01T00%3A00%3A00%2B00%3A00&relevanceLanguage=id&maxResults=15&publishedBefore=2027-01-01T00%3A00%3A00%2B00%3A00&key=AIzaSyAWm6nCpbJgc2Hk_VXTCkJ8E60Fw9HTLAE&alt=json returned "Quota exceeded for quota metric 'Search Queries' and limit 'Search Queries per day' of service 'youtube.googleapis.com' for consumer 'project_number:387735685651'.". Details: "[{'message': "Quota exceeded for quota metric 'Search Queries' and limit 'Search Queries per day' of service 'youtube.googleapis.com' for consumer 'project_number:387735685651'.", 'domain': 'global', 'reason': 'rateLimitExceeded'}]">
2026-09-08 22:54:53,678 INFO Keyword 'mending sidang manual daripada online' (channel_id=None, category=tutorial_website, dimension=layanan_digital_ux): ditemukan 0 video mentah
2026-09-08 22:54:54,212 ERROR Search error for keyword 'data pribadi aman gak e-court': <HttpError 429 when requesting https://youtube.googleapis.com/youtube/v3/search?q=data+pribadi+aman+gak+e-court&part=id%2Csnippet&type=video&order=relevance&publishedAfter=2026-01-01T00%3A00%3A00%2B00%3A00&relevanceLanguage=id&maxResults=15&publishedBefore=2027-01-01T00%3A00%3A00%2B00%3A00&key=AIzaSyAWm6nCpbJgc2Hk_VXTCkJ8E60Fw9HTLAE&alt=json returned "Quota exceeded for quota metric 'Search Queries' and limit 'Search Queries per day' of service 'youtube.googleapis.com' for consumer 'project_number:387735685651'.". Details: "[{'message': "Quota exceeded for quota metric 'Search Queries' and limit 'Search Queries per day' of service 'youtube.googleapis.com' for consumer 'project_number:387735685651'.", 'domain': 'global', 'reason': 'rateLimitExceeded'}]">
2026-09-08 22:54:54,212 INFO Keyword 'data pribadi aman gak e-court' (channel_id=None, category=tutorial_website, dimension=layanan_digital_ux): ditemukan 0 video mentah
2026-09-08 22:54:54,720 INFO Cache mentah disimpan: 282 video -> output/_raw_search_cache_2026.json
2026-09-08 22:54:54,722 INFO Hasil search: 255 video unik mentah, 132 dibuang (gak relevan), 0 dibuang (konten MK bukan MA), 34 udah pernah discrap (skip), 89 baru
2026-09-08 22:55:13,924 WARNING Encountered 403 Forbidden with reason "commentsDisabled"
2026-09-08 22:55:13,924 WARNING Gagal ambil komentar video C9bJ-NKxFds: <HttpError 403 when requesting https://youtube.googleapis.com/youtube/v3/commentThreads?part=snippet&videoId=C9bJ-NKxFds&maxResults=100&order=relevance&textFormat=plainText&key=AIzaSyAWm6nCpbJgc2Hk_VXTCkJ8E60Fw9HTLAE&alt=json returned "The video identified by the <code><a href="/youtube/v3/docs/commentThreads/list#videoId">videoId</a></code> parameter has disabled comments.". Details: "[{'message': 'The video identified by the <code><a href="/youtube/v3/docs/commentThreads/list#videoId">videoId</a></code> parameter has disabled comments.', 'domain': 'youtube.commentThread', 'reason': 'commentsDisabled', 'location': 'videoId', 'locationType': 'parameter'}]">
2026-09-08 22:55:15,529 WARNING Encountered 403 Forbidden with reason "commentsDisabled"
2026-09-08 22:55:15,529 WARNING Gagal ambil komentar video 4toW7PzId8o: <HttpError 403 when requesting https://youtube.googleapis.com/youtube/v3/commentThreads?part=snippet&videoId=4toW7PzId8o&maxResults=100&order=relevance&textFormat=plainText&key=AIzaSyAWm6nCpbJgc2Hk_VXTCkJ8E60Fw9HTLAE&alt=json returned "The video identified by the <code><a href="/youtube/v3/docs/commentThreads/list#videoId">videoId</a></code> parameter has disabled comments.". Details: "[{'message': 'The video identified by the <code><a href="/youtube/v3/docs/commentThreads/list#videoId">videoId</a></code> parameter has disabled comments.', 'domain': 'youtube.commentThread', 'reason': 'commentsDisabled', 'location': 'videoId', 'locationType': 'parameter'}]">
2026-09-08 22:55:42,882 INFO Selesai. 89 video baru, 1131 komentar baru (8 nyebut pengalaman website).
2026-09-08 22:55:48,656 INFO file_cache is only supported with oauth2client<4.0.0
2026-09-08 22:55:48,787 INFO Video yang udah ada di output/youtube_videos.csv: 836
2026-09-08 22:55:49,221 ERROR Search error for keyword 'suap Mahkamah Agung': <HttpError 429 when requesting https://youtube.googleapis.com/youtube/v3/search?q=suap+Mahkamah+Agung&part=id%2Csnippet&type=video&order=relevance&publishedAfter=2025-01-01T00%3A00%3A00%2B00%3A00&relevanceLanguage=id&maxResults=15&publishedBefore=2026-01-01T00%3A00%3A00%2B00%3A00&key=AIzaSyAWm6nCpbJgc2Hk_VXTCkJ8E60Fw9HTLAE&alt=json returned "Quota exceeded for quota metric 'Search Queries' and limit 'Search Queries per day' of service 'youtube.googleapis.com' for consumer 'project_number:387735685651'.". Details: "[{'message': "Quota exceeded for quota metric 'Search Queries' and limit 'Search Queries per day' of service 'youtube.googleapis.com' for consumer 'project_number:387735685651'.", 'domain': 'global', 'reason': 'rateLimitExceeded'}]">
2026-09-08 22:55:49,221 INFO Keyword 'suap Mahkamah Agung' (channel_id=None, category=institusional, dimension=integritas_korupsi): ditemukan 0 video mentah
2026-09-08 22:55:49,865 ERROR Search error for keyword 'mafia peradilan': <HttpError 429 when requesting https://youtube.googleapis.com/youtube/v3/search?q=mafia+peradilan&part=id%2Csnippet&type=video&order=relevance&publishedAfter=2025-01-01T00%3A00%3A00%2B00%3A00&relevanceLanguage=id&maxResults=15&publishedBefore=2026-01-01T00%3A00%3A00%2B00%3A00&key=AIzaSyAWm6nCpbJgc2Hk_VXTCkJ8E60Fw9HTLAE&alt=json returned "Quota exceeded for quota metric 'Search Queries' and limit 'Search Queries per day' of service 'youtube.googleapis.com' for consumer 'project_number:387735685651'.". Details: "[{'message': "Quota exceeded for quota metric 'Search Queries' and limit 'Search Queries per day' of service 'youtube.googleapis.com' for consumer 'project_number:387735685651'.", 'domain': 'global', 'reason': 'rateLimitExceeded'}]">
2026-09-08 22:55:49,865 INFO Keyword 'mafia peradilan' (channel_id=None, category=institusional, dimension=integritas_korupsi): ditemukan 0 video mentah
2026-09-08 22:55:50,428 ERROR Search error for keyword 'kode etik hakim agung': <HttpError 429 when requesting https://youtube.googleapis.com/youtube/v3/search?q=kode+etik+hakim+agung&part=id%2Csnippet&type=video&order=relevance&publishedAfter=2025-01-01T00%3A00%3A00%2B00%3A00&relevanceLanguage=id&maxResults=15&publishedBefore=2026-01-01T00%3A00%3A00%2B00%3A00&key=AIzaSyAWm6nCpbJgc2Hk_VXTCkJ8E60Fw9HTLAE&alt=json returned "Quota exceeded for quota metric 'Search Queries' and limit 'Search Queries per day' of service 'youtube.googleapis.com' for consumer 'project_number:387735685651'.". Details: "[{'message': "Quota exceeded for quota metric 'Search Queries' and limit 'Search Queries per day' of service 'youtube.googleapis.com' for consumer 'project_number:387735685651'.", 'domain': 'global', 'reason': 'rateLimitExceeded'}]">
2026-09-08 22:55:50,428 INFO Keyword 'kode etik hakim agung' (channel_id=None, category=institusional, dimension=integritas_korupsi): ditemukan 0 video mentah
2026-09-08 22:55:50,984 ERROR Search error for keyword 'OTT hakim agung': <HttpError 429 when requesting https://youtube.googleapis.com/youtube/v3/search?q=OTT+hakim+agung&part=id%2Csnippet&type=video&order=relevance&publishedAfter=2025-01-01T00%3A00%3A00%2B00%3A00&relevanceLanguage=id&maxResults=15&publishedBefore=2026-01-01T00%3A00%3A00%2B00%3A00&key=AIzaSyAWm6nCpbJgc2Hk_VXTCkJ8E60Fw9HTLAE&alt=json returned "Quota exceeded for quota metric 'Search Queries' and limit 'Search Queries per day' of service 'youtube.googleapis.com' for consumer 'project_number:387735685651'.". Details: "[{'message': "Quota exceeded for quota metric 'Search Queries' and limit 'Search Queries per day' of service 'youtube.googleapis.com' for consumer 'project_number:387735685651'.", 'domain': 'global', 'reason': 'rateLimitExceeded'}]">
2026-09-08 22:55:50,985 INFO Keyword 'OTT hakim agung' (channel_id=None, category=institusional, dimension=integritas_korupsi): ditemukan 0 video mentah
2026-09-08 22:55:51,538 ERROR Search error for keyword 'Zarof Ricar': <HttpError 429 when requesting https://youtube.googleapis.com/youtube/v3/search?q=Zarof+Ricar&part=id%2Csnippet&type=video&order=relevance&publishedAfter=2025-01-01T00%3A00%3A00%2B00%3A00&relevanceLanguage=id&maxResults=15&publishedBefore=2026-01-01T00%3A00%3A00%2B00%3A00&key=AIzaSyAWm6nCpbJgc2Hk_VXTCkJ8E60Fw9HTLAE&alt=json returned "Quota exceeded for quota metric 'Search Queries' and limit 'Search Queries per day' of service 'youtube.googleapis.com' for consumer 'project_number:387735685651'.". Details: "[{'message': "Quota exceeded for quota metric 'Search Queries' and limit 'Search Queries per day' of service 'youtube.googleapis.com' for consumer 'project_number:387735685651'.", 'domain': 'global', 'reason': 'rateLimitExceeded'}]">
2026-09-08 22:55:52,317 INFO Keyword 'Zarof Ricar' (channel_id=None, category=institusional, dimension=integritas_korupsi): ditemukan 0 video mentah
2026-09-08 22:55:52,934 ERROR Search error for keyword 'Hasbi Hasan MA': <HttpError 429 when requesting https://youtube.googleapis.com/youtube/v3/search?q=Hasbi+Hasan+MA&part=id%2Csnippet&type=video&order=relevance&publishedAfter=2025-01-01T00%3A00%3A00%2B00%3A00&relevanceLanguage=id&maxResults=15&publishedBefore=2026-01-01T00%3A00%3A00%2B00%3A00&key=AIzaSyAWm6nCpbJgc2Hk_VXTCkJ8E60Fw9HTLAE&alt=json returned "Quota exceeded for quota metric 'Search Queries' and limit 'Search Queries per day' of service 'youtube.googleapis.com' for consumer 'project_number:387735685651'.". Details: "[{'message': "Quota exceeded for quota metric 'Search Queries' and limit 'Search Queries per day' of service 'youtube.googleapis.com' for consumer 'project_number:387735685651'.", 'domain': 'global', 'reason': 'rateLimitExceeded'}]">
2026-09-08 22:55:52,934 INFO Keyword 'Hasbi Hasan MA' (channel_id=None, category=institusional, dimension=integritas_korupsi): ditemukan 0 video mentah
2026-09-08 22:55:53,466 ERROR Search error for keyword 'Nurhadi MA': <HttpError 429 when requesting https://youtube.googleapis.com/youtube/v3/search?q=Nurhadi+MA&part=id%2Csnippet&type=video&order=relevance&publishedAfter=2025-01-01T00%3A00%3A00%2B00%3A00&relevanceLanguage=id&maxResults=15&publishedBefore=2026-01-01T00%3A00%3A00%2B00%3A00&key=AIzaSyAWm6nCpbJgc2Hk_VXTCkJ8E60Fw9HTLAE&alt=json returned "Quota exceeded for quota metric 'Search Queries' and limit 'Search Queries per day' of service 'youtube.googleapis.com' for consumer 'project_number:387735685651'.". Details: "[{'message': "Quota exceeded for quota metric 'Search Queries' and limit 'Search Queries per day' of service 'youtube.googleapis.com' for consumer 'project_number:387735685651'.", 'domain': 'global', 'reason': 'rateLimitExceeded'}]">
2026-09-08 22:55:53,467 INFO Keyword 'Nurhadi MA' (channel_id=None, category=institusional, dimension=integritas_korupsi): ditemukan 0 video mentah
2026-09-08 22:55:53,996 ERROR Search error for keyword 'Sudrajad Dimyati': <HttpError 429 when requesting https://youtube.googleapis.com/youtube/v3/search?q=Sudrajad+Dimyati&part=id%2Csnippet&type=video&order=relevance&publishedAfter=2025-01-01T00%3A00%3A00%2B00%3A00&relevanceLanguage=id&maxResults=15&publishedBefore=2026-01-01T00%3A00%3A00%2B00%3A00&key=AIzaSyAWm6nCpbJgc2Hk_VXTCkJ8E60Fw9HTLAE&alt=json returned "Quota exceeded for quota metric 'Search Queries' and limit 'Search Queries per day' of service 'youtube.googleapis.com' for consumer 'project_number:387735685651'.". Details: "[{'message': "Quota exceeded for quota metric 'Search Queries' and limit 'Search Queries per day' of service 'youtube.googleapis.com' for consumer 'project_number:387735685651'.", 'domain': 'global', 'reason': 'rateLimitExceeded'}]">
2026-09-08 22:55:53,996 INFO Keyword 'Sudrajad Dimyati' (channel_id=None, category=institusional, dimension=integritas_korupsi): ditemukan 0 video mentah
2026-09-08 22:55:54,533 ERROR Search error for keyword 'Gazalba Saleh': <HttpError 429 when requesting https://youtube.googleapis.com/youtube/v3/search?q=Gazalba+Saleh&part=id%2Csnippet&type=video&order=relevance&publishedAfter=2025-01-01T00%3A00%3A00%2B00%3A00&relevanceLanguage=id&maxResults=15&publishedBefore=2026-01-01T00%3A00%3A00%2B00%3A00&key=AIzaSyAWm6nCpbJgc2Hk_VXTCkJ8E60Fw9HTLAE&alt=json returned "Quota exceeded for quota metric 'Search Queries' and limit 'Search Queries per day' of service 'youtube.googleapis.com' for consumer 'project_number:387735685651'.". Details: "[{'message': "Quota exceeded for quota metric 'Search Queries' and limit 'Search Queries per day' of service 'youtube.googleapis.com' for consumer 'project_number:387735685651'.", 'domain': 'global', 'reason': 'rateLimitExceeded'}]">
2026-09-08 22:55:54,534 INFO Keyword 'Gazalba Saleh' (channel_id=None, category=institusional, dimension=integritas_korupsi): ditemukan 0 video mentah
2026-09-08 22:55:55,086 ERROR Search error for keyword 'vonis bebas kasasi MA': <HttpError 429 when requesting https://youtube.googleapis.com/youtube/v3/search?q=vonis+bebas+kasasi+MA&part=id%2Csnippet&type=video&order=relevance&publishedAfter=2025-01-01T00%3A00%3A00%2B00%3A00&relevanceLanguage=id&maxResults=15&publishedBefore=2026-01-01T00%3A00%3A00%2B00%3A00&key=AIzaSyAWm6nCpbJgc2Hk_VXTCkJ8E60Fw9HTLAE&alt=json returned "Quota exceeded for quota metric 'Search Queries' and limit 'Search Queries per day' of service 'youtube.googleapis.com' for consumer 'project_number:387735685651'.". Details: "[{'message': "Quota exceeded for quota metric 'Search Queries' and limit 'Search Queries per day' of service 'youtube.googleapis.com' for consumer 'project_number:387735685651'.", 'domain': 'global', 'reason': 'rateLimitExceeded'}]">
2026-09-08 22:55:55,086 INFO Keyword 'vonis bebas kasasi MA' (channel_id=None, category=institusional, dimension=integritas_korupsi): ditemukan 0 video mentah
2026-09-08 22:55:55,620 ERROR Search error for keyword 'diskon hukuman MA': <HttpError 429 when requesting https://youtube.googleapis.com/youtube/v3/search?q=diskon+hukuman+MA&part=id%2Csnippet&type=video&order=relevance&publishedAfter=2025-01-01T00%3A00%3A00%2B00%3A00&relevanceLanguage=id&maxResults=15&publishedBefore=2026-01-01T00%3A00%3A00%2B00%3A00&key=AIzaSyAWm6nCpbJgc2Hk_VXTCkJ8E60Fw9HTLAE&alt=json returned "Quota exceeded for quota metric 'Search Queries' and limit 'Search Queries per day' of service 'youtube.googleapis.com' for consumer 'project_number:387735685651'.". Details: "[{'message': "Quota exceeded for quota metric 'Search Queries' and limit 'Search Queries per day' of service 'youtube.googleapis.com' for consumer 'project_number:387735685651'.", 'domain': 'global', 'reason': 'rateLimitExceeded'}]">
2026-09-08 22:55:55,620 INFO Keyword 'diskon hukuman MA' (channel_id=None, category=institusional, dimension=integritas_korupsi): ditemukan 0 video mentah
2026-09-08 22:55:56,199 ERROR Search error for keyword 'gratifikasi hakim agung': <HttpError 429 when requesting https://youtube.googleapis.com/youtube/v3/search?q=gratifikasi+hakim+agung&part=id%2Csnippet&type=video&order=relevance&publishedAfter=2025-01-01T00%3A00%3A00%2B00%3A00&relevanceLanguage=id&maxResults=15&publishedBefore=2026-01-01T00%3A00%3A00%2B00%3A00&key=AIzaSyAWm6nCpbJgc2Hk_VXTCkJ8E60Fw9HTLAE&alt=json returned "Quota exceeded for quota metric 'Search Queries' and limit 'Search Queries per day' of service 'youtube.googleapis.com' for consumer 'project_number:387735685651'.". Details: "[{'message': "Quota exceeded for quota metric 'Search Queries' and limit 'Search Queries per day' of service 'youtube.googleapis.com' for consumer 'project_number:387735685651'.", 'domain': 'global', 'reason': 'rateLimitExceeded'}]">
2026-09-08 22:55:56,200 INFO Keyword 'gratifikasi hakim agung' (channel_id=None, category=institusional, dimension=integritas_korupsi): ditemukan 0 video mentah
2026-09-08 22:55:56,804 ERROR Search error for keyword 'makelar kasus MA': <HttpError 429 when requesting https://youtube.googleapis.com/youtube/v3/search?q=makelar+kasus+MA&part=id%2Csnippet&type=video&order=relevance&publishedAfter=2025-01-01T00%3A00%3A00%2B00%3A00&relevanceLanguage=id&maxResults=15&publishedBefore=2026-01-01T00%3A00%3A00%2B00%3A00&key=AIzaSyAWm6nCpbJgc2Hk_VXTCkJ8E60Fw9HTLAE&alt=json returned "Quota exceeded for quota metric 'Search Queries' and limit 'Search Queries per day' of service 'youtube.googleapis.com' for consumer 'project_number:387735685651'.". Details: "[{'message': "Quota exceeded for quota metric 'Search Queries' and limit 'Search Queries per day' of service 'youtube.googleapis.com' for consumer 'project_number:387735685651'.", 'domain': 'global', 'reason': 'rateLimitExceeded'}]">
2026-09-08 22:55:56,804 INFO Keyword 'makelar kasus MA' (channel_id=None, category=institusional, dimension=integritas_korupsi): ditemukan 0 video mentah
2026-09-08 22:55:57,438 ERROR Search error for keyword 'putusan Mahkamah Agung': <HttpError 429 when requesting https://youtube.googleapis.com/youtube/v3/search?q=putusan+Mahkamah+Agung&part=id%2Csnippet&type=video&order=relevance&publishedAfter=2025-01-01T00%3A00%3A00%2B00%3A00&relevanceLanguage=id&maxResults=15&publishedBefore=2026-01-01T00%3A00%3A00%2B00%3A00&key=AIzaSyAWm6nCpbJgc2Hk_VXTCkJ8E60Fw9HTLAE&alt=json returned "Quota exceeded for quota metric 'Search Queries' and limit 'Search Queries per day' of service 'youtube.googleapis.com' for consumer 'project_number:387735685651'.". Details: "[{'message': "Quota exceeded for quota metric 'Search Queries' and limit 'Search Queries per day' of service 'youtube.googleapis.com' for consumer 'project_number:387735685651'.", 'domain': 'global', 'reason': 'rateLimitExceeded'}]">
2026-09-08 22:55:57,438 INFO Keyword 'putusan Mahkamah Agung' (channel_id=None, category=institusional, dimension=putusan_kontroversial): ditemukan 0 video mentah
2026-09-08 22:55:58,045 ERROR Search error for keyword 'vonis MA': <HttpError 429 when requesting https://youtube.googleapis.com/youtube/v3/search?q=vonis+MA&part=id%2Csnippet&type=video&order=relevance&publishedAfter=2025-01-01T00%3A00%3A00%2B00%3A00&relevanceLanguage=id&maxResults=15&publishedBefore=2026-01-01T00%3A00%3A00%2B00%3A00&key=AIzaSyAWm6nCpbJgc2Hk_VXTCkJ8E60Fw9HTLAE&alt=json returned "Quota exceeded for quota metric 'Search Queries' and limit 'Search Queries per day' of service 'youtube.googleapis.com' for consumer 'project_number:387735685651'.". Details: "[{'message': "Quota exceeded for quota metric 'Search Queries' and limit 'Search Queries per day' of service 'youtube.googleapis.com' for consumer 'project_number:387735685651'.", 'domain': 'global', 'reason': 'rateLimitExceeded'}]">
2026-09-08 22:55:58,045 INFO Keyword 'vonis MA' (channel_id=None, category=institusional, dimension=putusan_kontroversial): ditemukan 0 video mentah
2026-09-08 22:55:58,601 ERROR Search error for keyword 'kasasi MA': <HttpError 429 when requesting https://youtube.googleapis.com/youtube/v3/search?q=kasasi+MA&part=id%2Csnippet&type=video&order=relevance&publishedAfter=2025-01-01T00%3A00%3A00%2B00%3A00&relevanceLanguage=id&maxResults=15&publishedBefore=2026-01-01T00%3A00%3A00%2B00%3A00&key=AIzaSyAWm6nCpbJgc2Hk_VXTCkJ8E60Fw9HTLAE&alt=json returned "Quota exceeded for quota metric 'Search Queries' and limit 'Search Queries per day' of service 'youtube.googleapis.com' for consumer 'project_number:387735685651'.". Details: "[{'message': "Quota exceeded for quota metric 'Search Queries' and limit 'Search Queries per day' of service 'youtube.googleapis.com' for consumer 'project_number:387735685651'.", 'domain': 'global', 'reason': 'rateLimitExceeded'}]">
2026-09-08 22:55:58,601 INFO Keyword 'kasasi MA' (channel_id=None, category=institusional, dimension=putusan_kontroversial): ditemukan 0 video mentah
2026-09-08 22:55:59,131 ERROR Search error for keyword 'peninjauan kembali MA': <HttpError 429 when requesting https://youtube.googleapis.com/youtube/v3/search?q=peninjauan+kembali+MA&part=id%2Csnippet&type=video&order=relevance&publishedAfter=2025-01-01T00%3A00%3A00%2B00%3A00&relevanceLanguage=id&maxResults=15&publishedBefore=2026-01-01T00%3A00%3A00%2B00%3A00&key=AIzaSyAWm6nCpbJgc2Hk_VXTCkJ8E60Fw9HTLAE&alt=json returned "Quota exceeded for quota metric 'Search Queries' and limit 'Search Queries per day' of service 'youtube.googleapis.com' for consumer 'project_number:387735685651'.". Details: "[{'message': "Quota exceeded for quota metric 'Search Queries' and limit 'Search Queries per day' of service 'youtube.googleapis.com' for consumer 'project_number:387735685651'.", 'domain': 'global', 'reason': 'rateLimitExceeded'}]">
2026-09-08 22:55:59,131 INFO Keyword 'peninjauan kembali MA' (channel_id=None, category=institusional, dimension=putusan_kontroversial): ditemukan 0 video mentah
2026-09-08 22:55:59,668 ERROR Search error for keyword 'putusan MA pilkada': <HttpError 429 when requesting https://youtube.googleapis.com/youtube/v3/search?q=putusan+MA+pilkada&part=id%2Csnippet&type=video&order=relevance&publishedAfter=2025-01-01T00%3A00%3A00%2B00%3A00&relevanceLanguage=id&maxResults=15&publishedBefore=2026-01-01T00%3A00%3A00%2B00%3A00&key=AIzaSyAWm6nCpbJgc2Hk_VXTCkJ8E60Fw9HTLAE&alt=json returned "Quota exceeded for quota metric 'Search Queries' and limit 'Search Queries per day' of service 'youtube.googleapis.com' for consumer 'project_number:387735685651'.". Details: "[{'message': "Quota exceeded for quota metric 'Search Queries' and limit 'Search Queries per day' of service 'youtube.googleapis.com' for consumer 'project_number:387735685651'.", 'domain': 'global', 'reason': 'rateLimitExceeded'}]">
2026-09-08 22:55:59,669 INFO Keyword 'putusan MA pilkada' (channel_id=None, category=institusional, dimension=putusan_kontroversial): ditemukan 0 video mentah
2026-09-08 22:56:00,215 ERROR Search error for keyword 'direktori putusan MA': <HttpError 429 when requesting https://youtube.googleapis.com/youtube/v3/search?q=direktori+putusan+MA&part=id%2Csnippet&type=video&order=relevance&publishedAfter=2025-01-01T00%3A00%3A00%2B00%3A00&relevanceLanguage=id&maxResults=15&publishedBefore=2026-01-01T00%3A00%3A00%2B00%3A00&key=AIzaSyAWm6nCpbJgc2Hk_VXTCkJ8E60Fw9HTLAE&alt=json returned "Quota exceeded for quota metric 'Search Queries' and limit 'Search Queries per day' of service 'youtube.googleapis.com' for consumer 'project_number:387735685651'.". Details: "[{'message': "Quota exceeded for quota metric 'Search Queries' and limit 'Search Queries per day' of service 'youtube.googleapis.com' for consumer 'project_number:387735685651'.", 'domain': 'global', 'reason': 'rateLimitExceeded'}]">
2026-09-08 22:56:00,215 INFO Keyword 'direktori putusan MA' (channel_id=None, category=institusional, dimension=layanan_digital_ux): ditemukan 0 video mentah
2026-09-08 22:56:00,747 ERROR Search error for keyword 'e-court Mahkamah Agung': <HttpError 429 when requesting https://youtube.googleapis.com/youtube/v3/search?q=e-court+Mahkamah+Agung&part=id%2Csnippet&type=video&order=relevance&publishedAfter=2025-01-01T00%3A00%3A00%2B00%3A00&relevanceLanguage=id&maxResults=15&publishedBefore=2026-01-01T00%3A00%3A00%2B00%3A00&key=AIzaSyAWm6nCpbJgc2Hk_VXTCkJ8E60Fw9HTLAE&alt=json returned "Quota exceeded for quota metric 'Search Queries' and limit 'Search Queries per day' of service 'youtube.googleapis.com' for consumer 'project_number:387735685651'.". Details: "[{'message': "Quota exceeded for quota metric 'Search Queries' and limit 'Search Queries per day' of service 'youtube.googleapis.com' for consumer 'project_number:387735685651'.", 'domain': 'global', 'reason': 'rateLimitExceeded'}]">
2026-09-08 22:56:00,748 INFO Keyword 'e-court Mahkamah Agung' (channel_id=None, category=institusional, dimension=layanan_digital_ux): ditemukan 0 video mentah
2026-09-08 22:56:01,284 ERROR Search error for keyword 'SIPP pengadilan': <HttpError 429 when requesting https://youtube.googleapis.com/youtube/v3/search?q=SIPP+pengadilan&part=id%2Csnippet&type=video&order=relevance&publishedAfter=2025-01-01T00%3A00%3A00%2B00%3A00&relevanceLanguage=id&maxResults=15&publishedBefore=2026-01-01T00%3A00%3A00%2B00%3A00&key=AIzaSyAWm6nCpbJgc2Hk_VXTCkJ8E60Fw9HTLAE&alt=json returned "Quota exceeded for quota metric 'Search Queries' and limit 'Search Queries per day' of service 'youtube.googleapis.com' for consumer 'project_number:387735685651'.". Details: "[{'message': "Quota exceeded for quota metric 'Search Queries' and limit 'Search Queries per day' of service 'youtube.googleapis.com' for consumer 'project_number:387735685651'.", 'domain': 'global', 'reason': 'rateLimitExceeded'}]">
2026-09-08 22:56:01,285 INFO Keyword 'SIPP pengadilan' (channel_id=None, category=institusional, dimension=layanan_digital_ux): ditemukan 0 video mentah
2026-09-08 22:56:01,840 ERROR Search error for keyword 'kepercayaan publik Mahkamah Agung': <HttpError 429 when requesting https://youtube.googleapis.com/youtube/v3/search?q=kepercayaan+publik+Mahkamah+Agung&part=id%2Csnippet&type=video&order=relevance&publishedAfter=2025-01-01T00%3A00%3A00%2B00%3A00&relevanceLanguage=id&maxResults=15&publishedBefore=2026-01-01T00%3A00%3A00%2B00%3A00&key=AIzaSyAWm6nCpbJgc2Hk_VXTCkJ8E60Fw9HTLAE&alt=json returned "Quota exceeded for quota metric 'Search Queries' and limit 'Search Queries per day' of service 'youtube.googleapis.com' for consumer 'project_number:387735685651'.". Details: "[{'message': "Quota exceeded for quota metric 'Search Queries' and limit 'Search Queries per day' of service 'youtube.googleapis.com' for consumer 'project_number:387735685651'.", 'domain': 'global', 'reason': 'rateLimitExceeded'}]">
2026-09-08 22:56:01,840 INFO Keyword 'kepercayaan publik Mahkamah Agung' (channel_id=None, category=institusional, dimension=kepercayaan_publik): ditemukan 0 video mentah
2026-09-08 22:56:02,378 ERROR Search error for keyword 'citra Mahkamah Agung': <HttpError 429 when requesting https://youtube.googleapis.com/youtube/v3/search?q=citra+Mahkamah+Agung&part=id%2Csnippet&type=video&order=relevance&publishedAfter=2025-01-01T00%3A00%3A00%2B00%3A00&relevanceLanguage=id&maxResults=15&publishedBefore=2026-01-01T00%3A00%3A00%2B00%3A00&key=AIzaSyAWm6nCpbJgc2Hk_VXTCkJ8E60Fw9HTLAE&alt=json returned "Quota exceeded for quota metric 'Search Queries' and limit 'Search Queries per day' of service 'youtube.googleapis.com' for consumer 'project_number:387735685651'.". Details: "[{'message': "Quota exceeded for quota metric 'Search Queries' and limit 'Search Queries per day' of service 'youtube.googleapis.com' for consumer 'project_number:387735685651'.", 'domain': 'global', 'reason': 'rateLimitExceeded'}]">
2026-09-08 22:56:02,378 INFO Keyword 'citra Mahkamah Agung' (channel_id=None, category=institusional, dimension=kepercayaan_publik): ditemukan 0 video mentah
2026-09-08 22:56:02,923 ERROR Search error for keyword 'reputasi Mahkamah Agung': <HttpError 429 when requesting https://youtube.googleapis.com/youtube/v3/search?q=reputasi+Mahkamah+Agung&part=id%2Csnippet&type=video&order=relevance&publishedAfter=2025-01-01T00%3A00%3A00%2B00%3A00&relevanceLanguage=id&maxResults=15&publishedBefore=2026-01-01T00%3A00%3A00%2B00%3A00&key=AIzaSyAWm6nCpbJgc2Hk_VXTCkJ8E60Fw9HTLAE&alt=json returned "Quota exceeded for quota metric 'Search Queries' and limit 'Search Queries per day' of service 'youtube.googleapis.com' for consumer 'project_number:387735685651'.". Details: "[{'message': "Quota exceeded for quota metric 'Search Queries' and limit 'Search Queries per day' of service 'youtube.googleapis.com' for consumer 'project_number:387735685651'.", 'domain': 'global', 'reason': 'rateLimitExceeded'}]">
2026-09-08 22:56:02,923 INFO Keyword 'reputasi Mahkamah Agung' (channel_id=None, category=institusional, dimension=kepercayaan_publik): ditemukan 0 video mentah
2026-09-08 22:56:03,468 ERROR Search error for keyword 'gak percaya Mahkamah Agung': <HttpError 429 when requesting https://youtube.googleapis.com/youtube/v3/search?q=gak+percaya+Mahkamah+Agung&part=id%2Csnippet&type=video&order=relevance&publishedAfter=2025-01-01T00%3A00%3A00%2B00%3A00&relevanceLanguage=id&maxResults=15&publishedBefore=2026-01-01T00%3A00%3A00%2B00%3A00&key=AIzaSyAWm6nCpbJgc2Hk_VXTCkJ8E60Fw9HTLAE&alt=json returned "Quota exceeded for quota metric 'Search Queries' and limit 'Search Queries per day' of service 'youtube.googleapis.com' for consumer 'project_number:387735685651'.". Details: "[{'message': "Quota exceeded for quota metric 'Search Queries' and limit 'Search Queries per day' of service 'youtube.googleapis.com' for consumer 'project_number:387735685651'.", 'domain': 'global', 'reason': 'rateLimitExceeded'}]">
2026-09-08 22:56:03,468 INFO Keyword 'gak percaya Mahkamah Agung' (channel_id=None, category=institusional, dimension=kepercayaan_publik): ditemukan 0 video mentah
2026-09-08 22:56:04,000 ERROR Search error for keyword 'percuma lapor MA': <HttpError 429 when requesting https://youtube.googleapis.com/youtube/v3/search?q=percuma+lapor+MA&part=id%2Csnippet&type=video&order=relevance&publishedAfter=2025-01-01T00%3A00%3A00%2B00%3A00&relevanceLanguage=id&maxResults=15&publishedBefore=2026-01-01T00%3A00%3A00%2B00%3A00&key=AIzaSyAWm6nCpbJgc2Hk_VXTCkJ8E60Fw9HTLAE&alt=json returned "Quota exceeded for quota metric 'Search Queries' and limit 'Search Queries per day' of service 'youtube.googleapis.com' for consumer 'project_number:387735685651'.". Details: "[{'message': "Quota exceeded for quota metric 'Search Queries' and limit 'Search Queries per day' of service 'youtube.googleapis.com' for consumer 'project_number:387735685651'.", 'domain': 'global', 'reason': 'rateLimitExceeded'}]">
2026-09-08 22:56:04,000 INFO Keyword 'percuma lapor MA' (channel_id=None, category=institusional, dimension=kepercayaan_publik): ditemukan 0 video mentah
2026-09-08 22:56:04,560 ERROR Search error for keyword 'transparansi Mahkamah Agung': <HttpError 429 when requesting https://youtube.googleapis.com/youtube/v3/search?q=transparansi+Mahkamah+Agung&part=id%2Csnippet&type=video&order=relevance&publishedAfter=2025-01-01T00%3A00%3A00%2B00%3A00&relevanceLanguage=id&maxResults=15&publishedBefore=2026-01-01T00%3A00%3A00%2B00%3A00&key=AIzaSyAWm6nCpbJgc2Hk_VXTCkJ8E60Fw9HTLAE&alt=json returned "Quota exceeded for quota metric 'Search Queries' and limit 'Search Queries per day' of service 'youtube.googleapis.com' for consumer 'project_number:387735685651'.". Details: "[{'message': "Quota exceeded for quota metric 'Search Queries' and limit 'Search Queries per day' of service 'youtube.googleapis.com' for consumer 'project_number:387735685651'.", 'domain': 'global', 'reason': 'rateLimitExceeded'}]">
2026-09-08 22:56:04,560 INFO Keyword 'transparansi Mahkamah Agung' (channel_id=None, category=institusional, dimension=kepercayaan_publik): ditemukan 0 video mentah
2026-09-08 22:56:05,103 ERROR Search error for keyword 'akuntabilitas MA': <HttpError 429 when requesting https://youtube.googleapis.com/youtube/v3/search?q=akuntabilitas+MA&part=id%2Csnippet&type=video&order=relevance&publishedAfter=2025-01-01T00%3A00%3A00%2B00%3A00&relevanceLanguage=id&maxResults=15&publishedBefore=2026-01-01T00%3A00%3A00%2B00%3A00&key=AIzaSyAWm6nCpbJgc2Hk_VXTCkJ8E60Fw9HTLAE&alt=json returned "Quota exceeded for quota metric 'Search Queries' and limit 'Search Queries per day' of service 'youtube.googleapis.com' for consumer 'project_number:387735685651'.". Details: "[{'message': "Quota exceeded for quota metric 'Search Queries' and limit 'Search Queries per day' of service 'youtube.googleapis.com' for consumer 'project_number:387735685651'.", 'domain': 'global', 'reason': 'rateLimitExceeded'}]">
2026-09-08 22:56:05,103 INFO Keyword 'akuntabilitas MA' (channel_id=None, category=institusional, dimension=kepercayaan_publik): ditemukan 0 video mentah
2026-09-08 22:56:05,640 ERROR Search error for keyword 'kecewa putusan MA': <HttpError 429 when requesting https://youtube.googleapis.com/youtube/v3/search?q=kecewa+putusan+MA&part=id%2Csnippet&type=video&order=relevance&publishedAfter=2025-01-01T00%3A00%3A00%2B00%3A00&relevanceLanguage=id&maxResults=15&publishedBefore=2026-01-01T00%3A00%3A00%2B00%3A00&key=AIzaSyAWm6nCpbJgc2Hk_VXTCkJ8E60Fw9HTLAE&alt=json returned "Quota exceeded for quota metric 'Search Queries' and limit 'Search Queries per day' of service 'youtube.googleapis.com' for consumer 'project_number:387735685651'.". Details: "[{'message': "Quota exceeded for quota metric 'Search Queries' and limit 'Search Queries per day' of service 'youtube.googleapis.com' for consumer 'project_number:387735685651'.", 'domain': 'global', 'reason': 'rateLimitExceeded'}]">
2026-09-08 22:56:05,641 INFO Keyword 'kecewa putusan MA' (channel_id=None, category=institusional, dimension=kepercayaan_publik): ditemukan 0 video mentah
2026-09-08 22:56:06,219 ERROR Search error for keyword 'hukum tumpul ke atas': <HttpError 429 when requesting https://youtube.googleapis.com/youtube/v3/search?q=hukum+tumpul+ke+atas&part=id%2Csnippet&type=video&order=relevance&publishedAfter=2025-01-01T00%3A00%3A00%2B00%3A00&relevanceLanguage=id&maxResults=15&publishedBefore=2026-01-01T00%3A00%3A00%2B00%3A00&key=AIzaSyAWm6nCpbJgc2Hk_VXTCkJ8E60Fw9HTLAE&alt=json returned "Quota exceeded for quota metric 'Search Queries' and limit 'Search Queries per day' of service 'youtube.googleapis.com' for consumer 'project_number:387735685651'.". Details: "[{'message': "Quota exceeded for quota metric 'Search Queries' and limit 'Search Queries per day' of service 'youtube.googleapis.com' for consumer 'project_number:387735685651'.", 'domain': 'global', 'reason': 'rateLimitExceeded'}]">
2026-09-08 22:56:06,220 INFO Keyword 'hukum tumpul ke atas' (channel_id=None, category=institusional, dimension=kepercayaan_publik): ditemukan 0 video mentah
2026-09-08 22:56:07,448 ERROR Search error for keyword 'cara cari putusan online Mahkamah Agung': <HttpError 429 when requesting https://youtube.googleapis.com/youtube/v3/search?q=cara+cari+putusan+online+Mahkamah+Agung&part=id%2Csnippet&type=video&order=relevance&publishedAfter=2025-01-01T00%3A00%3A00%2B00%3A00&relevanceLanguage=id&maxResults=15&publishedBefore=2026-01-01T00%3A00%3A00%2B00%3A00&key=AIzaSyAWm6nCpbJgc2Hk_VXTCkJ8E60Fw9HTLAE&alt=json returned "Quota exceeded for quota metric 'Search Queries' and limit 'Search Queries per day' of service 'youtube.googleapis.com' for consumer 'project_number:387735685651'.". Details: "[{'message': "Quota exceeded for quota metric 'Search Queries' and limit 'Search Queries per day' of service 'youtube.googleapis.com' for consumer 'project_number:387735685651'.", 'domain': 'global', 'reason': 'rateLimitExceeded'}]">
2026-09-08 22:56:07,449 INFO Keyword 'cara cari putusan online Mahkamah Agung' (channel_id=None, category=tutorial_website, dimension=layanan_digital_ux): ditemukan 0 video mentah
2026-09-08 22:56:07,998 ERROR Search error for keyword 'tutorial e-court Indonesia': <HttpError 429 when requesting https://youtube.googleapis.com/youtube/v3/search?q=tutorial+e-court+Indonesia&part=id%2Csnippet&type=video&order=relevance&publishedAfter=2025-01-01T00%3A00%3A00%2B00%3A00&relevanceLanguage=id&maxResults=15&publishedBefore=2026-01-01T00%3A00%3A00%2B00%3A00&key=AIzaSyAWm6nCpbJgc2Hk_VXTCkJ8E60Fw9HTLAE&alt=json returned "Quota exceeded for quota metric 'Search Queries' and limit 'Search Queries per day' of service 'youtube.googleapis.com' for consumer 'project_number:387735685651'.". Details: "[{'message': "Quota exceeded for quota metric 'Search Queries' and limit 'Search Queries per day' of service 'youtube.googleapis.com' for consumer 'project_number:387735685651'.", 'domain': 'global', 'reason': 'rateLimitExceeded'}]">
2026-09-08 22:56:07,999 INFO Keyword 'tutorial e-court Indonesia' (channel_id=None, category=tutorial_website, dimension=layanan_digital_ux): ditemukan 0 video mentah
2026-09-08 22:56:08,718 ERROR Search error for keyword 'cara daftar e-court': <HttpError 429 when requesting https://youtube.googleapis.com/youtube/v3/search?q=cara+daftar+e-court&part=id%2Csnippet&type=video&order=relevance&publishedAfter=2025-01-01T00%3A00%3A00%2B00%3A00&relevanceLanguage=id&maxResults=15&publishedBefore=2026-01-01T00%3A00%3A00%2B00%3A00&key=AIzaSyAWm6nCpbJgc2Hk_VXTCkJ8E60Fw9HTLAE&alt=json returned "Quota exceeded for quota metric 'Search Queries' and limit 'Search Queries per day' of service 'youtube.googleapis.com' for consumer 'project_number:387735685651'.". Details: "[{'message': "Quota exceeded for quota metric 'Search Queries' and limit 'Search Queries per day' of service 'youtube.googleapis.com' for consumer 'project_number:387735685651'.", 'domain': 'global', 'reason': 'rateLimitExceeded'}]">
2026-09-08 22:56:08,718 INFO Keyword 'cara daftar e-court' (channel_id=None, category=tutorial_website, dimension=layanan_digital_ux): ditemukan 0 video mentah
2026-09-08 22:56:09,407 ERROR Search error for keyword 'cara download putusan MA': <HttpError 429 when requesting https://youtube.googleapis.com/youtube/v3/search?q=cara+download+putusan+MA&part=id%2Csnippet&type=video&order=relevance&publishedAfter=2025-01-01T00%3A00%3A00%2B00%3A00&relevanceLanguage=id&maxResults=15&publishedBefore=2026-01-01T00%3A00%3A00%2B00%3A00&key=AIzaSyAWm6nCpbJgc2Hk_VXTCkJ8E60Fw9HTLAE&alt=json returned "Quota exceeded for quota metric 'Search Queries' and limit 'Search Queries per day' of service 'youtube.googleapis.com' for consumer 'project_number:387735685651'.". Details: "[{'message': "Quota exceeded for quota metric 'Search Queries' and limit 'Search Queries per day' of service 'youtube.googleapis.com' for consumer 'project_number:387735685651'.", 'domain': 'global', 'reason': 'rateLimitExceeded'}]">
2026-09-08 22:56:09,407 INFO Keyword 'cara download putusan MA' (channel_id=None, category=tutorial_website, dimension=layanan_digital_ux): ditemukan 0 video mentah
2026-09-08 22:56:09,953 ERROR Search error for keyword 'tutorial SIPP pengadilan': <HttpError 429 when requesting https://youtube.googleapis.com/youtube/v3/search?q=tutorial+SIPP+pengadilan&part=id%2Csnippet&type=video&order=relevance&publishedAfter=2025-01-01T00%3A00%3A00%2B00%3A00&relevanceLanguage=id&maxResults=15&publishedBefore=2026-01-01T00%3A00%3A00%2B00%3A00&key=AIzaSyAWm6nCpbJgc2Hk_VXTCkJ8E60Fw9HTLAE&alt=json returned "Quota exceeded for quota metric 'Search Queries' and limit 'Search Queries per day' of service 'youtube.googleapis.com' for consumer 'project_number:387735685651'.". Details: "[{'message': "Quota exceeded for quota metric 'Search Queries' and limit 'Search Queries per day' of service 'youtube.googleapis.com' for consumer 'project_number:387735685651'.", 'domain': 'global', 'reason': 'rateLimitExceeded'}]">
2026-09-08 22:56:09,954 INFO Keyword 'tutorial SIPP pengadilan' (channel_id=None, category=tutorial_website, dimension=layanan_digital_ux): ditemukan 0 video mentah
2026-09-08 22:56:10,492 ERROR Search error for keyword 'cara cek jadwal sidang online': <HttpError 429 when requesting https://youtube.googleapis.com/youtube/v3/search?q=cara+cek+jadwal+sidang+online&part=id%2Csnippet&type=video&order=relevance&publishedAfter=2025-01-01T00%3A00%3A00%2B00%3A00&relevanceLanguage=id&maxResults=15&publishedBefore=2026-01-01T00%3A00%3A00%2B00%3A00&key=AIzaSyAWm6nCpbJgc2Hk_VXTCkJ8E60Fw9HTLAE&alt=json returned "Quota exceeded for quota metric 'Search Queries' and limit 'Search Queries per day' of service 'youtube.googleapis.com' for consumer 'project_number:387735685651'.". Details: "[{'message': "Quota exceeded for quota metric 'Search Queries' and limit 'Search Queries per day' of service 'youtube.googleapis.com' for consumer 'project_number:387735685651'.", 'domain': 'global', 'reason': 'rateLimitExceeded'}]">
2026-09-08 22:56:10,493 INFO Keyword 'cara cek jadwal sidang online' (channel_id=None, category=tutorial_website, dimension=layanan_digital_ux): ditemukan 0 video mentah
2026-09-08 22:56:11,043 ERROR Search error for keyword 'cara pakai aplikasi SIPP': <HttpError 429 when requesting https://youtube.googleapis.com/youtube/v3/search?q=cara+pakai+aplikasi+SIPP&part=id%2Csnippet&type=video&order=relevance&publishedAfter=2025-01-01T00%3A00%3A00%2B00%3A00&relevanceLanguage=id&maxResults=15&publishedBefore=2026-01-01T00%3A00%3A00%2B00%3A00&key=AIzaSyAWm6nCpbJgc2Hk_VXTCkJ8E60Fw9HTLAE&alt=json returned "Quota exceeded for quota metric 'Search Queries' and limit 'Search Queries per day' of service 'youtube.googleapis.com' for consumer 'project_number:387735685651'.". Details: "[{'message': "Quota exceeded for quota metric 'Search Queries' and limit 'Search Queries per day' of service 'youtube.googleapis.com' for consumer 'project_number:387735685651'.", 'domain': 'global', 'reason': 'rateLimitExceeded'}]">
2026-09-08 22:56:11,043 INFO Keyword 'cara pakai aplikasi SIPP' (channel_id=None, category=tutorial_website, dimension=layanan_digital_ux): ditemukan 0 video mentah
2026-09-08 22:56:11,588 ERROR Search error for keyword 'males pake e-court': <HttpError 429 when requesting https://youtube.googleapis.com/youtube/v3/search?q=males+pake+e-court&part=id%2Csnippet&type=video&order=relevance&publishedAfter=2025-01-01T00%3A00%3A00%2B00%3A00&relevanceLanguage=id&maxResults=15&publishedBefore=2026-01-01T00%3A00%3A00%2B00%3A00&key=AIzaSyAWm6nCpbJgc2Hk_VXTCkJ8E60Fw9HTLAE&alt=json returned "Quota exceeded for quota metric 'Search Queries' and limit 'Search Queries per day' of service 'youtube.googleapis.com' for consumer 'project_number:387735685651'.". Details: "[{'message': "Quota exceeded for quota metric 'Search Queries' and limit 'Search Queries per day' of service 'youtube.googleapis.com' for consumer 'project_number:387735685651'.", 'domain': 'global', 'reason': 'rateLimitExceeded'}]">
2026-09-08 22:56:11,588 INFO Keyword 'males pake e-court' (channel_id=None, category=tutorial_website, dimension=layanan_digital_ux): ditemukan 0 video mentah
2026-09-08 22:56:12,156 ERROR Search error for keyword 'ribet aplikasi SIPP': <HttpError 429 when requesting https://youtube.googleapis.com/youtube/v3/search?q=ribet+aplikasi+SIPP&part=id%2Csnippet&type=video&order=relevance&publishedAfter=2025-01-01T00%3A00%3A00%2B00%3A00&relevanceLanguage=id&maxResults=15&publishedBefore=2026-01-01T00%3A00%3A00%2B00%3A00&key=AIzaSyAWm6nCpbJgc2Hk_VXTCkJ8E60Fw9HTLAE&alt=json returned "Quota exceeded for quota metric 'Search Queries' and limit 'Search Queries per day' of service 'youtube.googleapis.com' for consumer 'project_number:387735685651'.". Details: "[{'message': "Quota exceeded for quota metric 'Search Queries' and limit 'Search Queries per day' of service 'youtube.googleapis.com' for consumer 'project_number:387735685651'.", 'domain': 'global', 'reason': 'rateLimitExceeded'}]">
2026-09-08 22:56:12,157 INFO Keyword 'ribet aplikasi SIPP' (channel_id=None, category=tutorial_website, dimension=layanan_digital_ux): ditemukan 0 video mentah
2026-09-08 22:56:12,721 ERROR Search error for keyword 'gak percaya sistem pengadilan online': <HttpError 429 when requesting https://youtube.googleapis.com/youtube/v3/search?q=gak+percaya+sistem+pengadilan+online&part=id%2Csnippet&type=video&order=relevance&publishedAfter=2025-01-01T00%3A00%3A00%2B00%3A00&relevanceLanguage=id&maxResults=15&publishedBefore=2026-01-01T00%3A00%3A00%2B00%3A00&key=AIzaSyAWm6nCpbJgc2Hk_VXTCkJ8E60Fw9HTLAE&alt=json returned "Quota exceeded for quota metric 'Search Queries' and limit 'Search Queries per day' of service 'youtube.googleapis.com' for consumer 'project_number:387735685651'.". Details: "[{'message': "Quota exceeded for quota metric 'Search Queries' and limit 'Search Queries per day' of service 'youtube.googleapis.com' for consumer 'project_number:387735685651'.", 'domain': 'global', 'reason': 'rateLimitExceeded'}]">
2026-09-08 22:56:12,721 INFO Keyword 'gak percaya sistem pengadilan online' (channel_id=None, category=tutorial_website, dimension=layanan_digital_ux): ditemukan 0 video mentah
2026-09-08 22:56:13,261 ERROR Search error for keyword 'mending sidang manual daripada online': <HttpError 429 when requesting https://youtube.googleapis.com/youtube/v3/search?q=mending+sidang+manual+daripada+online&part=id%2Csnippet&type=video&order=relevance&publishedAfter=2025-01-01T00%3A00%3A00%2B00%3A00&relevanceLanguage=id&maxResults=15&publishedBefore=2026-01-01T00%3A00%3A00%2B00%3A00&key=AIzaSyAWm6nCpbJgc2Hk_VXTCkJ8E60Fw9HTLAE&alt=json returned "Quota exceeded for quota metric 'Search Queries' and limit 'Search Queries per day' of service 'youtube.googleapis.com' for consumer 'project_number:387735685651'.". Details: "[{'message': "Quota exceeded for quota metric 'Search Queries' and limit 'Search Queries per day' of service 'youtube.googleapis.com' for consumer 'project_number:387735685651'.", 'domain': 'global', 'reason': 'rateLimitExceeded'}]">
2026-09-08 22:56:13,261 INFO Keyword 'mending sidang manual daripada online' (channel_id=None, category=tutorial_website, dimension=layanan_digital_ux): ditemukan 0 video mentah
2026-09-08 22:56:13,799 ERROR Search error for keyword 'data pribadi aman gak e-court': <HttpError 429 when requesting https://youtube.googleapis.com/youtube/v3/search?q=data+pribadi+aman+gak+e-court&part=id%2Csnippet&type=video&order=relevance&publishedAfter=2025-01-01T00%3A00%3A00%2B00%3A00&relevanceLanguage=id&maxResults=15&publishedBefore=2026-01-01T00%3A00%3A00%2B00%3A00&key=AIzaSyAWm6nCpbJgc2Hk_VXTCkJ8E60Fw9HTLAE&alt=json returned "Quota exceeded for quota metric 'Search Queries' and limit 'Search Queries per day' of service 'youtube.googleapis.com' for consumer 'project_number:387735685651'.". Details: "[{'message': "Quota exceeded for quota metric 'Search Queries' and limit 'Search Queries per day' of service 'youtube.googleapis.com' for consumer 'project_number:387735685651'.", 'domain': 'global', 'reason': 'rateLimitExceeded'}]">
2026-09-08 22:56:13,800 INFO Keyword 'data pribadi aman gak e-court' (channel_id=None, category=tutorial_website, dimension=layanan_digital_ux): ditemukan 0 video mentah
2026-09-08 22:56:14,301 INFO Cache mentah disimpan: 0 video -> output/_raw_search_cache_2025.json
2026-09-08 22:56:14,301 INFO Hasil search: 0 video unik mentah, 0 dibuang (gak relevan), 0 dibuang (konten MK bukan MA), 0 udah pernah discrap (skip), 0 baru
2026-09-08 22:56:14,301 INFO Selesai. 0 video baru, 0 komentar baru (0 nyebut pengalaman website).
2026-09-08 23:02:43,008 INFO file_cache is only supported with oauth2client<4.0.0
2026-09-08 23:02:43,130 INFO Video yang udah ada di output/youtube_videos.csv: 836
2026-09-08 23:02:43,141 INFO Keyword 'suap Mahkamah Agung': udah pernah di-search, skip (hemat kuota)
2026-09-08 23:02:43,141 INFO Keyword 'mafia peradilan': udah pernah di-search, skip (hemat kuota)
2026-09-08 23:02:43,141 INFO Keyword 'kode etik hakim agung': udah pernah di-search, skip (hemat kuota)
2026-09-08 23:02:43,141 INFO Keyword 'OTT hakim agung': udah pernah di-search, skip (hemat kuota)
2026-09-08 23:02:43,511 INFO Cache mentah disimpan: 270 video -> output/_raw_search_cache_2020.json
2026-09-08 23:02:43,511 WARNING Kuota YouTube API harian abis - run dihentikan di tengah jalan. Keyword yang belum sempat di-search bakal otomatis lanjut di run berikutnya.
2026-09-08 23:02:43,512 INFO Hasil search: 215 video unik mentah, 96 dibuang (gak relevan), 0 dibuang (konten MK bukan MA), 116 udah pernah discrap (skip), 3 baru
2026-09-08 23:02:45,275 INFO Selesai. 3 video baru, 200 komentar baru (3 nyebut pengalaman website).
2026-09-09 18:11:00,507 INFO file_cache is only supported with oauth2client<4.0.0
2026-09-09 18:11:01,002 INFO Video yang udah ada di output/youtube_videos.csv: 839
2026-09-09 18:11:01,009 INFO Keyword 'suap Mahkamah Agung': udah pernah di-search, skip (hemat kuota)
2026-09-09 18:11:01,009 INFO Keyword 'mafia peradilan': udah pernah di-search, skip (hemat kuota)
2026-09-09 18:11:01,009 INFO Keyword 'kode etik hakim agung': udah pernah di-search, skip (hemat kuota)
2026-09-09 18:11:01,009 INFO Keyword 'OTT hakim agung': udah pernah di-search, skip (hemat kuota)
2026-09-09 18:11:01,475 INFO Keyword 'Zarof Ricar' (channel_id=None, category=institusional, dimension=integritas_korupsi): ditemukan 0 video mentah
2026-09-09 18:11:02,191 INFO Keyword 'Hasbi Hasan MA' (channel_id=None, category=institusional, dimension=integritas_korupsi): ditemukan 15 video mentah
2026-09-09 18:11:02,991 INFO Keyword 'Nurhadi MA' (channel_id=None, category=institusional, dimension=integritas_korupsi): ditemukan 15 video mentah
2026-09-09 18:11:03,754 INFO Keyword 'Sudrajad Dimyati' (channel_id=None, category=institusional, dimension=integritas_korupsi): ditemukan 15 video mentah
2026-09-09 18:11:04,474 INFO Keyword 'Gazalba Saleh' (channel_id=None, category=institusional, dimension=integritas_korupsi): ditemukan 15 video mentah
2026-09-09 18:11:05,283 INFO Keyword 'vonis bebas kasasi MA' (channel_id=None, category=institusional, dimension=integritas_korupsi): ditemukan 15 video mentah
2026-09-09 18:11:06,043 INFO Keyword 'diskon hukuman MA' (channel_id=None, category=institusional, dimension=integritas_korupsi): ditemukan 15 video mentah
2026-09-09 18:11:06,828 INFO Keyword 'gratifikasi hakim agung' (channel_id=None, category=institusional, dimension=integritas_korupsi): ditemukan 15 video mentah
2026-09-09 18:11:07,559 INFO Keyword 'makelar kasus MA' (channel_id=None, category=institusional, dimension=integritas_korupsi): ditemukan 15 video mentah
2026-09-09 18:11:08,060 INFO Keyword 'putusan Mahkamah Agung': udah pernah di-search, skip (hemat kuota)
2026-09-09 18:11:08,060 INFO Keyword 'vonis MA': udah pernah di-search, skip (hemat kuota)
2026-09-09 18:11:08,060 INFO Keyword 'kasasi MA': udah pernah di-search, skip (hemat kuota)
2026-09-09 18:11:08,060 INFO Keyword 'peninjauan kembali MA': udah pernah di-search, skip (hemat kuota)
2026-09-09 18:11:08,279 INFO Keyword 'putusan MA pilkada' (channel_id=None, category=institusional, dimension=putusan_kontroversial): ditemukan 15 video mentah
2026-09-09 18:11:08,779 INFO Keyword 'direktori putusan MA': udah pernah di-search, skip (hemat kuota)
2026-09-09 18:11:08,782 INFO Keyword 'e-court Mahkamah Agung': udah pernah di-search, skip (hemat kuota)
2026-09-09 18:11:08,782 INFO Keyword 'SIPP pengadilan': udah pernah di-search, skip (hemat kuota)
2026-09-09 18:11:09,046 INFO Keyword 'kepercayaan publik Mahkamah Agung' (channel_id=None, category=institusional, dimension=kepercayaan_publik): ditemukan 15 video mentah
2026-09-09 18:11:09,876 INFO Keyword 'citra Mahkamah Agung' (channel_id=None, category=institusional, dimension=kepercayaan_publik): ditemukan 15 video mentah
2026-09-09 18:11:10,593 INFO Keyword 'reputasi Mahkamah Agung' (channel_id=None, category=institusional, dimension=kepercayaan_publik): ditemukan 15 video mentah
2026-09-09 18:11:11,375 INFO Keyword 'gak percaya Mahkamah Agung' (channel_id=None, category=institusional, dimension=kepercayaan_publik): ditemukan 15 video mentah
2026-09-09 18:11:12,167 INFO Keyword 'percuma lapor MA' (channel_id=None, category=institusional, dimension=kepercayaan_publik): ditemukan 15 video mentah
2026-09-09 18:11:12,936 INFO Keyword 'transparansi Mahkamah Agung' (channel_id=None, category=institusional, dimension=kepercayaan_publik): ditemukan 15 video mentah
2026-09-09 18:11:13,695 INFO Keyword 'akuntabilitas MA' (channel_id=None, category=institusional, dimension=kepercayaan_publik): ditemukan 15 video mentah
2026-09-09 18:11:14,487 INFO Keyword 'kecewa putusan MA' (channel_id=None, category=institusional, dimension=kepercayaan_publik): ditemukan 15 video mentah
2026-09-09 18:11:15,261 INFO Keyword 'hukum tumpul ke atas' (channel_id=None, category=institusional, dimension=kepercayaan_publik): ditemukan 15 video mentah
2026-09-09 18:11:15,762 INFO Keyword 'cara cari putusan online Mahkamah Agung': udah pernah di-search, skip (hemat kuota)
2026-09-09 18:11:15,762 INFO Keyword 'tutorial e-court Indonesia': udah pernah di-search, skip (hemat kuota)
2026-09-09 18:11:15,762 INFO Keyword 'cara daftar e-court': udah pernah di-search, skip (hemat kuota)
2026-09-09 18:11:15,762 INFO Keyword 'cara download putusan MA': udah pernah di-search, skip (hemat kuota)
2026-09-09 18:11:15,762 INFO Keyword 'tutorial SIPP pengadilan': udah pernah di-search, skip (hemat kuota)
2026-09-09 18:11:15,762 INFO Keyword 'cara cek jadwal sidang online': udah pernah di-search, skip (hemat kuota)
2026-09-09 18:11:15,762 INFO Keyword 'cara pakai aplikasi SIPP': udah pernah di-search, skip (hemat kuota)
2026-09-09 18:11:16,094 INFO Keyword 'males pake e-court' (channel_id=None, category=tutorial_website, dimension=layanan_digital_ux): ditemukan 15 video mentah
2026-09-09 18:11:16,889 INFO Keyword 'ribet aplikasi SIPP' (channel_id=None, category=tutorial_website, dimension=layanan_digital_ux): ditemukan 15 video mentah
2026-09-09 18:11:17,662 INFO Keyword 'gak percaya sistem pengadilan online' (channel_id=None, category=tutorial_website, dimension=layanan_digital_ux): ditemukan 15 video mentah
2026-09-09 18:11:18,399 INFO Keyword 'mending sidang manual daripada online' (channel_id=None, category=tutorial_website, dimension=layanan_digital_ux): ditemukan 15 video mentah
2026-09-09 18:11:19,205 INFO Keyword 'data pribadi aman gak e-court' (channel_id=None, category=tutorial_website, dimension=layanan_digital_ux): ditemukan 15 video mentah
2026-09-09 18:11:19,713 INFO Cache mentah disimpan: 615 video -> output/_raw_search_cache_2020.json
2026-09-09 18:11:19,715 INFO Hasil search: 519 video unik mentah, 313 dibuang (gak relevan), 0 dibuang (konten MK bukan MA), 119 udah pernah discrap (skip), 87 baru
2026-09-09 18:11:24,345 WARNING Encountered 403 Forbidden with reason "commentsDisabled"
2026-09-09 18:11:24,346 WARNING Gagal ambil komentar video b_PvmkJNPfc: <HttpError 403 when requesting https://youtube.googleapis.com/youtube/v3/commentThreads?part=snippet&videoId=b_PvmkJNPfc&maxResults=100&order=relevance&textFormat=plainText&key=AIzaSyAWm6nCpbJgc2Hk_VXTCkJ8E60Fw9HTLAE&alt=json returned "The video identified by the <code><a href="/youtube/v3/docs/commentThreads/list#videoId">videoId</a></code> parameter has disabled comments.". Details: "[{'message': 'The video identified by the <code><a href="/youtube/v3/docs/commentThreads/list#videoId">videoId</a></code> parameter has disabled comments.', 'domain': 'youtube.commentThread', 'reason': 'commentsDisabled', 'location': 'videoId', 'locationType': 'parameter'}]">
2026-09-09 18:11:41,495 WARNING Gagal ambil komentar video MCPduZV7238: <HttpError 400 when requesting https://youtube.googleapis.com/youtube/v3/commentThreads?part=snippet&videoId=MCPduZV7238&maxResults=100&order=relevance&textFormat=plainText&key=AIzaSyAWm6nCpbJgc2Hk_VXTCkJ8E60Fw9HTLAE&alt=json returned "The API server failed to successfully process the request. While this can be a transient error, it usually indicates that the request's input is invalid. Check the structure of the <code>commentThread</code> resource in the request body to ensure that it is valid.". Details: "[{'message': "The API server failed to successfully process the request. While this can be a transient error, it usually indicates that the request's input is invalid. Check the structure of the <code>commentThread</code> resource in the request body to ensure that it is valid.", 'domain': 'youtube.commentThread', 'reason': 'processingFailure', 'location': 'body', 'locationType': 'other'}]">
2026-09-09 18:11:52,945 WARNING Encountered 403 Forbidden with reason "commentsDisabled"
2026-09-09 18:11:52,945 WARNING Gagal ambil komentar video q7ffT-lmn9c: <HttpError 403 when requesting https://youtube.googleapis.com/youtube/v3/commentThreads?part=snippet&videoId=q7ffT-lmn9c&maxResults=100&order=relevance&textFormat=plainText&key=AIzaSyAWm6nCpbJgc2Hk_VXTCkJ8E60Fw9HTLAE&alt=json returned "The video identified by the <code><a href="/youtube/v3/docs/commentThreads/list#videoId">videoId</a></code> parameter has disabled comments.". Details: "[{'message': 'The video identified by the <code><a href="/youtube/v3/docs/commentThreads/list#videoId">videoId</a></code> parameter has disabled comments.', 'domain': 'youtube.commentThread', 'reason': 'commentsDisabled', 'location': 'videoId', 'locationType': 'parameter'}]">
2026-09-09 18:11:55,718 WARNING Encountered 403 Forbidden with reason "commentsDisabled"
2026-09-09 18:11:55,718 WARNING Gagal ambil komentar video hiZIAFLb8OY: <HttpError 403 when requesting https://youtube.googleapis.com/youtube/v3/commentThreads?part=snippet&videoId=hiZIAFLb8OY&maxResults=100&order=relevance&textFormat=plainText&key=AIzaSyAWm6nCpbJgc2Hk_VXTCkJ8E60Fw9HTLAE&alt=json returned "The video identified by the <code><a href="/youtube/v3/docs/commentThreads/list#videoId">videoId</a></code> parameter has disabled comments.". Details: "[{'message': 'The video identified by the <code><a href="/youtube/v3/docs/commentThreads/list#videoId">videoId</a></code> parameter has disabled comments.', 'domain': 'youtube.commentThread', 'reason': 'commentsDisabled', 'location': 'videoId', 'locationType': 'parameter'}]">
2026-09-09 18:11:58,730 WARNING Encountered 403 Forbidden with reason "commentsDisabled"
2026-09-09 18:11:58,730 WARNING Gagal ambil komentar video ckhqIsPEBqM: <HttpError 403 when requesting https://youtube.googleapis.com/youtube/v3/commentThreads?part=snippet&videoId=ckhqIsPEBqM&maxResults=100&order=relevance&textFormat=plainText&key=AIzaSyAWm6nCpbJgc2Hk_VXTCkJ8E60Fw9HTLAE&alt=json returned "The video identified by the <code><a href="/youtube/v3/docs/commentThreads/list#videoId">videoId</a></code> parameter has disabled comments.". Details: "[{'message': 'The video identified by the <code><a href="/youtube/v3/docs/commentThreads/list#videoId">videoId</a></code> parameter has disabled comments.', 'domain': 'youtube.commentThread', 'reason': 'commentsDisabled', 'location': 'videoId', 'locationType': 'parameter'}]">
2026-09-09 18:12:03,279 WARNING Encountered 403 Forbidden with reason "commentsDisabled"
2026-09-09 18:12:03,279 WARNING Gagal ambil komentar video wnwJZ83h2yc: <HttpError 403 when requesting https://youtube.googleapis.com/youtube/v3/commentThreads?part=snippet&videoId=wnwJZ83h2yc&maxResults=100&order=relevance&textFormat=plainText&key=AIzaSyAWm6nCpbJgc2Hk_VXTCkJ8E60Fw9HTLAE&alt=json returned "The video identified by the <code><a href="/youtube/v3/docs/commentThreads/list#videoId">videoId</a></code> parameter has disabled comments.". Details: "[{'message': 'The video identified by the <code><a href="/youtube/v3/docs/commentThreads/list#videoId">videoId</a></code> parameter has disabled comments.', 'domain': 'youtube.commentThread', 'reason': 'commentsDisabled', 'location': 'videoId', 'locationType': 'parameter'}]">
2026-09-09 18:12:12,016 WARNING Encountered 403 Forbidden with reason "commentsDisabled"
2026-09-09 18:12:12,016 WARNING Gagal ambil komentar video jM9h47C8bhE: <HttpError 403 when requesting https://youtube.googleapis.com/youtube/v3/commentThreads?part=snippet&videoId=jM9h47C8bhE&maxResults=100&order=relevance&textFormat=plainText&key=AIzaSyAWm6nCpbJgc2Hk_VXTCkJ8E60Fw9HTLAE&alt=json returned "The video identified by the <code><a href="/youtube/v3/docs/commentThreads/list#videoId">videoId</a></code> parameter has disabled comments.". Details: "[{'message': 'The video identified by the <code><a href="/youtube/v3/docs/commentThreads/list#videoId">videoId</a></code> parameter has disabled comments.', 'domain': 'youtube.commentThread', 'reason': 'commentsDisabled', 'location': 'videoId', 'locationType': 'parameter'}]">
2026-09-09 18:12:13,788 INFO Selesai. 87 video baru, 1319 komentar baru (14 nyebut pengalaman website).
2026-09-09 18:12:19,774 INFO file_cache is only supported with oauth2client<4.0.0
2026-09-09 18:12:19,905 INFO Video yang udah ada di output/youtube_videos.csv: 926
2026-09-09 18:12:19,911 INFO Keyword 'suap Mahkamah Agung': udah pernah di-search, skip (hemat kuota)
2026-09-09 18:12:19,911 INFO Keyword 'mafia peradilan': udah pernah di-search, skip (hemat kuota)
2026-09-09 18:12:19,911 INFO Keyword 'kode etik hakim agung': udah pernah di-search, skip (hemat kuota)
2026-09-09 18:12:19,911 INFO Keyword 'OTT hakim agung': udah pernah di-search, skip (hemat kuota)
2026-09-09 18:12:20,331 INFO Keyword 'Zarof Ricar' (channel_id=None, category=institusional, dimension=integritas_korupsi): ditemukan 2 video mentah
2026-09-09 18:12:21,205 INFO Keyword 'Hasbi Hasan MA' (channel_id=None, category=institusional, dimension=integritas_korupsi): ditemukan 15 video mentah
2026-09-09 18:12:22,020 INFO Keyword 'Nurhadi MA' (channel_id=None, category=institusional, dimension=integritas_korupsi): ditemukan 15 video mentah
2026-09-09 18:12:22,793 INFO Keyword 'Sudrajad Dimyati' (channel_id=None, category=institusional, dimension=integritas_korupsi): ditemukan 15 video mentah
2026-09-09 18:12:23,492 INFO Keyword 'Gazalba Saleh' (channel_id=None, category=institusional, dimension=integritas_korupsi): ditemukan 15 video mentah
2026-09-09 18:12:24,287 INFO Keyword 'vonis bebas kasasi MA' (channel_id=None, category=institusional, dimension=integritas_korupsi): ditemukan 15 video mentah
2026-09-09 18:12:25,142 INFO Keyword 'diskon hukuman MA' (channel_id=None, category=institusional, dimension=integritas_korupsi): ditemukan 15 video mentah
2026-09-09 18:12:25,904 INFO Keyword 'gratifikasi hakim agung' (channel_id=None, category=institusional, dimension=integritas_korupsi): ditemukan 15 video mentah
2026-09-09 18:12:26,671 INFO Keyword 'makelar kasus MA' (channel_id=None, category=institusional, dimension=integritas_korupsi): ditemukan 15 video mentah
2026-09-09 18:12:27,171 INFO Keyword 'putusan Mahkamah Agung': udah pernah di-search, skip (hemat kuota)
2026-09-09 18:12:27,171 INFO Keyword 'vonis MA': udah pernah di-search, skip (hemat kuota)
2026-09-09 18:12:27,171 INFO Keyword 'kasasi MA': udah pernah di-search, skip (hemat kuota)
2026-09-09 18:12:27,171 INFO Keyword 'peninjauan kembali MA': udah pernah di-search, skip (hemat kuota)
2026-09-09 18:12:27,467 INFO Keyword 'putusan MA pilkada' (channel_id=None, category=institusional, dimension=putusan_kontroversial): ditemukan 15 video mentah
2026-09-09 18:12:27,968 INFO Keyword 'direktori putusan MA': udah pernah di-search, skip (hemat kuota)
2026-09-09 18:12:27,969 INFO Keyword 'e-court Mahkamah Agung': udah pernah di-search, skip (hemat kuota)
2026-09-09 18:12:27,969 INFO Keyword 'SIPP pengadilan': udah pernah di-search, skip (hemat kuota)
2026-09-09 18:12:28,244 INFO Keyword 'kepercayaan publik Mahkamah Agung' (channel_id=None, category=institusional, dimension=kepercayaan_publik): ditemukan 15 video mentah
2026-09-09 18:12:29,021 INFO Keyword 'citra Mahkamah Agung' (channel_id=None, category=institusional, dimension=kepercayaan_publik): ditemukan 15 video mentah
2026-09-09 18:12:29,775 INFO Keyword 'reputasi Mahkamah Agung' (channel_id=None, category=institusional, dimension=kepercayaan_publik): ditemukan 15 video mentah
2026-09-09 18:12:30,513 INFO Keyword 'gak percaya Mahkamah Agung' (channel_id=None, category=institusional, dimension=kepercayaan_publik): ditemukan 15 video mentah
2026-09-09 18:12:31,286 INFO Keyword 'percuma lapor MA' (channel_id=None, category=institusional, dimension=kepercayaan_publik): ditemukan 15 video mentah
2026-09-09 18:12:32,112 INFO Keyword 'transparansi Mahkamah Agung' (channel_id=None, category=institusional, dimension=kepercayaan_publik): ditemukan 15 video mentah
2026-09-09 18:12:32,848 INFO Keyword 'akuntabilitas MA' (channel_id=None, category=institusional, dimension=kepercayaan_publik): ditemukan 15 video mentah
2026-09-09 18:12:33,613 INFO Keyword 'kecewa putusan MA' (channel_id=None, category=institusional, dimension=kepercayaan_publik): ditemukan 15 video mentah
2026-09-09 18:12:34,478 INFO Keyword 'hukum tumpul ke atas' (channel_id=None, category=institusional, dimension=kepercayaan_publik): ditemukan 15 video mentah
2026-09-09 18:12:34,978 INFO Keyword 'cara cari putusan online Mahkamah Agung': udah pernah di-search, skip (hemat kuota)
2026-09-09 18:12:34,978 INFO Keyword 'tutorial e-court Indonesia': udah pernah di-search, skip (hemat kuota)
2026-09-09 18:12:34,978 INFO Keyword 'cara daftar e-court': udah pernah di-search, skip (hemat kuota)
2026-09-09 18:12:34,978 INFO Keyword 'cara download putusan MA': udah pernah di-search, skip (hemat kuota)
2026-09-09 18:12:34,978 INFO Keyword 'tutorial SIPP pengadilan': udah pernah di-search, skip (hemat kuota)
2026-09-09 18:12:34,978 INFO Keyword 'cara cek jadwal sidang online': udah pernah di-search, skip (hemat kuota)
2026-09-09 18:12:34,978 INFO Keyword 'cara pakai aplikasi SIPP': udah pernah di-search, skip (hemat kuota)
2026-09-09 18:12:36,163 INFO Keyword 'males pake e-court' (channel_id=None, category=tutorial_website, dimension=layanan_digital_ux): ditemukan 15 video mentah
2026-09-09 18:12:36,876 INFO Keyword 'ribet aplikasi SIPP' (channel_id=None, category=tutorial_website, dimension=layanan_digital_ux): ditemukan 15 video mentah
2026-09-09 18:12:37,564 INFO Keyword 'gak percaya sistem pengadilan online' (channel_id=None, category=tutorial_website, dimension=layanan_digital_ux): ditemukan 15 video mentah
2026-09-09 18:12:38,277 INFO Keyword 'mending sidang manual daripada online' (channel_id=None, category=tutorial_website, dimension=layanan_digital_ux): ditemukan 15 video mentah
2026-09-09 18:12:39,065 INFO Keyword 'data pribadi aman gak e-court' (channel_id=None, category=tutorial_website, dimension=layanan_digital_ux): ditemukan 15 video mentah
2026-09-09 18:12:39,571 INFO Cache mentah disimpan: 617 video -> output/_raw_search_cache_2021.json
2026-09-09 18:12:39,573 INFO Hasil search: 544 video unik mentah, 348 dibuang (gak relevan), 1 dibuang (konten MK bukan MA), 107 udah pernah discrap (skip), 88 baru
2026-09-09 18:13:07,364 WARNING Encountered 403 Forbidden with reason "commentsDisabled"
2026-09-09 18:13:07,364 WARNING Gagal ambil komentar video -aW4LlP7bNE: <HttpError 403 when requesting https://youtube.googleapis.com/youtube/v3/commentThreads?part=snippet&videoId=-aW4LlP7bNE&maxResults=100&order=relevance&textFormat=plainText&key=AIzaSyAWm6nCpbJgc2Hk_VXTCkJ8E60Fw9HTLAE&alt=json returned "The video identified by the <code><a href="/youtube/v3/docs/commentThreads/list#videoId">videoId</a></code> parameter has disabled comments.". Details: "[{'message': 'The video identified by the <code><a href="/youtube/v3/docs/commentThreads/list#videoId">videoId</a></code> parameter has disabled comments.', 'domain': 'youtube.commentThread', 'reason': 'commentsDisabled', 'location': 'videoId', 'locationType': 'parameter'}]">
2026-09-09 18:13:19,812 WARNING Encountered 403 Forbidden with reason "commentsDisabled"
2026-09-09 18:13:19,812 WARNING Gagal ambil komentar video zg6jGA6h6og: <HttpError 403 when requesting https://youtube.googleapis.com/youtube/v3/commentThreads?part=snippet&videoId=zg6jGA6h6og&maxResults=100&order=relevance&textFormat=plainText&key=AIzaSyAWm6nCpbJgc2Hk_VXTCkJ8E60Fw9HTLAE&alt=json returned "The video identified by the <code><a href="/youtube/v3/docs/commentThreads/list#videoId">videoId</a></code> parameter has disabled comments.". Details: "[{'message': 'The video identified by the <code><a href="/youtube/v3/docs/commentThreads/list#videoId">videoId</a></code> parameter has disabled comments.', 'domain': 'youtube.commentThread', 'reason': 'commentsDisabled', 'location': 'videoId', 'locationType': 'parameter'}]">
2026-09-09 18:13:20,194 WARNING Encountered 403 Forbidden with reason "commentsDisabled"
2026-09-09 18:13:20,194 WARNING Gagal ambil komentar video gbc-xjQzO6U: <HttpError 403 when requesting https://youtube.googleapis.com/youtube/v3/commentThreads?part=snippet&videoId=gbc-xjQzO6U&maxResults=100&order=relevance&textFormat=plainText&key=AIzaSyAWm6nCpbJgc2Hk_VXTCkJ8E60Fw9HTLAE&alt=json returned "The video identified by the <code><a href="/youtube/v3/docs/commentThreads/list#videoId">videoId</a></code> parameter has disabled comments.". Details: "[{'message': 'The video identified by the <code><a href="/youtube/v3/docs/commentThreads/list#videoId">videoId</a></code> parameter has disabled comments.', 'domain': 'youtube.commentThread', 'reason': 'commentsDisabled', 'location': 'videoId', 'locationType': 'parameter'}]">
2026-09-09 18:13:20,990 WARNING Encountered 403 Forbidden with reason "commentsDisabled"
2026-09-09 18:13:20,991 WARNING Gagal ambil komentar video 34wHQfFn0XQ: <HttpError 403 when requesting https://youtube.googleapis.com/youtube/v3/commentThreads?part=snippet&videoId=34wHQfFn0XQ&maxResults=100&order=relevance&textFormat=plainText&key=AIzaSyAWm6nCpbJgc2Hk_VXTCkJ8E60Fw9HTLAE&alt=json returned "The video identified by the <code><a href="/youtube/v3/docs/commentThreads/list#videoId">videoId</a></code> parameter has disabled comments.". Details: "[{'message': 'The video identified by the <code><a href="/youtube/v3/docs/commentThreads/list#videoId">videoId</a></code> parameter has disabled comments.', 'domain': 'youtube.commentThread', 'reason': 'commentsDisabled', 'location': 'videoId', 'locationType': 'parameter'}]">
2026-09-09 18:13:21,744 WARNING Encountered 403 Forbidden with reason "commentsDisabled"
2026-09-09 18:13:21,744 WARNING Gagal ambil komentar video _bD-h-NO7JI: <HttpError 403 when requesting https://youtube.googleapis.com/youtube/v3/commentThreads?part=snippet&videoId=_bD-h-NO7JI&maxResults=100&order=relevance&textFormat=plainText&key=AIzaSyAWm6nCpbJgc2Hk_VXTCkJ8E60Fw9HTLAE&alt=json returned "The video identified by the <code><a href="/youtube/v3/docs/commentThreads/list#videoId">videoId</a></code> parameter has disabled comments.". Details: "[{'message': 'The video identified by the <code><a href="/youtube/v3/docs/commentThreads/list#videoId">videoId</a></code> parameter has disabled comments.', 'domain': 'youtube.commentThread', 'reason': 'commentsDisabled', 'location': 'videoId', 'locationType': 'parameter'}]">
2026-09-09 18:13:22,499 WARNING Encountered 403 Forbidden with reason "commentsDisabled"
2026-09-09 18:13:22,500 WARNING Gagal ambil komentar video jWRPV1mrkJc: <HttpError 403 when requesting https://youtube.googleapis.com/youtube/v3/commentThreads?part=snippet&videoId=jWRPV1mrkJc&maxResults=100&order=relevance&textFormat=plainText&key=AIzaSyAWm6nCpbJgc2Hk_VXTCkJ8E60Fw9HTLAE&alt=json returned "The video identified by the <code><a href="/youtube/v3/docs/commentThreads/list#videoId">videoId</a></code> parameter has disabled comments.". Details: "[{'message': 'The video identified by the <code><a href="/youtube/v3/docs/commentThreads/list#videoId">videoId</a></code> parameter has disabled comments.', 'domain': 'youtube.commentThread', 'reason': 'commentsDisabled', 'location': 'videoId', 'locationType': 'parameter'}]">
2026-09-09 18:13:25,469 INFO Selesai. 88 video baru, 1018 komentar baru (4 nyebut pengalaman website).
2026-09-09 18:13:31,406 INFO file_cache is only supported with oauth2client<4.0.0
2026-09-09 18:13:31,540 INFO Video yang udah ada di output/youtube_videos.csv: 1014
2026-09-09 18:13:31,547 INFO Keyword 'suap Mahkamah Agung': udah pernah di-search, skip (hemat kuota)
2026-09-09 18:13:31,547 INFO Keyword 'mafia peradilan': udah pernah di-search, skip (hemat kuota)
2026-09-09 18:13:31,547 INFO Keyword 'kode etik hakim agung': udah pernah di-search, skip (hemat kuota)
2026-09-09 18:13:31,547 INFO Keyword 'OTT hakim agung': udah pernah di-search, skip (hemat kuota)
2026-09-09 18:13:32,009 INFO Keyword 'Zarof Ricar' (channel_id=None, category=institusional, dimension=integritas_korupsi): ditemukan 1 video mentah
2026-09-09 18:13:32,815 INFO Keyword 'Hasbi Hasan MA' (channel_id=None, category=institusional, dimension=integritas_korupsi): ditemukan 15 video mentah
2026-09-09 18:13:33,588 INFO Keyword 'Nurhadi MA' (channel_id=None, category=institusional, dimension=integritas_korupsi): ditemukan 15 video mentah
2026-09-09 18:13:34,343 INFO Keyword 'Sudrajad Dimyati' (channel_id=None, category=institusional, dimension=integritas_korupsi): ditemukan 15 video mentah
2026-09-09 18:13:35,079 INFO Keyword 'Gazalba Saleh' (channel_id=None, category=institusional, dimension=integritas_korupsi): ditemukan 15 video mentah
2026-09-09 18:13:35,848 INFO Keyword 'vonis bebas kasasi MA' (channel_id=None, category=institusional, dimension=integritas_korupsi): ditemukan 15 video mentah
2026-09-09 18:13:36,659 INFO Keyword 'diskon hukuman MA' (channel_id=None, category=institusional, dimension=integritas_korupsi): ditemukan 15 video mentah
2026-09-09 18:13:37,500 INFO Keyword 'gratifikasi hakim agung' (channel_id=None, category=institusional, dimension=integritas_korupsi): ditemukan 15 video mentah
2026-09-09 18:13:38,262 INFO Keyword 'makelar kasus MA' (channel_id=None, category=institusional, dimension=integritas_korupsi): ditemukan 15 video mentah
2026-09-09 18:13:38,763 INFO Keyword 'putusan Mahkamah Agung': udah pernah di-search, skip (hemat kuota)
2026-09-09 18:13:38,763 INFO Keyword 'vonis MA': udah pernah di-search, skip (hemat kuota)
2026-09-09 18:13:38,763 INFO Keyword 'kasasi MA': udah pernah di-search, skip (hemat kuota)
2026-09-09 18:13:38,763 INFO Keyword 'peninjauan kembali MA': udah pernah di-search, skip (hemat kuota)
2026-09-09 18:13:39,003 INFO Keyword 'putusan MA pilkada' (channel_id=None, category=institusional, dimension=putusan_kontroversial): ditemukan 15 video mentah
2026-09-09 18:13:39,504 INFO Keyword 'direktori putusan MA': udah pernah di-search, skip (hemat kuota)
2026-09-09 18:13:39,504 INFO Keyword 'e-court Mahkamah Agung': udah pernah di-search, skip (hemat kuota)
2026-09-09 18:13:39,504 INFO Keyword 'SIPP pengadilan': udah pernah di-search, skip (hemat kuota)
2026-09-09 18:13:39,778 INFO Keyword 'kepercayaan publik Mahkamah Agung' (channel_id=None, category=institusional, dimension=kepercayaan_publik): ditemukan 15 video mentah
2026-09-09 18:13:40,566 INFO Keyword 'citra Mahkamah Agung' (channel_id=None, category=institusional, dimension=kepercayaan_publik): ditemukan 15 video mentah
2026-09-09 18:13:41,345 INFO Keyword 'reputasi Mahkamah Agung' (channel_id=None, category=institusional, dimension=kepercayaan_publik): ditemukan 15 video mentah
2026-09-09 18:13:42,114 INFO Keyword 'gak percaya Mahkamah Agung' (channel_id=None, category=institusional, dimension=kepercayaan_publik): ditemukan 15 video mentah
2026-09-09 18:13:42,904 INFO Keyword 'percuma lapor MA' (channel_id=None, category=institusional, dimension=kepercayaan_publik): ditemukan 15 video mentah
2026-09-09 18:13:43,675 INFO Keyword 'transparansi Mahkamah Agung' (channel_id=None, category=institusional, dimension=kepercayaan_publik): ditemukan 15 video mentah
2026-09-09 18:13:44,521 INFO Keyword 'akuntabilitas MA' (channel_id=None, category=institusional, dimension=kepercayaan_publik): ditemukan 15 video mentah
2026-09-09 18:13:45,363 INFO Keyword 'kecewa putusan MA' (channel_id=None, category=institusional, dimension=kepercayaan_publik): ditemukan 15 video mentah
2026-09-09 18:13:46,192 INFO Keyword 'hukum tumpul ke atas' (channel_id=None, category=institusional, dimension=kepercayaan_publik): ditemukan 15 video mentah
2026-09-09 18:13:46,692 INFO Keyword 'cara cari putusan online Mahkamah Agung': udah pernah di-search, skip (hemat kuota)
2026-09-09 18:13:46,693 INFO Keyword 'tutorial e-court Indonesia': udah pernah di-search, skip (hemat kuota)
2026-09-09 18:13:46,693 INFO Keyword 'cara daftar e-court': udah pernah di-search, skip (hemat kuota)
2026-09-09 18:13:46,693 INFO Keyword 'cara download putusan MA': udah pernah di-search, skip (hemat kuota)
2026-09-09 18:13:46,693 INFO Keyword 'tutorial SIPP pengadilan': udah pernah di-search, skip (hemat kuota)
2026-09-09 18:13:46,693 INFO Keyword 'cara cek jadwal sidang online': udah pernah di-search, skip (hemat kuota)
2026-09-09 18:13:46,693 INFO Keyword 'cara pakai aplikasi SIPP': udah pernah di-search, skip (hemat kuota)
2026-09-09 18:13:46,945 INFO Keyword 'males pake e-court' (channel_id=None, category=tutorial_website, dimension=layanan_digital_ux): ditemukan 15 video mentah
2026-09-09 18:13:47,690 INFO Keyword 'ribet aplikasi SIPP' (channel_id=None, category=tutorial_website, dimension=layanan_digital_ux): ditemukan 15 video mentah
2026-09-09 18:13:48,416 INFO Keyword 'gak percaya sistem pengadilan online' (channel_id=None, category=tutorial_website, dimension=layanan_digital_ux): ditemukan 15 video mentah
2026-09-09 18:13:49,103 INFO Keyword 'mending sidang manual daripada online' (channel_id=None, category=tutorial_website, dimension=layanan_digital_ux): ditemukan 15 video mentah
2026-09-09 18:13:49,988 INFO Keyword 'data pribadi aman gak e-court' (channel_id=None, category=tutorial_website, dimension=layanan_digital_ux): ditemukan 15 video mentah
2026-09-09 18:13:50,494 INFO Cache mentah disimpan: 616 video -> output/_raw_search_cache_2022.json
2026-09-09 18:13:50,496 INFO Hasil search: 496 video unik mentah, 215 dibuang (gak relevan), 0 dibuang (konten MK bukan MA), 129 udah pernah discrap (skip), 152 baru
2026-09-09 18:14:55,187 WARNING Encountered 403 Forbidden with reason "commentsDisabled"
2026-09-09 18:14:55,187 WARNING Gagal ambil komentar video umeapF0nwBE: <HttpError 403 when requesting https://youtube.googleapis.com/youtube/v3/commentThreads?part=snippet&videoId=umeapF0nwBE&maxResults=100&order=relevance&textFormat=plainText&key=AIzaSyAWm6nCpbJgc2Hk_VXTCkJ8E60Fw9HTLAE&alt=json returned "The video identified by the <code><a href="/youtube/v3/docs/commentThreads/list#videoId">videoId</a></code> parameter has disabled comments.". Details: "[{'message': 'The video identified by the <code><a href="/youtube/v3/docs/commentThreads/list#videoId">videoId</a></code> parameter has disabled comments.', 'domain': 'youtube.commentThread', 'reason': 'commentsDisabled', 'location': 'videoId', 'locationType': 'parameter'}]">
2026-09-09 18:14:56,367 WARNING Encountered 403 Forbidden with reason "commentsDisabled"
2026-09-09 18:14:56,367 WARNING Gagal ambil komentar video K3YrFKiMSg4: <HttpError 403 when requesting https://youtube.googleapis.com/youtube/v3/commentThreads?part=snippet&videoId=K3YrFKiMSg4&maxResults=100&order=relevance&textFormat=plainText&key=AIzaSyAWm6nCpbJgc2Hk_VXTCkJ8E60Fw9HTLAE&alt=json returned "The video identified by the <code><a href="/youtube/v3/docs/commentThreads/list#videoId">videoId</a></code> parameter has disabled comments.". Details: "[{'message': 'The video identified by the <code><a href="/youtube/v3/docs/commentThreads/list#videoId">videoId</a></code> parameter has disabled comments.', 'domain': 'youtube.commentThread', 'reason': 'commentsDisabled', 'location': 'videoId', 'locationType': 'parameter'}]">
2026-09-09 18:14:57,201 WARNING Encountered 403 Forbidden with reason "commentsDisabled"
2026-09-09 18:14:57,205 WARNING Gagal ambil komentar video j87PYO0X7k8: <HttpError 403 when requesting https://youtube.googleapis.com/youtube/v3/commentThreads?part=snippet&videoId=j87PYO0X7k8&maxResults=100&order=relevance&textFormat=plainText&key=AIzaSyAWm6nCpbJgc2Hk_VXTCkJ8E60Fw9HTLAE&alt=json returned "The video identified by the <code><a href="/youtube/v3/docs/commentThreads/list#videoId">videoId</a></code> parameter has disabled comments.". Details: "[{'message': 'The video identified by the <code><a href="/youtube/v3/docs/commentThreads/list#videoId">videoId</a></code> parameter has disabled comments.', 'domain': 'youtube.commentThread', 'reason': 'commentsDisabled', 'location': 'videoId', 'locationType': 'parameter'}]">
2026-09-09 18:14:59,187 WARNING Encountered 403 Forbidden with reason "commentsDisabled"
2026-09-09 18:14:59,187 WARNING Gagal ambil komentar video JX1fKfiA0y4: <HttpError 403 when requesting https://youtube.googleapis.com/youtube/v3/commentThreads?part=snippet&videoId=JX1fKfiA0y4&maxResults=100&order=relevance&textFormat=plainText&key=AIzaSyAWm6nCpbJgc2Hk_VXTCkJ8E60Fw9HTLAE&alt=json returned "The video identified by the <code><a href="/youtube/v3/docs/commentThreads/list#videoId">videoId</a></code> parameter has disabled comments.". Details: "[{'message': 'The video identified by the <code><a href="/youtube/v3/docs/commentThreads/list#videoId">videoId</a></code> parameter has disabled comments.', 'domain': 'youtube.commentThread', 'reason': 'commentsDisabled', 'location': 'videoId', 'locationType': 'parameter'}]">
2026-09-09 18:15:05,331 INFO Selesai. 152 video baru, 2344 komentar baru (26 nyebut pengalaman website).
2026-09-09 18:15:13,104 INFO file_cache is only supported with oauth2client<4.0.0
2026-09-09 18:15:13,247 INFO Video yang udah ada di output/youtube_videos.csv: 1166
2026-09-09 18:15:13,258 INFO Keyword 'suap Mahkamah Agung': udah pernah di-search, skip (hemat kuota)
2026-09-09 18:15:13,258 INFO Keyword 'mafia peradilan': udah pernah di-search, skip (hemat kuota)
2026-09-09 18:15:13,258 INFO Keyword 'kode etik hakim agung': udah pernah di-search, skip (hemat kuota)
2026-09-09 18:15:13,258 INFO Keyword 'OTT hakim agung': udah pernah di-search, skip (hemat kuota)
2026-09-09 18:15:13,793 INFO Keyword 'Zarof Ricar' (channel_id=None, category=institusional, dimension=integritas_korupsi): ditemukan 0 video mentah
2026-09-09 18:15:14,758 INFO Keyword 'Hasbi Hasan MA' (channel_id=None, category=institusional, dimension=integritas_korupsi): ditemukan 15 video mentah
2026-09-09 18:15:15,541 INFO Keyword 'Nurhadi MA' (channel_id=None, category=institusional, dimension=integritas_korupsi): ditemukan 15 video mentah
2026-09-09 18:15:16,286 INFO Keyword 'Sudrajad Dimyati' (channel_id=None, category=institusional, dimension=integritas_korupsi): ditemukan 15 video mentah
2026-09-09 18:15:17,169 INFO Keyword 'Gazalba Saleh' (channel_id=None, category=institusional, dimension=integritas_korupsi): ditemukan 15 video mentah
2026-09-09 18:15:17,956 INFO Keyword 'vonis bebas kasasi MA' (channel_id=None, category=institusional, dimension=integritas_korupsi): ditemukan 15 video mentah
2026-09-09 18:15:18,700 INFO Keyword 'diskon hukuman MA' (channel_id=None, category=institusional, dimension=integritas_korupsi): ditemukan 15 video mentah
2026-09-09 18:15:19,480 INFO Keyword 'gratifikasi hakim agung' (channel_id=None, category=institusional, dimension=integritas_korupsi): ditemukan 15 video mentah
2026-09-09 18:15:20,204 INFO Keyword 'makelar kasus MA' (channel_id=None, category=institusional, dimension=integritas_korupsi): ditemukan 15 video mentah
2026-09-09 18:15:20,705 INFO Keyword 'putusan Mahkamah Agung': udah pernah di-search, skip (hemat kuota)
2026-09-09 18:15:20,705 INFO Keyword 'vonis MA': udah pernah di-search, skip (hemat kuota)
2026-09-09 18:15:20,705 INFO Keyword 'kasasi MA': udah pernah di-search, skip (hemat kuota)
2026-09-09 18:15:20,706 INFO Keyword 'peninjauan kembali MA': udah pernah di-search, skip (hemat kuota)
2026-09-09 18:15:21,081 INFO Keyword 'putusan MA pilkada' (channel_id=None, category=institusional, dimension=putusan_kontroversial): ditemukan 15 video mentah
2026-09-09 18:15:21,581 INFO Keyword 'direktori putusan MA': udah pernah di-search, skip (hemat kuota)
2026-09-09 18:15:21,581 INFO Keyword 'e-court Mahkamah Agung': udah pernah di-search, skip (hemat kuota)
2026-09-09 18:15:21,581 INFO Keyword 'SIPP pengadilan': udah pernah di-search, skip (hemat kuota)
2026-09-09 18:15:21,859 INFO Keyword 'kepercayaan publik Mahkamah Agung' (channel_id=None, category=institusional, dimension=kepercayaan_publik): ditemukan 15 video mentah
2026-09-09 18:15:22,658 INFO Keyword 'citra Mahkamah Agung' (channel_id=None, category=institusional, dimension=kepercayaan_publik): ditemukan 15 video mentah
2026-09-09 18:15:23,487 INFO Keyword 'reputasi Mahkamah Agung' (channel_id=None, category=institusional, dimension=kepercayaan_publik): ditemukan 15 video mentah
2026-09-09 18:15:24,338 INFO Keyword 'gak percaya Mahkamah Agung' (channel_id=None, category=institusional, dimension=kepercayaan_publik): ditemukan 15 video mentah
2026-09-09 18:15:25,155 INFO Keyword 'percuma lapor MA' (channel_id=None, category=institusional, dimension=kepercayaan_publik): ditemukan 15 video mentah
2026-09-09 18:15:25,894 INFO Keyword 'transparansi Mahkamah Agung' (channel_id=None, category=institusional, dimension=kepercayaan_publik): ditemukan 15 video mentah
2026-09-09 18:15:26,678 INFO Keyword 'akuntabilitas MA' (channel_id=None, category=institusional, dimension=kepercayaan_publik): ditemukan 15 video mentah
2026-09-09 18:15:27,446 INFO Keyword 'kecewa putusan MA' (channel_id=None, category=institusional, dimension=kepercayaan_publik): ditemukan 15 video mentah
2026-09-09 18:15:28,473 INFO Keyword 'hukum tumpul ke atas' (channel_id=None, category=institusional, dimension=kepercayaan_publik): ditemukan 15 video mentah
2026-09-09 18:15:28,974 INFO Keyword 'cara cari putusan online Mahkamah Agung': udah pernah di-search, skip (hemat kuota)
2026-09-09 18:15:28,974 INFO Keyword 'tutorial e-court Indonesia': udah pernah di-search, skip (hemat kuota)
2026-09-09 18:15:28,974 INFO Keyword 'cara daftar e-court': udah pernah di-search, skip (hemat kuota)
2026-09-09 18:15:28,974 INFO Keyword 'cara download putusan MA': udah pernah di-search, skip (hemat kuota)
2026-09-09 18:15:28,974 INFO Keyword 'tutorial SIPP pengadilan': udah pernah di-search, skip (hemat kuota)
2026-09-09 18:15:28,974 INFO Keyword 'cara cek jadwal sidang online': udah pernah di-search, skip (hemat kuota)
2026-09-09 18:15:28,974 INFO Keyword 'cara pakai aplikasi SIPP': udah pernah di-search, skip (hemat kuota)
2026-09-09 18:15:29,541 INFO Keyword 'males pake e-court' (channel_id=None, category=tutorial_website, dimension=layanan_digital_ux): ditemukan 15 video mentah
2026-09-09 18:15:30,289 INFO Keyword 'ribet aplikasi SIPP' (channel_id=None, category=tutorial_website, dimension=layanan_digital_ux): ditemukan 15 video mentah
2026-09-09 18:15:31,002 INFO Keyword 'gak percaya sistem pengadilan online' (channel_id=None, category=tutorial_website, dimension=layanan_digital_ux): ditemukan 15 video mentah
2026-09-09 18:15:32,155 INFO Keyword 'mending sidang manual daripada online' (channel_id=None, category=tutorial_website, dimension=layanan_digital_ux): ditemukan 15 video mentah
2026-09-09 18:15:32,957 INFO Keyword 'data pribadi aman gak e-court' (channel_id=None, category=tutorial_website, dimension=layanan_digital_ux): ditemukan 15 video mentah
2026-09-09 18:15:33,463 INFO Cache mentah disimpan: 615 video -> output/_raw_search_cache_2023.json
2026-09-09 18:15:33,465 INFO Hasil search: 500 video unik mentah, 268 dibuang (gak relevan), 1 dibuang (konten MK bukan MA), 102 udah pernah discrap (skip), 129 baru
2026-09-09 18:15:45,722 WARNING Encountered 403 Forbidden with reason "commentsDisabled"
2026-09-09 18:15:45,723 WARNING Gagal ambil komentar video suOar4MSZy0: <HttpError 403 when requesting https://youtube.googleapis.com/youtube/v3/commentThreads?part=snippet&videoId=suOar4MSZy0&maxResults=100&order=relevance&textFormat=plainText&key=AIzaSyAWm6nCpbJgc2Hk_VXTCkJ8E60Fw9HTLAE&alt=json returned "The video identified by the <code><a href="/youtube/v3/docs/commentThreads/list#videoId">videoId</a></code> parameter has disabled comments.". Details: "[{'message': 'The video identified by the <code><a href="/youtube/v3/docs/commentThreads/list#videoId">videoId</a></code> parameter has disabled comments.', 'domain': 'youtube.commentThread', 'reason': 'commentsDisabled', 'location': 'videoId', 'locationType': 'parameter'}]">
2026-09-09 18:15:46,267 WARNING Encountered 403 Forbidden with reason "commentsDisabled"
2026-09-09 18:15:46,267 WARNING Gagal ambil komentar video c13pikbaZcE: <HttpError 403 when requesting https://youtube.googleapis.com/youtube/v3/commentThreads?part=snippet&videoId=c13pikbaZcE&maxResults=100&order=relevance&textFormat=plainText&key=AIzaSyAWm6nCpbJgc2Hk_VXTCkJ8E60Fw9HTLAE&alt=json returned "The video identified by the <code><a href="/youtube/v3/docs/commentThreads/list#videoId">videoId</a></code> parameter has disabled comments.". Details: "[{'message': 'The video identified by the <code><a href="/youtube/v3/docs/commentThreads/list#videoId">videoId</a></code> parameter has disabled comments.', 'domain': 'youtube.commentThread', 'reason': 'commentsDisabled', 'location': 'videoId', 'locationType': 'parameter'}]">
2026-09-09 18:15:51,035 WARNING Encountered 403 Forbidden with reason "commentsDisabled"
2026-09-09 18:15:51,035 WARNING Gagal ambil komentar video yrawX2vK66w: <HttpError 403 when requesting https://youtube.googleapis.com/youtube/v3/commentThreads?part=snippet&videoId=yrawX2vK66w&maxResults=100&order=relevance&textFormat=plainText&key=AIzaSyAWm6nCpbJgc2Hk_VXTCkJ8E60Fw9HTLAE&alt=json returned "The video identified by the <code><a href="/youtube/v3/docs/commentThreads/list#videoId">videoId</a></code> parameter has disabled comments.". Details: "[{'message': 'The video identified by the <code><a href="/youtube/v3/docs/commentThreads/list#videoId">videoId</a></code> parameter has disabled comments.', 'domain': 'youtube.commentThread', 'reason': 'commentsDisabled', 'location': 'videoId', 'locationType': 'parameter'}]">
2026-09-09 18:16:51,582 INFO Selesai. 129 video baru, 1774 komentar baru (15 nyebut pengalaman website).
2026-09-09 18:16:57,961 INFO file_cache is only supported with oauth2client<4.0.0
2026-09-09 18:16:58,135 INFO Video yang udah ada di output/youtube_videos.csv: 1295
2026-09-09 18:16:58,142 INFO Keyword 'suap Mahkamah Agung': udah pernah di-search, skip (hemat kuota)
2026-09-09 18:16:58,142 INFO Keyword 'mafia peradilan': udah pernah di-search, skip (hemat kuota)
2026-09-09 18:16:58,142 INFO Keyword 'kode etik hakim agung': udah pernah di-search, skip (hemat kuota)
2026-09-09 18:16:58,142 INFO Keyword 'OTT hakim agung': udah pernah di-search, skip (hemat kuota)
2026-09-09 18:16:58,626 INFO Keyword 'Zarof Ricar' (channel_id=None, category=institusional, dimension=integritas_korupsi): ditemukan 15 video mentah
2026-09-09 18:16:59,166 INFO Cache mentah disimpan: 285 video -> output/_raw_search_cache_2024.json
2026-09-09 18:16:59,166 WARNING Kuota YouTube API harian abis - run dihentikan di tengah jalan. Keyword yang belum sempat di-search bakal otomatis lanjut di run berikutnya.
2026-09-09 18:16:59,167 INFO Hasil search: 243 video unik mentah, 105 dibuang (gak relevan), 0 dibuang (konten MK bukan MA), 120 udah pernah discrap (skip), 18 baru
2026-09-09 18:17:09,081 INFO Selesai. 18 video baru, 380 komentar baru (0 nyebut pengalaman website).
2026-09-11 15:50:41,224 INFO file_cache is only supported with oauth2client<4.0.0
2026-09-11 15:50:41,769 INFO Video yang udah ada di output/youtube_videos.csv: 1313
2026-09-11 15:50:41,778 INFO Keyword 'suap Mahkamah Agung': udah pernah di-search, skip (hemat kuota)
2026-09-11 15:50:41,778 INFO Keyword 'mafia peradilan': udah pernah di-search, skip (hemat kuota)
2026-09-11 15:50:41,778 INFO Keyword 'kode etik hakim agung': udah pernah di-search, skip (hemat kuota)
2026-09-11 15:50:41,778 INFO Keyword 'OTT hakim agung': udah pernah di-search, skip (hemat kuota)
2026-09-11 15:50:41,778 INFO Keyword 'Zarof Ricar': udah pernah di-search, skip (hemat kuota)
2026-09-11 15:50:43,459 INFO Keyword 'Hasbi Hasan MA' (channel_id=None, category=institusional, dimension=integritas_korupsi): ditemukan 15 video mentah
2026-09-11 15:50:44,280 INFO Keyword 'Nurhadi MA' (channel_id=None, category=institusional, dimension=integritas_korupsi): ditemukan 15 video mentah
2026-09-11 15:50:45,153 INFO Keyword 'Sudrajad Dimyati' (channel_id=None, category=institusional, dimension=integritas_korupsi): ditemukan 15 video mentah
2026-09-11 15:50:46,228 INFO Keyword 'Gazalba Saleh' (channel_id=None, category=institusional, dimension=integritas_korupsi): ditemukan 15 video mentah
2026-09-11 15:50:47,087 INFO Keyword 'vonis bebas kasasi MA' (channel_id=None, category=institusional, dimension=integritas_korupsi): ditemukan 15 video mentah
2026-09-11 15:50:47,951 INFO Keyword 'diskon hukuman MA' (channel_id=None, category=institusional, dimension=integritas_korupsi): ditemukan 15 video mentah
2026-09-11 15:50:48,728 INFO Keyword 'gratifikasi hakim agung' (channel_id=None, category=institusional, dimension=integritas_korupsi): ditemukan 15 video mentah
2026-09-11 15:50:49,550 INFO Keyword 'makelar kasus MA' (channel_id=None, category=institusional, dimension=integritas_korupsi): ditemukan 15 video mentah
2026-09-11 15:50:50,051 INFO Keyword 'putusan Mahkamah Agung': udah pernah di-search, skip (hemat kuota)
2026-09-11 15:50:50,051 INFO Keyword 'vonis MA': udah pernah di-search, skip (hemat kuota)
2026-09-11 15:50:50,051 INFO Keyword 'kasasi MA': udah pernah di-search, skip (hemat kuota)
2026-09-11 15:50:50,051 INFO Keyword 'peninjauan kembali MA': udah pernah di-search, skip (hemat kuota)
2026-09-11 15:50:50,559 INFO Keyword 'putusan MA pilkada' (channel_id=None, category=institusional, dimension=putusan_kontroversial): ditemukan 15 video mentah
2026-09-11 15:50:51,059 INFO Keyword 'direktori putusan MA': udah pernah di-search, skip (hemat kuota)
2026-09-11 15:50:51,059 INFO Keyword 'e-court Mahkamah Agung': udah pernah di-search, skip (hemat kuota)
2026-09-11 15:50:51,059 INFO Keyword 'SIPP pengadilan': udah pernah di-search, skip (hemat kuota)
2026-09-11 15:50:51,999 INFO Keyword 'kepercayaan publik Mahkamah Agung' (channel_id=None, category=institusional, dimension=kepercayaan_publik): ditemukan 15 video mentah
2026-09-11 15:50:52,827 INFO Keyword 'citra Mahkamah Agung' (channel_id=None, category=institusional, dimension=kepercayaan_publik): ditemukan 15 video mentah
2026-09-11 15:50:53,786 INFO Keyword 'reputasi Mahkamah Agung' (channel_id=None, category=institusional, dimension=kepercayaan_publik): ditemukan 15 video mentah
2026-09-11 15:50:54,682 INFO Keyword 'gak percaya Mahkamah Agung' (channel_id=None, category=institusional, dimension=kepercayaan_publik): ditemukan 15 video mentah
2026-09-11 15:50:55,549 INFO Keyword 'percuma lapor MA' (channel_id=None, category=institusional, dimension=kepercayaan_publik): ditemukan 15 video mentah
2026-09-11 15:50:56,372 INFO Keyword 'transparansi Mahkamah Agung' (channel_id=None, category=institusional, dimension=kepercayaan_publik): ditemukan 15 video mentah
2026-09-11 15:50:57,262 INFO Keyword 'akuntabilitas MA' (channel_id=None, category=institusional, dimension=kepercayaan_publik): ditemukan 15 video mentah
2026-09-11 15:50:58,204 INFO Keyword 'kecewa putusan MA' (channel_id=None, category=institusional, dimension=kepercayaan_publik): ditemukan 15 video mentah
2026-09-11 15:51:00,431 INFO Keyword 'hukum tumpul ke atas' (channel_id=None, category=institusional, dimension=kepercayaan_publik): ditemukan 15 video mentah
2026-09-11 15:51:00,932 INFO Keyword 'cara cari putusan online Mahkamah Agung': udah pernah di-search, skip (hemat kuota)
2026-09-11 15:51:00,932 INFO Keyword 'tutorial e-court Indonesia': udah pernah di-search, skip (hemat kuota)
2026-09-11 15:51:00,932 INFO Keyword 'cara daftar e-court': udah pernah di-search, skip (hemat kuota)
2026-09-11 15:51:00,932 INFO Keyword 'cara download putusan MA': udah pernah di-search, skip (hemat kuota)
2026-09-11 15:51:00,932 INFO Keyword 'tutorial SIPP pengadilan': udah pernah di-search, skip (hemat kuota)
2026-09-11 15:51:00,932 INFO Keyword 'cara cek jadwal sidang online': udah pernah di-search, skip (hemat kuota)
2026-09-11 15:51:00,932 INFO Keyword 'cara pakai aplikasi SIPP': udah pernah di-search, skip (hemat kuota)
2026-09-11 15:51:01,544 INFO Keyword 'males pake e-court' (channel_id=None, category=tutorial_website, dimension=layanan_digital_ux): ditemukan 15 video mentah
2026-09-11 15:51:02,701 INFO Keyword 'ribet aplikasi SIPP' (channel_id=None, category=tutorial_website, dimension=layanan_digital_ux): ditemukan 15 video mentah
2026-09-11 15:51:03,524 INFO Keyword 'gak percaya sistem pengadilan online' (channel_id=None, category=tutorial_website, dimension=layanan_digital_ux): ditemukan 15 video mentah
2026-09-11 15:51:04,332 INFO Keyword 'mending sidang manual daripada online' (channel_id=None, category=tutorial_website, dimension=layanan_digital_ux): ditemukan 8 video mentah
2026-09-11 15:51:05,296 INFO Keyword 'data pribadi aman gak e-court' (channel_id=None, category=tutorial_website, dimension=layanan_digital_ux): ditemukan 15 video mentah
2026-09-11 15:51:05,817 INFO Cache mentah disimpan: 623 video -> output/_raw_search_cache_2024.json
2026-09-11 15:51:05,821 INFO Hasil search: 544 video unik mentah, 265 dibuang (gak relevan), 0 dibuang (konten MK bukan MA), 138 udah pernah discrap (skip), 141 baru
2026-09-11 15:51:15,668 WARNING Encountered 403 Forbidden with reason "commentsDisabled"
2026-09-11 15:51:15,669 WARNING Gagal ambil komentar video hP913NepPo8: <HttpError 403 when requesting https://youtube.googleapis.com/youtube/v3/commentThreads?part=snippet&videoId=hP913NepPo8&maxResults=100&order=relevance&textFormat=plainText&key=AIzaSyAWm6nCpbJgc2Hk_VXTCkJ8E60Fw9HTLAE&alt=json returned "The video identified by the <code><a href="/youtube/v3/docs/commentThreads/list#videoId">videoId</a></code> parameter has disabled comments.". Details: "[{'message': 'The video identified by the <code><a href="/youtube/v3/docs/commentThreads/list#videoId">videoId</a></code> parameter has disabled comments.', 'domain': 'youtube.commentThread', 'reason': 'commentsDisabled', 'location': 'videoId', 'locationType': 'parameter'}]">
2026-09-11 15:52:48,172 INFO Selesai. 141 video baru, 2394 komentar baru (13 nyebut pengalaman website).
2026-09-11 15:52:57,299 INFO file_cache is only supported with oauth2client<4.0.0
2026-09-11 15:52:57,657 INFO Video yang udah ada di output/youtube_videos.csv: 1454
2026-09-11 15:52:57,669 INFO Keyword 'suap Mahkamah Agung': udah pernah di-search, skip (hemat kuota)
2026-09-11 15:52:57,669 INFO Keyword 'mafia peradilan': udah pernah di-search, skip (hemat kuota)
2026-09-11 15:52:57,669 INFO Keyword 'kode etik hakim agung': udah pernah di-search, skip (hemat kuota)
2026-09-11 15:52:57,669 INFO Keyword 'OTT hakim agung': udah pernah di-search, skip (hemat kuota)
2026-09-11 15:52:58,965 INFO Keyword 'Zarof Ricar' (channel_id=None, category=institusional, dimension=integritas_korupsi): ditemukan 15 video mentah
2026-09-11 15:53:00,002 INFO Keyword 'Hasbi Hasan MA' (channel_id=None, category=institusional, dimension=integritas_korupsi): ditemukan 15 video mentah
2026-09-11 15:53:01,193 INFO Keyword 'Nurhadi MA' (channel_id=None, category=institusional, dimension=integritas_korupsi): ditemukan 15 video mentah
2026-09-11 15:53:02,017 INFO Keyword 'Sudrajad Dimyati' (channel_id=None, category=institusional, dimension=integritas_korupsi): ditemukan 15 video mentah
2026-09-11 15:53:03,428 INFO Keyword 'Gazalba Saleh' (channel_id=None, category=institusional, dimension=integritas_korupsi): ditemukan 15 video mentah
2026-09-11 15:53:04,229 INFO Keyword 'vonis bebas kasasi MA' (channel_id=None, category=institusional, dimension=integritas_korupsi): ditemukan 15 video mentah
2026-09-11 15:53:05,046 INFO Keyword 'diskon hukuman MA' (channel_id=None, category=institusional, dimension=integritas_korupsi): ditemukan 15 video mentah
2026-09-11 15:53:05,967 INFO Keyword 'gratifikasi hakim agung' (channel_id=None, category=institusional, dimension=integritas_korupsi): ditemukan 15 video mentah
2026-09-11 15:53:06,799 INFO Keyword 'makelar kasus MA' (channel_id=None, category=institusional, dimension=integritas_korupsi): ditemukan 15 video mentah
2026-09-11 15:53:07,300 INFO Keyword 'putusan Mahkamah Agung': udah pernah di-search, skip (hemat kuota)
2026-09-11 15:53:07,300 INFO Keyword 'vonis MA': udah pernah di-search, skip (hemat kuota)
2026-09-11 15:53:07,300 INFO Keyword 'kasasi MA': udah pernah di-search, skip (hemat kuota)
2026-09-11 15:53:07,300 INFO Keyword 'peninjauan kembali MA': udah pernah di-search, skip (hemat kuota)
2026-09-11 15:53:07,713 INFO Keyword 'putusan MA pilkada' (channel_id=None, category=institusional, dimension=putusan_kontroversial): ditemukan 15 video mentah
2026-09-11 15:53:08,213 INFO Keyword 'direktori putusan MA': udah pernah di-search, skip (hemat kuota)
2026-09-11 15:53:08,214 INFO Keyword 'e-court Mahkamah Agung': udah pernah di-search, skip (hemat kuota)
2026-09-11 15:53:08,214 INFO Keyword 'SIPP pengadilan': udah pernah di-search, skip (hemat kuota)
2026-09-11 15:53:08,785 INFO Keyword 'kepercayaan publik Mahkamah Agung' (channel_id=None, category=institusional, dimension=kepercayaan_publik): ditemukan 15 video mentah
2026-09-11 15:53:09,656 INFO Keyword 'citra Mahkamah Agung' (channel_id=None, category=institusional, dimension=kepercayaan_publik): ditemukan 15 video mentah
2026-09-11 15:53:10,583 INFO Keyword 'reputasi Mahkamah Agung' (channel_id=None, category=institusional, dimension=kepercayaan_publik): ditemukan 15 video mentah
2026-09-11 15:53:11,912 INFO Keyword 'gak percaya Mahkamah Agung' (channel_id=None, category=institusional, dimension=kepercayaan_publik): ditemukan 15 video mentah
2026-09-11 15:53:12,790 INFO Keyword 'percuma lapor MA' (channel_id=None, category=institusional, dimension=kepercayaan_publik): ditemukan 15 video mentah
2026-09-11 15:53:13,654 INFO Keyword 'transparansi Mahkamah Agung' (channel_id=None, category=institusional, dimension=kepercayaan_publik): ditemukan 15 video mentah
2026-09-11 15:53:14,638 INFO Keyword 'akuntabilitas MA' (channel_id=None, category=institusional, dimension=kepercayaan_publik): ditemukan 15 video mentah
2026-09-11 15:53:15,622 INFO Keyword 'kecewa putusan MA' (channel_id=None, category=institusional, dimension=kepercayaan_publik): ditemukan 15 video mentah
2026-09-11 15:53:16,512 INFO Keyword 'hukum tumpul ke atas' (channel_id=None, category=institusional, dimension=kepercayaan_publik): ditemukan 15 video mentah
2026-09-11 15:53:17,012 INFO Keyword 'cara cari putusan online Mahkamah Agung': udah pernah di-search, skip (hemat kuota)
2026-09-11 15:53:17,013 INFO Keyword 'tutorial e-court Indonesia': udah pernah di-search, skip (hemat kuota)
2026-09-11 15:53:17,013 INFO Keyword 'cara daftar e-court': udah pernah di-search, skip (hemat kuota)
2026-09-11 15:53:17,013 INFO Keyword 'cara download putusan MA': udah pernah di-search, skip (hemat kuota)
2026-09-11 15:53:17,013 INFO Keyword 'tutorial SIPP pengadilan': udah pernah di-search, skip (hemat kuota)
2026-09-11 15:53:17,013 INFO Keyword 'cara cek jadwal sidang online': udah pernah di-search, skip (hemat kuota)
2026-09-11 15:53:17,013 INFO Keyword 'cara pakai aplikasi SIPP': udah pernah di-search, skip (hemat kuota)
2026-09-11 15:53:17,451 INFO Keyword 'males pake e-court' (channel_id=None, category=tutorial_website, dimension=layanan_digital_ux): ditemukan 15 video mentah
2026-09-11 15:53:18,189 INFO Keyword 'ribet aplikasi SIPP' (channel_id=None, category=tutorial_website, dimension=layanan_digital_ux): ditemukan 15 video mentah
2026-09-11 15:53:19,330 INFO Keyword 'gak percaya sistem pengadilan online' (channel_id=None, category=tutorial_website, dimension=layanan_digital_ux): ditemukan 15 video mentah
2026-09-11 15:53:20,415 INFO Keyword 'mending sidang manual daripada online' (channel_id=None, category=tutorial_website, dimension=layanan_digital_ux): ditemukan 15 video mentah
2026-09-11 15:53:21,305 INFO Keyword 'data pribadi aman gak e-court' (channel_id=None, category=tutorial_website, dimension=layanan_digital_ux): ditemukan 15 video mentah
2026-09-11 15:53:21,819 INFO Cache mentah disimpan: 360 video -> output/_raw_search_cache_2025.json
2026-09-11 15:53:21,826 INFO Hasil search: 352 video unik mentah, 205 dibuang (gak relevan), 0 dibuang (konten MK bukan MA), 14 udah pernah discrap (skip), 133 baru
2026-09-11 15:54:03,494 WARNING Encountered 403 Forbidden with reason "commentsDisabled"
2026-09-11 15:54:03,495 WARNING Gagal ambil komentar video 0285CylkCOo: <HttpError 403 when requesting https://youtube.googleapis.com/youtube/v3/commentThreads?part=snippet&videoId=0285CylkCOo&maxResults=100&order=relevance&textFormat=plainText&key=AIzaSyAWm6nCpbJgc2Hk_VXTCkJ8E60Fw9HTLAE&alt=json returned "The video identified by the <code><a href="/youtube/v3/docs/commentThreads/list#videoId">videoId</a></code> parameter has disabled comments.". Details: "[{'message': 'The video identified by the <code><a href="/youtube/v3/docs/commentThreads/list#videoId">videoId</a></code> parameter has disabled comments.', 'domain': 'youtube.commentThread', 'reason': 'commentsDisabled', 'location': 'videoId', 'locationType': 'parameter'}]">
2026-09-11 15:54:29,630 WARNING Encountered 403 Forbidden with reason "commentsDisabled"
2026-09-11 15:54:29,630 WARNING Gagal ambil komentar video CrBGbjkPRyE: <HttpError 403 when requesting https://youtube.googleapis.com/youtube/v3/commentThreads?part=snippet&videoId=CrBGbjkPRyE&maxResults=100&order=relevance&textFormat=plainText&key=AIzaSyAWm6nCpbJgc2Hk_VXTCkJ8E60Fw9HTLAE&alt=json returned "The video identified by the <code><a href="/youtube/v3/docs/commentThreads/list#videoId">videoId</a></code> parameter has disabled comments.". Details: "[{'message': 'The video identified by the <code><a href="/youtube/v3/docs/commentThreads/list#videoId">videoId</a></code> parameter has disabled comments.', 'domain': 'youtube.commentThread', 'reason': 'commentsDisabled', 'location': 'videoId', 'locationType': 'parameter'}]">
2026-09-11 15:54:47,044 INFO Selesai. 133 video baru, 2484 komentar baru (16 nyebut pengalaman website).
